SOURCE_PATH	SIZE	CATEGORY	REASON
/Users/sethadmin/ZZ_ARCHIVE_HOLD_iCloudDriveArchive_DO_NOT_USE_AS_ACTIVE_ROOT_20260524/Housing_Subsidy_Research/Sources_and_Citations/Citation_Template.md	4.0K	CITATIONS_SOURCES	Possible citation/source registry material
/Users/sethadmin/ZZ_ARCHIVE_HOLD_iCloudDriveArchive_DO_NOT_USE_AS_ACTIVE_ROOT_20260524/Desktop/HousingPolicyResearch_Archive/HousingPolicyResearch-1_BACKUP/references/.gitkeep	0B	CITATIONS_SOURCES	Possible citation/source registry material
/Users/sethadmin/ZZ_ARCHIVE_HOLD_iCloudDriveArchive_DO_NOT_USE_AS_ACTIVE_ROOT_20260524/Desktop/HousingPolicyResearch_Archive/HousingPolicyResearch-1_BACKUP/docs/.gitkeep_resources	4.0K	CITATIONS_SOURCES	Possible citation/source registry material
/Users/sethadmin/ZZ_ARCHIVE_HOLD_iCloudDriveArchive_DO_NOT_USE_AS_ACTIVE_ROOT_20260524/Desktop/HousingPolicyResearch_Archive/HousingPolicyResearch-1_BACKUP/docs/resources.csv	8.0K	CITATIONS_SOURCES	Possible citation/source registry material
/Users/sethadmin/ZZ_ARCHIVE_HOLD_iCloudDriveArchive_DO_NOT_USE_AS_ACTIVE_ROOT_20260524/Desktop/HousingPolicyResearch_Archive/HousingPolicyResearch-1_BACKUP/docs/resources-summary.md	16K	CITATIONS_SOURCES	Possible citation/source registry material
/Users/sethadmin/ZZ_ARCHIVE_HOLD_iCloudDriveArchive_DO_NOT_USE_AS_ACTIVE_ROOT_20260524/Desktop/HousingPolicyResearch_Archive/HousingPolicyResearch-1_BACKUP/docs/resources-index.md	20K	CITATIONS_SOURCES	Possible citation/source registry material
/Users/sethadmin/ZZ_ARCHIVE_HOLD_iCloudDriveArchive_DO_NOT_USE_AS_ACTIVE_ROOT_20260524/Desktop/HousingPolicyResearch_Archive/HousingPolicyResearch-1_BACKUP/docs/exports/legal-frameworks/PART_V_Legal_Framework_With_APA_Citations.md	36K	CITATIONS_SOURCES	Possible citation/source registry material
/Users/sethadmin/ZZ_ARCHIVE_HOLD_iCloudDriveArchive_DO_NOT_USE_AS_ACTIVE_ROOT_20260524/Desktop/HousingPolicyResearch_Archive/HousingPolicyResearch-1_BACKUP/docs/exports/policy-reports/MASTER_Works_Cited_APA_7th.md	16K	CITATIONS_SOURCES	Possible citation/source registry material
/Users/sethadmin/ZZ_ARCHIVE_HOLD_iCloudDriveArchive_DO_NOT_USE_AS_ACTIVE_ROOT_20260524/Desktop/Desktop - SFMacBook Pro M5/Grammarly_quarantine/Grammarly Desktop.app/Contents/CodeResources	8.0K	CITATIONS_SOURCES	Possible citation/source registry material
/Users/sethadmin/ZZ_ARCHIVE_HOLD_iCloudDriveArchive_DO_NOT_USE_AS_ACTIVE_ROOT_20260524/Desktop/Desktop - SFMacBook Pro M5/Grammarly_quarantine/Grammarly Desktop.app/Contents/_CodeSignature/CodeResources	32K	CITATIONS_SOURCES	Possible citation/source registry material
/Users/sethadmin/ZZ_ARCHIVE_HOLD_iCloudDriveArchive_DO_NOT_USE_AS_ACTIVE_ROOT_20260524/Desktop/Desktop - SFMacBook Pro M5/Grammarly_quarantine/Grammarly Desktop.app/Contents/Resources/AppIcon.icns	48K	CITATIONS_SOURCES	Possible citation/source registry material
/Users/sethadmin/ZZ_ARCHIVE_HOLD_iCloudDriveArchive_DO_NOT_USE_AS_ACTIVE_ROOT_20260524/Desktop/Desktop - SFMacBook Pro M5/Grammarly_quarantine/Grammarly Desktop.app/Contents/Resources/SwiftProtobuf_SwiftProtobuf.bundle/Contents/Resources/PrivacyInfo.xcprivacy	4.0K	CITATIONS_SOURCES	Possible citation/source registry material
/Users/sethadmin/ZZ_ARCHIVE_HOLD_iCloudDriveArchive_DO_NOT_USE_AS_ACTIVE_ROOT_20260524/Desktop/Desktop - SFMacBook Pro M5/Grammarly_quarantine/Grammarly Desktop.app/Contents/Resources/SwiftProtobuf_SwiftProtobuf.bundle/Contents/Info.plist	4.0K	CITATIONS_SOURCES	Possible citation/source registry material
/Users/sethadmin/ZZ_ARCHIVE_HOLD_iCloudDriveArchive_DO_NOT_USE_AS_ACTIVE_ROOT_20260524/Desktop/Desktop - SFMacBook Pro M5/Grammarly_quarantine/Grammarly Desktop.app/Contents/Resources/MainMenu.nib	12K	CITATIONS_SOURCES	Possible citation/source registry material
/Users/sethadmin/ZZ_ARCHIVE_HOLD_iCloudDriveArchive_DO_NOT_USE_AS_ACTIVE_ROOT_20260524/Desktop/Desktop - SFMacBook Pro M5/Grammarly_quarantine/Grammarly Desktop.app/Contents/Resources/Assets.car	1.5M	CITATIONS_SOURCES	Possible citation/source registry material
/Users/sethadmin/ZZ_ARCHIVE_HOLD_iCloudDriveArchive_DO_NOT_USE_AS_ACTIVE_ROOT_20260524/Desktop/Desktop - SFMacBook Pro M5/Grammarly_quarantine/Grammarly Desktop.app/Contents/XPCServices/Grammarly Desktop Web Content.xpc/Contents/_CodeSignature/CodeResources	4.0K	CITATIONS_SOURCES	Possible citation/source registry material
/Users/sethadmin/ZZ_ARCHIVE_HOLD_iCloudDriveArchive_DO_NOT_USE_AS_ACTIVE_ROOT_20260524/Desktop/Desktop - SFMacBook Pro M5/Grammarly_quarantine/Grammarly Desktop.app/Contents/XPCServices/Grammarly Desktop Web Content.xpc/Contents/Resources/AppIcon.icns	48K	CITATIONS_SOURCES	Possible citation/source registry material
/Users/sethadmin/ZZ_ARCHIVE_HOLD_iCloudDriveArchive_DO_NOT_USE_AS_ACTIVE_ROOT_20260524/Desktop/Desktop - SFMacBook Pro M5/Grammarly_quarantine/Grammarly Desktop.app/Contents/XPCServices/Grammarly Desktop Web Content.xpc/Contents/Resources/Assets.car	1.5M	CITATIONS_SOURCES	Possible citation/source registry material
/Users/sethadmin/ZZ_ARCHIVE_HOLD_iCloudDriveArchive_DO_NOT_USE_AS_ACTIVE_ROOT_20260524/Desktop/Desktop - SFMacBook Pro M5/Grammarly_quarantine/Grammarly Desktop.app/Contents/XPCServices/GRLlamaOnboarding.xpc/Contents/_CodeSignature/CodeResources	4.0K	CITATIONS_SOURCES	Possible citation/source registry material
/Users/sethadmin/ZZ_ARCHIVE_HOLD_iCloudDriveArchive_DO_NOT_USE_AS_ACTIVE_ROOT_20260524/Desktop/Desktop - SFMacBook Pro M5/Grammarly_quarantine/Grammarly Desktop.app/Contents/XPCServices/GRLlamaOnboarding.xpc/Contents/Resources/AppIcon.icns	48K	CITATIONS_SOURCES	Possible citation/source registry material
/Users/sethadmin/ZZ_ARCHIVE_HOLD_iCloudDriveArchive_DO_NOT_USE_AS_ACTIVE_ROOT_20260524/Desktop/Desktop - SFMacBook Pro M5/Grammarly_quarantine/Grammarly Desktop.app/Contents/XPCServices/GRLlamaOnboarding.xpc/Contents/Resources/MainMenu.nib	12K	CITATIONS_SOURCES	Possible citation/source registry material
/Users/sethadmin/ZZ_ARCHIVE_HOLD_iCloudDriveArchive_DO_NOT_USE_AS_ACTIVE_ROOT_20260524/Desktop/Desktop - SFMacBook Pro M5/Grammarly_quarantine/Grammarly Desktop.app/Contents/XPCServices/GRLlamaOnboarding.xpc/Contents/Resources/Assets.car	1.5M	CITATIONS_SOURCES	Possible citation/source registry material
/Users/sethadmin/ZZ_ARCHIVE_HOLD_iCloudDriveArchive_DO_NOT_USE_AS_ACTIVE_ROOT_20260524/Desktop/Desktop - SFMacBook Pro M5/Grammarly_quarantine/Grammarly Desktop.app/Contents/Frameworks/ProjectLlamaContent.framework/Versions/A/_CodeSignature/CodeResources	32K	CITATIONS_SOURCES	Possible citation/source registry material
/Users/sethadmin/ZZ_ARCHIVE_HOLD_iCloudDriveArchive_DO_NOT_USE_AS_ACTIVE_ROOT_20260524/Desktop/Desktop - SFMacBook Pro M5/Grammarly_quarantine/Grammarly Desktop.app/Contents/Frameworks/ProjectLlamaContent.framework/Versions/A/Resources/runtime.js	68K	CITATIONS_SOURCES	Possible citation/source registry material
/Users/sethadmin/ZZ_ARCHIVE_HOLD_iCloudDriveArchive_DO_NOT_USE_AS_ACTIVE_ROOT_20260524/Desktop/Desktop - SFMacBook Pro M5/Grammarly_quarantine/Grammarly Desktop.app/Contents/Frameworks/ProjectLlamaContent.framework/Versions/A/Resources/KH_Onboarding_1.mp4	396K	CITATIONS_SOURCES	Possible citation/source registry material
/Users/sethadmin/ZZ_ARCHIVE_HOLD_iCloudDriveArchive_DO_NOT_USE_AS_ACTIVE_ROOT_20260524/Desktop/Desktop - SFMacBook Pro M5/Grammarly_quarantine/Grammarly Desktop.app/Contents/Frameworks/ProjectLlamaContent.framework/Versions/A/Resources/KH_Onboarding_3.mp4	352K	CITATIONS_SOURCES	Possible citation/source registry material
/Users/sethadmin/ZZ_ARCHIVE_HOLD_iCloudDriveArchive_DO_NOT_USE_AS_ACTIVE_ROOT_20260524/Desktop/Desktop - SFMacBook Pro M5/Grammarly_quarantine/Grammarly Desktop.app/Contents/Frameworks/ProjectLlamaContent.framework/Versions/A/Resources/KH_Onboarding_2.mp4	1.1M	CITATIONS_SOURCES	Possible citation/source registry material
/Users/sethadmin/ZZ_ARCHIVE_HOLD_iCloudDriveArchive_DO_NOT_USE_AS_ACTIVE_ROOT_20260524/Desktop/Desktop - SFMacBook Pro M5/Grammarly_quarantine/Grammarly Desktop.app/Contents/Frameworks/ProjectLlamaContent.framework/Versions/A/Resources/GRAMMARLY DESKTOP (MAC) OSS ATTRIBUTIONS.pdf	64K	CITATIONS_SOURCES	Possible citation/source registry material
/Users/sethadmin/ZZ_ARCHIVE_HOLD_iCloudDriveArchive_DO_NOT_USE_AS_ACTIVE_ROOT_20260524/Desktop/Desktop - SFMacBook Pro M5/Grammarly_quarantine/Grammarly Desktop.app/Contents/Frameworks/ProjectLlamaContent.framework/Versions/A/Resources/Notch-Context-Switcher.mp4	3.5M	CITATIONS_SOURCES	Possible citation/source registry material
/Users/sethadmin/ZZ_ARCHIVE_HOLD_iCloudDriveArchive_DO_NOT_USE_AS_ACTIVE_ROOT_20260524/Desktop/Desktop - SFMacBook Pro M5/Grammarly_quarantine/Grammarly Desktop.app/Contents/Frameworks/ProjectLlamaContent.framework/Versions/A/Resources/Notch-Intro.mp4	5.0M	CITATIONS_SOURCES	Possible citation/source registry material
/Users/sethadmin/ZZ_ARCHIVE_HOLD_iCloudDriveArchive_DO_NOT_USE_AS_ACTIVE_ROOT_20260524/Desktop/Desktop - SFMacBook Pro M5/Grammarly_quarantine/Grammarly Desktop.app/Contents/Frameworks/ProjectLlamaContent.framework/Versions/A/Resources/Assets.car	5.0M	CITATIONS_SOURCES	Possible citation/source registry material
/Users/sethadmin/ZZ_ARCHIVE_HOLD_iCloudDriveArchive_DO_NOT_USE_AS_ACTIVE_ROOT_20260524/Desktop/Desktop - SFMacBook Pro M5/Grammarly_quarantine/Grammarly Desktop.app/Contents/Frameworks/ProjectLlamaContent.framework/Versions/A/Resources/Notch-Placement.mp4	3.0M	CITATIONS_SOURCES	Possible citation/source registry material
/Users/sethadmin/ZZ_ARCHIVE_HOLD_iCloudDriveArchive_DO_NOT_USE_AS_ACTIVE_ROOT_20260524/Desktop/Desktop - SFMacBook Pro M5/Grammarly_quarantine/Grammarly Desktop.app/Contents/Frameworks/ProjectLlamaContent.framework/Versions/A/Resources/GOSJavaScriptCoreMessageTransport.js	4.0K	CITATIONS_SOURCES	Possible citation/source registry material
/Users/sethadmin/ZZ_ARCHIVE_HOLD_iCloudDriveArchive_DO_NOT_USE_AS_ACTIVE_ROOT_20260524/Desktop/Desktop - SFMacBook Pro M5/Grammarly_quarantine/Grammarly Desktop.app/Contents/Frameworks/ProjectLlamaContent.framework/Versions/A/Resources/TouchTypistArmedSound.m4a	80K	CITATIONS_SOURCES	Possible citation/source registry material
/Users/sethadmin/ZZ_ARCHIVE_HOLD_iCloudDriveArchive_DO_NOT_USE_AS_ACTIVE_ROOT_20260524/Desktop/Desktop - SFMacBook Pro M5/Grammarly_quarantine/Grammarly Desktop.app/Contents/Frameworks/ProjectLlamaContent.framework/Versions/A/Resources/Fonts/MatterforGrammarly-Heavy.ttf	88K	CITATIONS_SOURCES	Possible citation/source registry material
/Users/sethadmin/ZZ_ARCHIVE_HOLD_iCloudDriveArchive_DO_NOT_USE_AS_ACTIVE_ROOT_20260524/Desktop/Desktop - SFMacBook Pro M5/Grammarly_quarantine/Grammarly Desktop.app/Contents/Frameworks/ProjectLlamaContent.framework/Versions/A/Resources/Fonts/Inter-Medium.ttf	308K	CITATIONS_SOURCES	Possible citation/source registry material
/Users/sethadmin/ZZ_ARCHIVE_HOLD_iCloudDriveArchive_DO_NOT_USE_AS_ACTIVE_ROOT_20260524/Desktop/Desktop - SFMacBook Pro M5/Grammarly_quarantine/Grammarly Desktop.app/Contents/Frameworks/ProjectLlamaContent.framework/Versions/A/Resources/Fonts/MatterforGrammarly-Medium.ttf	88K	CITATIONS_SOURCES	Possible citation/source registry material
/Users/sethadmin/ZZ_ARCHIVE_HOLD_iCloudDriveArchive_DO_NOT_USE_AS_ACTIVE_ROOT_20260524/Desktop/Desktop - SFMacBook Pro M5/Grammarly_quarantine/Grammarly Desktop.app/Contents/Frameworks/ProjectLlamaContent.framework/Versions/A/Resources/Fonts/Inter-Bold.ttf	392K	CITATIONS_SOURCES	Possible citation/source registry material
/Users/sethadmin/ZZ_ARCHIVE_HOLD_iCloudDriveArchive_DO_NOT_USE_AS_ACTIVE_ROOT_20260524/Desktop/Desktop - SFMacBook Pro M5/Grammarly_quarantine/Grammarly Desktop.app/Contents/Frameworks/ProjectLlamaContent.framework/Versions/A/Resources/Fonts/Inter-Regular.ttf	376K	CITATIONS_SOURCES	Possible citation/source registry material
/Users/sethadmin/ZZ_ARCHIVE_HOLD_iCloudDriveArchive_DO_NOT_USE_AS_ACTIVE_ROOT_20260524/Desktop/Desktop - SFMacBook Pro M5/Grammarly_quarantine/Grammarly Desktop.app/Contents/Frameworks/ProjectLlamaContent.framework/Versions/A/Resources/Fonts/MatterforGrammarly-Regular.ttf	88K	CITATIONS_SOURCES	Possible citation/source registry material
/Users/sethadmin/ZZ_ARCHIVE_HOLD_iCloudDriveArchive_DO_NOT_USE_AS_ACTIVE_ROOT_20260524/Desktop/Desktop - SFMacBook Pro M5/Grammarly_quarantine/Grammarly Desktop.app/Contents/Frameworks/ProjectLlamaContent.framework/Versions/A/Resources/Fonts/Inter-BoldItalic.ttf	396K	CITATIONS_SOURCES	Possible citation/source registry material
/Users/sethadmin/ZZ_ARCHIVE_HOLD_iCloudDriveArchive_DO_NOT_USE_AS_ACTIVE_ROOT_20260524/Desktop/Desktop - SFMacBook Pro M5/Grammarly_quarantine/Grammarly Desktop.app/Contents/Frameworks/ProjectLlamaContent.framework/Versions/A/Resources/Fonts/MatterforGrammarly-Bold.ttf	88K	CITATIONS_SOURCES	Possible citation/source registry material
/Users/sethadmin/ZZ_ARCHIVE_HOLD_iCloudDriveArchive_DO_NOT_USE_AS_ACTIVE_ROOT_20260524/Desktop/Desktop - SFMacBook Pro M5/Grammarly_quarantine/Grammarly Desktop.app/Contents/Frameworks/ProjectLlamaContent.framework/Versions/A/Resources/Fonts/Inter-Italic.ttf	384K	CITATIONS_SOURCES	Possible citation/source registry material
/Users/sethadmin/ZZ_ARCHIVE_HOLD_iCloudDriveArchive_DO_NOT_USE_AS_ACTIVE_ROOT_20260524/Desktop/Desktop - SFMacBook Pro M5/Grammarly_quarantine/Grammarly Desktop.app/Contents/Frameworks/ProjectLlamaContent.framework/Versions/A/Resources/Fonts/MatterforGrammarly-SemiBold.ttf	88K	CITATIONS_SOURCES	Possible citation/source registry material
/Users/sethadmin/ZZ_ARCHIVE_HOLD_iCloudDriveArchive_DO_NOT_USE_AS_ACTIVE_ROOT_20260524/Desktop/Desktop - SFMacBook Pro M5/Grammarly_quarantine/Grammarly Desktop.app/Contents/Frameworks/ProjectLlamaContent.framework/Versions/A/Resources/TouchTypistAppliedSound.m4a	80K	CITATIONS_SOURCES	Possible citation/source registry material
/Users/sethadmin/ZZ_ARCHIVE_HOLD_iCloudDriveArchive_DO_NOT_USE_AS_ACTIVE_ROOT_20260524/Desktop/Desktop - SFMacBook Pro M5/Grammarly_quarantine/Grammarly Desktop.app/Contents/Frameworks/ProjectLlamaContent.framework/Versions/A/Resources/Info.plist	4.0K	CITATIONS_SOURCES	Possible citation/source registry material
/Users/sethadmin/ZZ_ARCHIVE_HOLD_iCloudDriveArchive_DO_NOT_USE_AS_ACTIVE_ROOT_20260524/Desktop/Desktop - SFMacBook Pro M5/Grammarly_quarantine/Grammarly Desktop.app/Contents/Frameworks/ProjectLlamaContent.framework/Versions/A/Resources/GOSJavaScriptNativeMethods.js	4.0K	CITATIONS_SOURCES	Possible citation/source registry material
/Users/sethadmin/ZZ_ARCHIVE_HOLD_iCloudDriveArchive_DO_NOT_USE_AS_ACTIVE_ROOT_20260524/Desktop/Desktop - SFMacBook Pro M5/Grammarly_quarantine/Grammarly Desktop.app/Contents/Frameworks/ProjectLlamaContent.framework/Versions/A/Frameworks/OpenAPIRuntime_-69B1240F2F7780A2_PackageProduct.framework/Versions/A/_CodeSignature/CodeResources	4.0K	CITATIONS_SOURCES	Possible citation/source registry material
/Users/sethadmin/ZZ_ARCHIVE_HOLD_iCloudDriveArchive_DO_NOT_USE_AS_ACTIVE_ROOT_20260524/Desktop/Desktop - SFMacBook Pro M5/Grammarly_quarantine/Grammarly Desktop.app/Contents/Frameworks/ProjectLlamaContent.framework/Versions/A/Frameworks/OpenAPIRuntime_-69B1240F2F7780A2_PackageProduct.framework/Versions/A/Resources/Info.plist	4.0K	CITATIONS_SOURCES	Possible citation/source registry material
/Users/sethadmin/ZZ_ARCHIVE_HOLD_iCloudDriveArchive_DO_NOT_USE_AS_ACTIVE_ROOT_20260524/Desktop/Desktop - SFMacBook Pro M5/Grammarly_quarantine/Grammarly Desktop.app/Contents/Frameworks/ProjectLlamaContent.framework/Versions/A/Frameworks/OpenAPIURLSession_577DC41420760B54_PackageProduct.framework/Versions/A/_CodeSignature/CodeResources	4.0K	CITATIONS_SOURCES	Possible citation/source registry material
/Users/sethadmin/ZZ_ARCHIVE_HOLD_iCloudDriveArchive_DO_NOT_USE_AS_ACTIVE_ROOT_20260524/Desktop/Desktop - SFMacBook Pro M5/Grammarly_quarantine/Grammarly Desktop.app/Contents/Frameworks/ProjectLlamaContent.framework/Versions/A/Frameworks/OpenAPIURLSession_577DC41420760B54_PackageProduct.framework/Versions/A/Resources/Info.plist	4.0K	CITATIONS_SOURCES	Possible citation/source registry material
/Users/sethadmin/ZZ_ARCHIVE_HOLD_iCloudDriveArchive_DO_NOT_USE_AS_ACTIVE_ROOT_20260524/Desktop/Desktop - SFMacBook Pro M5/Grammarly_quarantine/Grammarly Desktop.app/Contents/Frameworks/ProjectLlamaContent.framework/Versions/A/Frameworks/WebUI.framework/Versions/A/_CodeSignature/CodeResources	4.0K	CITATIONS_SOURCES	Possible citation/source registry material
/Users/sethadmin/ZZ_ARCHIVE_HOLD_iCloudDriveArchive_DO_NOT_USE_AS_ACTIVE_ROOT_20260524/Desktop/Desktop - SFMacBook Pro M5/Grammarly_quarantine/Grammarly Desktop.app/Contents/Frameworks/ProjectLlamaContent.framework/Versions/A/Frameworks/WebUI.framework/Versions/A/Resources/Info.plist	4.0K	CITATIONS_SOURCES	Possible citation/source registry material
/Users/sethadmin/ZZ_ARCHIVE_HOLD_iCloudDriveArchive_DO_NOT_USE_AS_ACTIVE_ROOT_20260524/Desktop/Desktop - SFMacBook Pro M5/Grammarly_quarantine/Grammarly Desktop.app/Contents/Frameworks/ProjectLlamaContent.framework/Versions/A/Frameworks/WebUI.framework/Versions/A/Helpers/Grammarly Web UI.app/Contents/_CodeSignature/CodeResources	4.0K	CITATIONS_SOURCES	Possible citation/source registry material
/Users/sethadmin/ZZ_ARCHIVE_HOLD_iCloudDriveArchive_DO_NOT_USE_AS_ACTIVE_ROOT_20260524/Desktop/Desktop - SFMacBook Pro M5/Grammarly_quarantine/Grammarly Desktop.app/Contents/Frameworks/ProjectLlamaContent.framework/Versions/A/Frameworks/WebUI.framework/Versions/A/Helpers/Grammarly Web UI.app/Contents/Resources/icon.icns	172K	CITATIONS_SOURCES	Possible citation/source registry material
/Users/sethadmin/ZZ_ARCHIVE_HOLD_iCloudDriveArchive_DO_NOT_USE_AS_ACTIVE_ROOT_20260524/Desktop/Desktop - SFMacBook Pro M5/Grammarly_quarantine/Grammarly Desktop.app/Contents/Frameworks/ProjectLlamaContent.framework/Versions/A/Frameworks/GRDox.framework/Versions/A/_CodeSignature/CodeResources	4.0K	CITATIONS_SOURCES	Possible citation/source registry material
/Users/sethadmin/ZZ_ARCHIVE_HOLD_iCloudDriveArchive_DO_NOT_USE_AS_ACTIVE_ROOT_20260524/Desktop/Desktop - SFMacBook Pro M5/Grammarly_quarantine/Grammarly Desktop.app/Contents/Frameworks/ProjectLlamaContent.framework/Versions/A/Frameworks/GRDox.framework/Versions/A/Resources/Info.plist	4.0K	CITATIONS_SOURCES	Possible citation/source registry material
/Users/sethadmin/ZZ_ARCHIVE_HOLD_iCloudDriveArchive_DO_NOT_USE_AS_ACTIVE_ROOT_20260524/Desktop/Desktop - SFMacBook Pro M5/Grammarly_quarantine/Grammarly Desktop.app/Contents/Frameworks/ProjectLlamaContent.framework/Versions/A/Frameworks/AVIModels_2A84CAD3BB04A54D_PackageProduct.framework/Versions/A/_CodeSignature/CodeResources	4.0K	CITATIONS_SOURCES	Possible citation/source registry material
/Users/sethadmin/ZZ_ARCHIVE_HOLD_iCloudDriveArchive_DO_NOT_USE_AS_ACTIVE_ROOT_20260524/Desktop/Desktop - SFMacBook Pro M5/Grammarly_quarantine/Grammarly Desktop.app/Contents/Frameworks/ProjectLlamaContent.framework/Versions/A/Frameworks/AVIModels_2A84CAD3BB04A54D_PackageProduct.framework/Versions/A/Resources/Info.plist	4.0K	CITATIONS_SOURCES	Possible citation/source registry material
/Users/sethadmin/ZZ_ARCHIVE_HOLD_iCloudDriveArchive_DO_NOT_USE_AS_ACTIVE_ROOT_20260524/Desktop/Desktop - SFMacBook Pro M5/Grammarly_quarantine/Grammarly Desktop.app/Contents/Frameworks/ProjectLlamaContent.framework/Versions/A/Frameworks/ZIPFoundation.framework/Versions/A/_CodeSignature/CodeResources	4.0K	CITATIONS_SOURCES	Possible citation/source registry material
/Users/sethadmin/ZZ_ARCHIVE_HOLD_iCloudDriveArchive_DO_NOT_USE_AS_ACTIVE_ROOT_20260524/Desktop/Desktop - SFMacBook Pro M5/Grammarly_quarantine/Grammarly Desktop.app/Contents/Frameworks/ProjectLlamaContent.framework/Versions/A/Frameworks/ZIPFoundation.framework/Versions/A/Resources/PrivacyInfo.xcprivacy	4.0K	CITATIONS_SOURCES	Possible citation/source registry material
/Users/sethadmin/ZZ_ARCHIVE_HOLD_iCloudDriveArchive_DO_NOT_USE_AS_ACTIVE_ROOT_20260524/Desktop/Desktop - SFMacBook Pro M5/Grammarly_quarantine/Grammarly Desktop.app/Contents/Frameworks/ProjectLlamaContent.framework/Versions/A/Frameworks/ZIPFoundation.framework/Versions/A/Resources/Info.plist	4.0K	CITATIONS_SOURCES	Possible citation/source registry material
/Users/sethadmin/ZZ_ARCHIVE_HOLD_iCloudDriveArchive_DO_NOT_USE_AS_ACTIVE_ROOT_20260524/Desktop/Desktop - SFMacBook Pro M5/Grammarly_quarantine/Grammarly Desktop.app/Contents/Frameworks/ProjectLlamaContent.framework/Versions/A/Frameworks/GROAuth2.framework/Versions/A/_CodeSignature/CodeResources	4.0K	CITATIONS_SOURCES	Possible citation/source registry material
/Users/sethadmin/ZZ_ARCHIVE_HOLD_iCloudDriveArchive_DO_NOT_USE_AS_ACTIVE_ROOT_20260524/Desktop/Desktop - SFMacBook Pro M5/Grammarly_quarantine/Grammarly Desktop.app/Contents/Frameworks/ProjectLlamaContent.framework/Versions/A/Frameworks/GROAuth2.framework/Versions/A/Resources/Info.plist	4.0K	CITATIONS_SOURCES	Possible citation/source registry material
/Users/sethadmin/ZZ_ARCHIVE_HOLD_iCloudDriveArchive_DO_NOT_USE_AS_ACTIVE_ROOT_20260524/Desktop/Desktop - SFMacBook Pro M5/Grammarly_quarantine/Grammarly Desktop.app/Contents/Frameworks/ProjectLlamaContent.framework/Versions/A/Frameworks/GRNativeMessagingCore.framework/Versions/A/_CodeSignature/CodeResources	4.0K	CITATIONS_SOURCES	Possible citation/source registry material
/Users/sethadmin/ZZ_ARCHIVE_HOLD_iCloudDriveArchive_DO_NOT_USE_AS_ACTIVE_ROOT_20260524/Desktop/Desktop - SFMacBook Pro M5/Grammarly_quarantine/Grammarly Desktop.app/Contents/Frameworks/ProjectLlamaContent.framework/Versions/A/Frameworks/GRNativeMessagingCore.framework/Versions/A/Resources/Info.plist	4.0K	CITATIONS_SOURCES	Possible citation/source registry material
/Users/sethadmin/ZZ_ARCHIVE_HOLD_iCloudDriveArchive_DO_NOT_USE_AS_ACTIVE_ROOT_20260524/Desktop/Desktop - SFMacBook Pro M5/Grammarly_quarantine/Grammarly Desktop.app/Contents/Frameworks/ProjectLlamaContent.framework/Versions/A/Frameworks/GRPassport.framework/Versions/A/_CodeSignature/CodeResources	4.0K	CITATIONS_SOURCES	Possible citation/source registry material
/Users/sethadmin/ZZ_ARCHIVE_HOLD_iCloudDriveArchive_DO_NOT_USE_AS_ACTIVE_ROOT_20260524/Desktop/Desktop - SFMacBook Pro M5/Grammarly_quarantine/Grammarly Desktop.app/Contents/Frameworks/ProjectLlamaContent.framework/Versions/A/Frameworks/GRPassport.framework/Versions/A/Resources/Info.plist	4.0K	CITATIONS_SOURCES	Possible citation/source registry material
/Users/sethadmin/ZZ_ARCHIVE_HOLD_iCloudDriveArchive_DO_NOT_USE_AS_ACTIVE_ROOT_20260524/Desktop/Desktop - SFMacBook Pro M5/Grammarly_quarantine/Grammarly Desktop.app/Contents/Frameworks/ProjectLlamaContent.framework/Versions/A/Frameworks/Sparkle.framework/Versions/A/_CodeSignature/CodeResources	68K	CITATIONS_SOURCES	Possible citation/source registry material
/Users/sethadmin/ZZ_ARCHIVE_HOLD_iCloudDriveArchive_DO_NOT_USE_AS_ACTIVE_ROOT_20260524/Desktop/Desktop - SFMacBook Pro M5/Grammarly_quarantine/Grammarly Desktop.app/Contents/Frameworks/ProjectLlamaContent.framework/Versions/A/Frameworks/Sparkle.framework/Versions/A/Resources/de.lproj/Sparkle.strings	12K	CITATIONS_SOURCES	Possible citation/source registry material
/Users/sethadmin/ZZ_ARCHIVE_HOLD_iCloudDriveArchive_DO_NOT_USE_AS_ACTIVE_ROOT_20260524/Desktop/Desktop - SFMacBook Pro M5/Grammarly_quarantine/Grammarly Desktop.app/Contents/Frameworks/ProjectLlamaContent.framework/Versions/A/Frameworks/Sparkle.framework/Versions/A/Resources/de.lproj/SUAutomaticUpdateAlert.strings	4.0K	CITATIONS_SOURCES	Possible citation/source registry material
/Users/sethadmin/ZZ_ARCHIVE_HOLD_iCloudDriveArchive_DO_NOT_USE_AS_ACTIVE_ROOT_20260524/Desktop/Desktop - SFMacBook Pro M5/Grammarly_quarantine/Grammarly Desktop.app/Contents/Frameworks/ProjectLlamaContent.framework/Versions/A/Frameworks/Sparkle.framework/Versions/A/Resources/de.lproj/SUUpdatePermissionPrompt.strings	4.0K	CITATIONS_SOURCES	Possible citation/source registry material
/Users/sethadmin/ZZ_ARCHIVE_HOLD_iCloudDriveArchive_DO_NOT_USE_AS_ACTIVE_ROOT_20260524/Desktop/Desktop - SFMacBook Pro M5/Grammarly_quarantine/Grammarly Desktop.app/Contents/Frameworks/ProjectLlamaContent.framework/Versions/A/Frameworks/Sparkle.framework/Versions/A/Resources/de.lproj/SUUpdateAlert.strings	4.0K	CITATIONS_SOURCES	Possible citation/source registry material
/Users/sethadmin/ZZ_ARCHIVE_HOLD_iCloudDriveArchive_DO_NOT_USE_AS_ACTIVE_ROOT_20260524/Desktop/Desktop - SFMacBook Pro M5/Grammarly_quarantine/Grammarly Desktop.app/Contents/Frameworks/ProjectLlamaContent.framework/Versions/A/Frameworks/Sparkle.framework/Versions/A/Resources/he.lproj/Sparkle.strings	8.0K	CITATIONS_SOURCES	Possible citation/source registry material
/Users/sethadmin/ZZ_ARCHIVE_HOLD_iCloudDriveArchive_DO_NOT_USE_AS_ACTIVE_ROOT_20260524/Desktop/Desktop - SFMacBook Pro M5/Grammarly_quarantine/Grammarly Desktop.app/Contents/Frameworks/ProjectLlamaContent.framework/Versions/A/Frameworks/Sparkle.framework/Versions/A/Resources/he.lproj/SUAutomaticUpdateAlert.strings	4.0K	CITATIONS_SOURCES	Possible citation/source registry material
/Users/sethadmin/ZZ_ARCHIVE_HOLD_iCloudDriveArchive_DO_NOT_USE_AS_ACTIVE_ROOT_20260524/Desktop/Desktop - SFMacBook Pro M5/Grammarly_quarantine/Grammarly Desktop.app/Contents/Frameworks/ProjectLlamaContent.framework/Versions/A/Frameworks/Sparkle.framework/Versions/A/Resources/he.lproj/SUUpdateAlert.strings	4.0K	CITATIONS_SOURCES	Possible citation/source registry material
/Users/sethadmin/ZZ_ARCHIVE_HOLD_iCloudDriveArchive_DO_NOT_USE_AS_ACTIVE_ROOT_20260524/Desktop/Desktop - SFMacBook Pro M5/Grammarly_quarantine/Grammarly Desktop.app/Contents/Frameworks/ProjectLlamaContent.framework/Versions/A/Frameworks/Sparkle.framework/Versions/A/Resources/ar.lproj/Sparkle.strings	12K	CITATIONS_SOURCES	Possible citation/source registry material
/Users/sethadmin/ZZ_ARCHIVE_HOLD_iCloudDriveArchive_DO_NOT_USE_AS_ACTIVE_ROOT_20260524/Desktop/Desktop - SFMacBook Pro M5/Grammarly_quarantine/Grammarly Desktop.app/Contents/Frameworks/ProjectLlamaContent.framework/Versions/A/Frameworks/Sparkle.framework/Versions/A/Resources/ar.lproj/SUAutomaticUpdateAlert.strings	4.0K	CITATIONS_SOURCES	Possible citation/source registry material
/Users/sethadmin/ZZ_ARCHIVE_HOLD_iCloudDriveArchive_DO_NOT_USE_AS_ACTIVE_ROOT_20260524/Desktop/Desktop - SFMacBook Pro M5/Grammarly_quarantine/Grammarly Desktop.app/Contents/Frameworks/ProjectLlamaContent.framework/Versions/A/Frameworks/Sparkle.framework/Versions/A/Resources/ar.lproj/SUUpdatePermissionPrompt.strings	4.0K	CITATIONS_SOURCES	Possible citation/source registry material
/Users/sethadmin/ZZ_ARCHIVE_HOLD_iCloudDriveArchive_DO_NOT_USE_AS_ACTIVE_ROOT_20260524/Desktop/Desktop - SFMacBook Pro M5/Grammarly_quarantine/Grammarly Desktop.app/Contents/Frameworks/ProjectLlamaContent.framework/Versions/A/Frameworks/Sparkle.framework/Versions/A/Resources/ar.lproj/SUUpdateAlert.strings	4.0K	CITATIONS_SOURCES	Possible citation/source registry material
/Users/sethadmin/ZZ_ARCHIVE_HOLD_iCloudDriveArchive_DO_NOT_USE_AS_ACTIVE_ROOT_20260524/Desktop/Desktop - SFMacBook Pro M5/Grammarly_quarantine/Grammarly Desktop.app/Contents/Frameworks/ProjectLlamaContent.framework/Versions/A/Frameworks/Sparkle.framework/Versions/A/Resources/el.lproj/Sparkle.strings	8.0K	CITATIONS_SOURCES	Possible citation/source registry material
/Users/sethadmin/ZZ_ARCHIVE_HOLD_iCloudDriveArchive_DO_NOT_USE_AS_ACTIVE_ROOT_20260524/Desktop/Desktop - SFMacBook Pro M5/Grammarly_quarantine/Grammarly Desktop.app/Contents/Frameworks/ProjectLlamaContent.framework/Versions/A/Frameworks/Sparkle.framework/Versions/A/Resources/el.lproj/SUAutomaticUpdateAlert.strings	4.0K	CITATIONS_SOURCES	Possible citation/source registry material
/Users/sethadmin/ZZ_ARCHIVE_HOLD_iCloudDriveArchive_DO_NOT_USE_AS_ACTIVE_ROOT_20260524/Desktop/Desktop - SFMacBook Pro M5/Grammarly_quarantine/Grammarly Desktop.app/Contents/Frameworks/ProjectLlamaContent.framework/Versions/A/Frameworks/Sparkle.framework/Versions/A/Resources/el.lproj/SUUpdatePermissionPrompt.strings	4.0K	CITATIONS_SOURCES	Possible citation/source registry material
/Users/sethadmin/ZZ_ARCHIVE_HOLD_iCloudDriveArchive_DO_NOT_USE_AS_ACTIVE_ROOT_20260524/Desktop/Desktop - SFMacBook Pro M5/Grammarly_quarantine/Grammarly Desktop.app/Contents/Frameworks/ProjectLlamaContent.framework/Versions/A/Frameworks/Sparkle.framework/Versions/A/Resources/el.lproj/SUUpdateAlert.strings	4.0K	CITATIONS_SOURCES	Possible citation/source registry material
/Users/sethadmin/ZZ_ARCHIVE_HOLD_iCloudDriveArchive_DO_NOT_USE_AS_ACTIVE_ROOT_20260524/Desktop/Desktop - SFMacBook Pro M5/Grammarly_quarantine/Grammarly Desktop.app/Contents/Frameworks/ProjectLlamaContent.framework/Versions/A/Frameworks/Sparkle.framework/Versions/A/Resources/ja.lproj/Sparkle.strings	12K	CITATIONS_SOURCES	Possible citation/source registry material
/Users/sethadmin/ZZ_ARCHIVE_HOLD_iCloudDriveArchive_DO_NOT_USE_AS_ACTIVE_ROOT_20260524/Desktop/Desktop - SFMacBook Pro M5/Grammarly_quarantine/Grammarly Desktop.app/Contents/Frameworks/ProjectLlamaContent.framework/Versions/A/Frameworks/Sparkle.framework/Versions/A/Resources/ja.lproj/SUAutomaticUpdateAlert.strings	4.0K	CITATIONS_SOURCES	Possible citation/source registry material
/Users/sethadmin/ZZ_ARCHIVE_HOLD_iCloudDriveArchive_DO_NOT_USE_AS_ACTIVE_ROOT_20260524/Desktop/Desktop - SFMacBook Pro M5/Grammarly_quarantine/Grammarly Desktop.app/Contents/Frameworks/ProjectLlamaContent.framework/Versions/A/Frameworks/Sparkle.framework/Versions/A/Resources/ja.lproj/SUUpdatePermissionPrompt.strings	4.0K	CITATIONS_SOURCES	Possible citation/source registry material
/Users/sethadmin/ZZ_ARCHIVE_HOLD_iCloudDriveArchive_DO_NOT_USE_AS_ACTIVE_ROOT_20260524/Desktop/Desktop - SFMacBook Pro M5/Grammarly_quarantine/Grammarly Desktop.app/Contents/Frameworks/ProjectLlamaContent.framework/Versions/A/Frameworks/Sparkle.framework/Versions/A/Resources/ja.lproj/SUUpdateAlert.strings	4.0K	CITATIONS_SOURCES	Possible citation/source registry material
/Users/sethadmin/ZZ_ARCHIVE_HOLD_iCloudDriveArchive_DO_NOT_USE_AS_ACTIVE_ROOT_20260524/Desktop/Desktop - SFMacBook Pro M5/Grammarly_quarantine/Grammarly Desktop.app/Contents/Frameworks/ProjectLlamaContent.framework/Versions/A/Frameworks/Sparkle.framework/Versions/A/Resources/en.lproj/SUAutomaticUpdateAlert.strings	4.0K	CITATIONS_SOURCES	Possible citation/source registry material
/Users/sethadmin/ZZ_ARCHIVE_HOLD_iCloudDriveArchive_DO_NOT_USE_AS_ACTIVE_ROOT_20260524/Desktop/Desktop - SFMacBook Pro M5/Grammarly_quarantine/Grammarly Desktop.app/Contents/Frameworks/ProjectLlamaContent.framework/Versions/A/Frameworks/Sparkle.framework/Versions/A/Resources/en.lproj/SUUpdatePermissionPrompt.strings	4.0K	CITATIONS_SOURCES	Possible citation/source registry material
/Users/sethadmin/ZZ_ARCHIVE_HOLD_iCloudDriveArchive_DO_NOT_USE_AS_ACTIVE_ROOT_20260524/Desktop/Desktop - SFMacBook Pro M5/Grammarly_quarantine/Grammarly Desktop.app/Contents/Frameworks/ProjectLlamaContent.framework/Versions/A/Frameworks/Sparkle.framework/Versions/A/Resources/en.lproj/SUUpdateAlert.strings	4.0K	CITATIONS_SOURCES	Possible citation/source registry material
/Users/sethadmin/ZZ_ARCHIVE_HOLD_iCloudDriveArchive_DO_NOT_USE_AS_ACTIVE_ROOT_20260524/Desktop/Desktop - SFMacBook Pro M5/Grammarly_quarantine/Grammarly Desktop.app/Contents/Frameworks/ProjectLlamaContent.framework/Versions/A/Frameworks/Sparkle.framework/Versions/A/Resources/SUModelTranslation.plist	12K	CITATIONS_SOURCES	Possible citation/source registry material
/Users/sethadmin/ZZ_ARCHIVE_HOLD_iCloudDriveArchive_DO_NOT_USE_AS_ACTIVE_ROOT_20260524/Desktop/Desktop - SFMacBook Pro M5/Grammarly_quarantine/Grammarly Desktop.app/Contents/Frameworks/ProjectLlamaContent.framework/Versions/A/Frameworks/Sparkle.framework/Versions/A/Resources/uk.lproj/Sparkle.strings	8.0K	CITATIONS_SOURCES	Possible citation/source registry material
/Users/sethadmin/ZZ_ARCHIVE_HOLD_iCloudDriveArchive_DO_NOT_USE_AS_ACTIVE_ROOT_20260524/Desktop/Desktop - SFMacBook Pro M5/Grammarly_quarantine/Grammarly Desktop.app/Contents/Frameworks/ProjectLlamaContent.framework/Versions/A/Frameworks/Sparkle.framework/Versions/A/Resources/uk.lproj/SUUpdatePermissionPrompt.strings	4.0K	CITATIONS_SOURCES	Possible citation/source registry material
/Users/sethadmin/ZZ_ARCHIVE_HOLD_iCloudDriveArchive_DO_NOT_USE_AS_ACTIVE_ROOT_20260524/Desktop/Desktop - SFMacBook Pro M5/Grammarly_quarantine/Grammarly Desktop.app/Contents/Frameworks/ProjectLlamaContent.framework/Versions/A/Frameworks/Sparkle.framework/Versions/A/Resources/uk.lproj/SUUpdateAlert.strings	4.0K	CITATIONS_SOURCES	Possible citation/source registry material
/Users/sethadmin/ZZ_ARCHIVE_HOLD_iCloudDriveArchive_DO_NOT_USE_AS_ACTIVE_ROOT_20260524/Desktop/Desktop - SFMacBook Pro M5/Grammarly_quarantine/Grammarly Desktop.app/Contents/Frameworks/ProjectLlamaContent.framework/Versions/A/Frameworks/Sparkle.framework/Versions/A/Resources/zh_CN.lproj/Sparkle.strings	8.0K	CITATIONS_SOURCES	Possible citation/source registry material
/Users/sethadmin/ZZ_ARCHIVE_HOLD_iCloudDriveArchive_DO_NOT_USE_AS_ACTIVE_ROOT_20260524/Desktop/Desktop - SFMacBook Pro M5/Grammarly_quarantine/Grammarly Desktop.app/Contents/Frameworks/ProjectLlamaContent.framework/Versions/A/Frameworks/Sparkle.framework/Versions/A/Resources/zh_CN.lproj/SUAutomaticUpdateAlert.strings	4.0K	CITATIONS_SOURCES	Possible citation/source registry material
/Users/sethadmin/ZZ_ARCHIVE_HOLD_iCloudDriveArchive_DO_NOT_USE_AS_ACTIVE_ROOT_20260524/Desktop/Desktop - SFMacBook Pro M5/Grammarly_quarantine/Grammarly Desktop.app/Contents/Frameworks/ProjectLlamaContent.framework/Versions/A/Frameworks/Sparkle.framework/Versions/A/Resources/zh_CN.lproj/SUUpdatePermissionPrompt.strings	4.0K	CITATIONS_SOURCES	Possible citation/source registry material
/Users/sethadmin/ZZ_ARCHIVE_HOLD_iCloudDriveArchive_DO_NOT_USE_AS_ACTIVE_ROOT_20260524/Desktop/Desktop - SFMacBook Pro M5/Grammarly_quarantine/Grammarly Desktop.app/Contents/Frameworks/ProjectLlamaContent.framework/Versions/A/Frameworks/Sparkle.framework/Versions/A/Resources/zh_CN.lproj/SUUpdateAlert.strings	4.0K	CITATIONS_SOURCES	Possible citation/source registry material
/Users/sethadmin/ZZ_ARCHIVE_HOLD_iCloudDriveArchive_DO_NOT_USE_AS_ACTIVE_ROOT_20260524/Desktop/Desktop - SFMacBook Pro M5/Grammarly_quarantine/Grammarly Desktop.app/Contents/Frameworks/ProjectLlamaContent.framework/Versions/A/Frameworks/Sparkle.framework/Versions/A/Resources/nb.lproj/Sparkle.strings	12K	CITATIONS_SOURCES	Possible citation/source registry material
/Users/sethadmin/ZZ_ARCHIVE_HOLD_iCloudDriveArchive_DO_NOT_USE_AS_ACTIVE_ROOT_20260524/Desktop/Desktop - SFMacBook Pro M5/Grammarly_quarantine/Grammarly Desktop.app/Contents/Frameworks/ProjectLlamaContent.framework/Versions/A/Frameworks/Sparkle.framework/Versions/A/Resources/nb.lproj/SUAutomaticUpdateAlert.strings	4.0K	CITATIONS_SOURCES	Possible citation/source registry material
/Users/sethadmin/ZZ_ARCHIVE_HOLD_iCloudDriveArchive_DO_NOT_USE_AS_ACTIVE_ROOT_20260524/Desktop/Desktop - SFMacBook Pro M5/Grammarly_quarantine/Grammarly Desktop.app/Contents/Frameworks/ProjectLlamaContent.framework/Versions/A/Frameworks/Sparkle.framework/Versions/A/Resources/nb.lproj/SUUpdatePermissionPrompt.strings	4.0K	CITATIONS_SOURCES	Possible citation/source registry material
/Users/sethadmin/ZZ_ARCHIVE_HOLD_iCloudDriveArchive_DO_NOT_USE_AS_ACTIVE_ROOT_20260524/Desktop/Desktop - SFMacBook Pro M5/Grammarly_quarantine/Grammarly Desktop.app/Contents/Frameworks/ProjectLlamaContent.framework/Versions/A/Frameworks/Sparkle.framework/Versions/A/Resources/nb.lproj/SUUpdateAlert.strings	4.0K	CITATIONS_SOURCES	Possible citation/source registry material
/Users/sethadmin/ZZ_ARCHIVE_HOLD_iCloudDriveArchive_DO_NOT_USE_AS_ACTIVE_ROOT_20260524/Desktop/Desktop - SFMacBook Pro M5/Grammarly_quarantine/Grammarly Desktop.app/Contents/Frameworks/ProjectLlamaContent.framework/Versions/A/Frameworks/Sparkle.framework/Versions/A/Resources/es.lproj/Sparkle.strings	12K	CITATIONS_SOURCES	Possible citation/source registry material
/Users/sethadmin/ZZ_ARCHIVE_HOLD_iCloudDriveArchive_DO_NOT_USE_AS_ACTIVE_ROOT_20260524/Desktop/Desktop - SFMacBook Pro M5/Grammarly_quarantine/Grammarly Desktop.app/Contents/Frameworks/ProjectLlamaContent.framework/Versions/A/Frameworks/Sparkle.framework/Versions/A/Resources/es.lproj/SUAutomaticUpdateAlert.strings	4.0K	CITATIONS_SOURCES	Possible citation/source registry material
/Users/sethadmin/ZZ_ARCHIVE_HOLD_iCloudDriveArchive_DO_NOT_USE_AS_ACTIVE_ROOT_20260524/Desktop/Desktop - SFMacBook Pro M5/Grammarly_quarantine/Grammarly Desktop.app/Contents/Frameworks/ProjectLlamaContent.framework/Versions/A/Frameworks/Sparkle.framework/Versions/A/Resources/es.lproj/SUUpdatePermissionPrompt.strings	4.0K	CITATIONS_SOURCES	Possible citation/source registry material
/Users/sethadmin/ZZ_ARCHIVE_HOLD_iCloudDriveArchive_DO_NOT_USE_AS_ACTIVE_ROOT_20260524/Desktop/Desktop - SFMacBook Pro M5/Grammarly_quarantine/Grammarly Desktop.app/Contents/Frameworks/ProjectLlamaContent.framework/Versions/A/Frameworks/Sparkle.framework/Versions/A/Resources/es.lproj/SUUpdateAlert.strings	4.0K	CITATIONS_SOURCES	Possible citation/source registry material
/Users/sethadmin/ZZ_ARCHIVE_HOLD_iCloudDriveArchive_DO_NOT_USE_AS_ACTIVE_ROOT_20260524/Desktop/Desktop - SFMacBook Pro M5/Grammarly_quarantine/Grammarly Desktop.app/Contents/Frameworks/ProjectLlamaContent.framework/Versions/A/Frameworks/Sparkle.framework/Versions/A/Resources/is.lproj/Sparkle.strings	8.0K	CITATIONS_SOURCES	Possible citation/source registry material
/Users/sethadmin/ZZ_ARCHIVE_HOLD_iCloudDriveArchive_DO_NOT_USE_AS_ACTIVE_ROOT_20260524/Desktop/Desktop - SFMacBook Pro M5/Grammarly_quarantine/Grammarly Desktop.app/Contents/Frameworks/ProjectLlamaContent.framework/Versions/A/Frameworks/Sparkle.framework/Versions/A/Resources/is.lproj/SUAutomaticUpdateAlert.strings	4.0K	CITATIONS_SOURCES	Possible citation/source registry material
/Users/sethadmin/ZZ_ARCHIVE_HOLD_iCloudDriveArchive_DO_NOT_USE_AS_ACTIVE_ROOT_20260524/Desktop/Desktop - SFMacBook Pro M5/Grammarly_quarantine/Grammarly Desktop.app/Contents/Frameworks/ProjectLlamaContent.framework/Versions/A/Frameworks/Sparkle.framework/Versions/A/Resources/is.lproj/SUUpdatePermissionPrompt.strings	4.0K	CITATIONS_SOURCES	Possible citation/source registry material
/Users/sethadmin/ZZ_ARCHIVE_HOLD_iCloudDriveArchive_DO_NOT_USE_AS_ACTIVE_ROOT_20260524/Desktop/Desktop - SFMacBook Pro M5/Grammarly_quarantine/Grammarly Desktop.app/Contents/Frameworks/ProjectLlamaContent.framework/Versions/A/Frameworks/Sparkle.framework/Versions/A/Resources/is.lproj/SUUpdateAlert.strings	4.0K	CITATIONS_SOURCES	Possible citation/source registry material
/Users/sethadmin/ZZ_ARCHIVE_HOLD_iCloudDriveArchive_DO_NOT_USE_AS_ACTIVE_ROOT_20260524/Desktop/Desktop - SFMacBook Pro M5/Grammarly_quarantine/Grammarly Desktop.app/Contents/Frameworks/ProjectLlamaContent.framework/Versions/A/Frameworks/Sparkle.framework/Versions/A/Resources/sl.lproj/Sparkle.strings	8.0K	CITATIONS_SOURCES	Possible citation/source registry material
/Users/sethadmin/ZZ_ARCHIVE_HOLD_iCloudDriveArchive_DO_NOT_USE_AS_ACTIVE_ROOT_20260524/Desktop/Desktop - SFMacBook Pro M5/Grammarly_quarantine/Grammarly Desktop.app/Contents/Frameworks/ProjectLlamaContent.framework/Versions/A/Frameworks/Sparkle.framework/Versions/A/Resources/sl.lproj/SUAutomaticUpdateAlert.strings	4.0K	CITATIONS_SOURCES	Possible citation/source registry material
/Users/sethadmin/ZZ_ARCHIVE_HOLD_iCloudDriveArchive_DO_NOT_USE_AS_ACTIVE_ROOT_20260524/Desktop/Desktop - SFMacBook Pro M5/Grammarly_quarantine/Grammarly Desktop.app/Contents/Frameworks/ProjectLlamaContent.framework/Versions/A/Frameworks/Sparkle.framework/Versions/A/Resources/sl.lproj/SUUpdatePermissionPrompt.strings	4.0K	CITATIONS_SOURCES	Possible citation/source registry material
/Users/sethadmin/ZZ_ARCHIVE_HOLD_iCloudDriveArchive_DO_NOT_USE_AS_ACTIVE_ROOT_20260524/Desktop/Desktop - SFMacBook Pro M5/Grammarly_quarantine/Grammarly Desktop.app/Contents/Frameworks/ProjectLlamaContent.framework/Versions/A/Frameworks/Sparkle.framework/Versions/A/Resources/sl.lproj/SUUpdateAlert.strings	4.0K	CITATIONS_SOURCES	Possible citation/source registry material
/Users/sethadmin/ZZ_ARCHIVE_HOLD_iCloudDriveArchive_DO_NOT_USE_AS_ACTIVE_ROOT_20260524/Desktop/Desktop - SFMacBook Pro M5/Grammarly_quarantine/Grammarly Desktop.app/Contents/Frameworks/ProjectLlamaContent.framework/Versions/A/Frameworks/Sparkle.framework/Versions/A/Resources/pt_BR.lproj/Sparkle.strings	12K	CITATIONS_SOURCES	Possible citation/source registry material
/Users/sethadmin/ZZ_ARCHIVE_HOLD_iCloudDriveArchive_DO_NOT_USE_AS_ACTIVE_ROOT_20260524/Desktop/Desktop - SFMacBook Pro M5/Grammarly_quarantine/Grammarly Desktop.app/Contents/Frameworks/ProjectLlamaContent.framework/Versions/A/Frameworks/Sparkle.framework/Versions/A/Resources/pt_BR.lproj/SUAutomaticUpdateAlert.strings	4.0K	CITATIONS_SOURCES	Possible citation/source registry material
/Users/sethadmin/ZZ_ARCHIVE_HOLD_iCloudDriveArchive_DO_NOT_USE_AS_ACTIVE_ROOT_20260524/Desktop/Desktop - SFMacBook Pro M5/Grammarly_quarantine/Grammarly Desktop.app/Contents/Frameworks/ProjectLlamaContent.framework/Versions/A/Frameworks/Sparkle.framework/Versions/A/Resources/pt_BR.lproj/SUUpdatePermissionPrompt.strings	4.0K	CITATIONS_SOURCES	Possible citation/source registry material
/Users/sethadmin/ZZ_ARCHIVE_HOLD_iCloudDriveArchive_DO_NOT_USE_AS_ACTIVE_ROOT_20260524/Desktop/Desktop - SFMacBook Pro M5/Grammarly_quarantine/Grammarly Desktop.app/Contents/Frameworks/ProjectLlamaContent.framework/Versions/A/Frameworks/Sparkle.framework/Versions/A/Resources/pt_BR.lproj/SUUpdateAlert.strings	4.0K	CITATIONS_SOURCES	Possible citation/source registry material
/Users/sethadmin/ZZ_ARCHIVE_HOLD_iCloudDriveArchive_DO_NOT_USE_AS_ACTIVE_ROOT_20260524/Desktop/Desktop - SFMacBook Pro M5/Grammarly_quarantine/Grammarly Desktop.app/Contents/Frameworks/ProjectLlamaContent.framework/Versions/A/Frameworks/Sparkle.framework/Versions/A/Resources/da.lproj/Sparkle.strings	12K	CITATIONS_SOURCES	Possible citation/source registry material
/Users/sethadmin/ZZ_ARCHIVE_HOLD_iCloudDriveArchive_DO_NOT_USE_AS_ACTIVE_ROOT_20260524/Desktop/Desktop - SFMacBook Pro M5/Grammarly_quarantine/Grammarly Desktop.app/Contents/Frameworks/ProjectLlamaContent.framework/Versions/A/Frameworks/Sparkle.framework/Versions/A/Resources/da.lproj/SUAutomaticUpdateAlert.strings	4.0K	CITATIONS_SOURCES	Possible citation/source registry material
/Users/sethadmin/ZZ_ARCHIVE_HOLD_iCloudDriveArchive_DO_NOT_USE_AS_ACTIVE_ROOT_20260524/Desktop/Desktop - SFMacBook Pro M5/Grammarly_quarantine/Grammarly Desktop.app/Contents/Frameworks/ProjectLlamaContent.framework/Versions/A/Frameworks/Sparkle.framework/Versions/A/Resources/da.lproj/SUUpdatePermissionPrompt.strings	4.0K	CITATIONS_SOURCES	Possible citation/source registry material
/Users/sethadmin/ZZ_ARCHIVE_HOLD_iCloudDriveArchive_DO_NOT_USE_AS_ACTIVE_ROOT_20260524/Desktop/Desktop - SFMacBook Pro M5/Grammarly_quarantine/Grammarly Desktop.app/Contents/Frameworks/ProjectLlamaContent.framework/Versions/A/Frameworks/Sparkle.framework/Versions/A/Resources/da.lproj/SUUpdateAlert.strings	4.0K	CITATIONS_SOURCES	Possible citation/source registry material
/Users/sethadmin/ZZ_ARCHIVE_HOLD_iCloudDriveArchive_DO_NOT_USE_AS_ACTIVE_ROOT_20260524/Desktop/Desktop - SFMacBook Pro M5/Grammarly_quarantine/Grammarly Desktop.app/Contents/Frameworks/ProjectLlamaContent.framework/Versions/A/Frameworks/Sparkle.framework/Versions/A/Resources/it.lproj/Sparkle.strings	12K	CITATIONS_SOURCES	Possible citation/source registry material
/Users/sethadmin/ZZ_ARCHIVE_HOLD_iCloudDriveArchive_DO_NOT_USE_AS_ACTIVE_ROOT_20260524/Desktop/Desktop - SFMacBook Pro M5/Grammarly_quarantine/Grammarly Desktop.app/Contents/Frameworks/ProjectLlamaContent.framework/Versions/A/Frameworks/Sparkle.framework/Versions/A/Resources/it.lproj/SUAutomaticUpdateAlert.strings	4.0K	CITATIONS_SOURCES	Possible citation/source registry material
/Users/sethadmin/ZZ_ARCHIVE_HOLD_iCloudDriveArchive_DO_NOT_USE_AS_ACTIVE_ROOT_20260524/Desktop/Desktop - SFMacBook Pro M5/Grammarly_quarantine/Grammarly Desktop.app/Contents/Frameworks/ProjectLlamaContent.framework/Versions/A/Frameworks/Sparkle.framework/Versions/A/Resources/it.lproj/SUUpdatePermissionPrompt.strings	4.0K	CITATIONS_SOURCES	Possible citation/source registry material
/Users/sethadmin/ZZ_ARCHIVE_HOLD_iCloudDriveArchive_DO_NOT_USE_AS_ACTIVE_ROOT_20260524/Desktop/Desktop - SFMacBook Pro M5/Grammarly_quarantine/Grammarly Desktop.app/Contents/Frameworks/ProjectLlamaContent.framework/Versions/A/Frameworks/Sparkle.framework/Versions/A/Resources/it.lproj/SUUpdateAlert.strings	4.0K	CITATIONS_SOURCES	Possible citation/source registry material
/Users/sethadmin/ZZ_ARCHIVE_HOLD_iCloudDriveArchive_DO_NOT_USE_AS_ACTIVE_ROOT_20260524/Desktop/Desktop - SFMacBook Pro M5/Grammarly_quarantine/Grammarly Desktop.app/Contents/Frameworks/ProjectLlamaContent.framework/Versions/A/Frameworks/Sparkle.framework/Versions/A/Resources/sk.lproj/Sparkle.strings	8.0K	CITATIONS_SOURCES	Possible citation/source registry material
/Users/sethadmin/ZZ_ARCHIVE_HOLD_iCloudDriveArchive_DO_NOT_USE_AS_ACTIVE_ROOT_20260524/Desktop/Desktop - SFMacBook Pro M5/Grammarly_quarantine/Grammarly Desktop.app/Contents/Frameworks/ProjectLlamaContent.framework/Versions/A/Frameworks/Sparkle.framework/Versions/A/Resources/sk.lproj/SUAutomaticUpdateAlert.strings	4.0K	CITATIONS_SOURCES	Possible citation/source registry material
/Users/sethadmin/ZZ_ARCHIVE_HOLD_iCloudDriveArchive_DO_NOT_USE_AS_ACTIVE_ROOT_20260524/Desktop/Desktop - SFMacBook Pro M5/Grammarly_quarantine/Grammarly Desktop.app/Contents/Frameworks/ProjectLlamaContent.framework/Versions/A/Frameworks/Sparkle.framework/Versions/A/Resources/sk.lproj/SUUpdatePermissionPrompt.strings	4.0K	CITATIONS_SOURCES	Possible citation/source registry material
/Users/sethadmin/ZZ_ARCHIVE_HOLD_iCloudDriveArchive_DO_NOT_USE_AS_ACTIVE_ROOT_20260524/Desktop/Desktop - SFMacBook Pro M5/Grammarly_quarantine/Grammarly Desktop.app/Contents/Frameworks/ProjectLlamaContent.framework/Versions/A/Frameworks/Sparkle.framework/Versions/A/Resources/sk.lproj/SUUpdateAlert.strings	4.0K	CITATIONS_SOURCES	Possible citation/source registry material
/Users/sethadmin/ZZ_ARCHIVE_HOLD_iCloudDriveArchive_DO_NOT_USE_AS_ACTIVE_ROOT_20260524/Desktop/Desktop - SFMacBook Pro M5/Grammarly_quarantine/Grammarly Desktop.app/Contents/Frameworks/ProjectLlamaContent.framework/Versions/A/Frameworks/Sparkle.framework/Versions/A/Resources/pt_PT.lproj/Sparkle.strings	8.0K	CITATIONS_SOURCES	Possible citation/source registry material
/Users/sethadmin/ZZ_ARCHIVE_HOLD_iCloudDriveArchive_DO_NOT_USE_AS_ACTIVE_ROOT_20260524/Desktop/Desktop - SFMacBook Pro M5/Grammarly_quarantine/Grammarly Desktop.app/Contents/Frameworks/ProjectLlamaContent.framework/Versions/A/Frameworks/Sparkle.framework/Versions/A/Resources/pt_PT.lproj/SUAutomaticUpdateAlert.strings	4.0K	CITATIONS_SOURCES	Possible citation/source registry material
/Users/sethadmin/ZZ_ARCHIVE_HOLD_iCloudDriveArchive_DO_NOT_USE_AS_ACTIVE_ROOT_20260524/Desktop/Desktop - SFMacBook Pro M5/Grammarly_quarantine/Grammarly Desktop.app/Contents/Frameworks/ProjectLlamaContent.framework/Versions/A/Frameworks/Sparkle.framework/Versions/A/Resources/pt_PT.lproj/SUUpdatePermissionPrompt.strings	4.0K	CITATIONS_SOURCES	Possible citation/source registry material
/Users/sethadmin/ZZ_ARCHIVE_HOLD_iCloudDriveArchive_DO_NOT_USE_AS_ACTIVE_ROOT_20260524/Desktop/Desktop - SFMacBook Pro M5/Grammarly_quarantine/Grammarly Desktop.app/Contents/Frameworks/ProjectLlamaContent.framework/Versions/A/Frameworks/Sparkle.framework/Versions/A/Resources/sv.lproj/Sparkle.strings	8.0K	CITATIONS_SOURCES	Possible citation/source registry material
/Users/sethadmin/ZZ_ARCHIVE_HOLD_iCloudDriveArchive_DO_NOT_USE_AS_ACTIVE_ROOT_20260524/Desktop/Desktop - SFMacBook Pro M5/Grammarly_quarantine/Grammarly Desktop.app/Contents/Frameworks/ProjectLlamaContent.framework/Versions/A/Frameworks/Sparkle.framework/Versions/A/Resources/sv.lproj/SUAutomaticUpdateAlert.strings	4.0K	CITATIONS_SOURCES	Possible citation/source registry material
/Users/sethadmin/ZZ_ARCHIVE_HOLD_iCloudDriveArchive_DO_NOT_USE_AS_ACTIVE_ROOT_20260524/Desktop/Desktop - SFMacBook Pro M5/Grammarly_quarantine/Grammarly Desktop.app/Contents/Frameworks/ProjectLlamaContent.framework/Versions/A/Frameworks/Sparkle.framework/Versions/A/Resources/sv.lproj/SUUpdatePermissionPrompt.strings	4.0K	CITATIONS_SOURCES	Possible citation/source registry material
/Users/sethadmin/ZZ_ARCHIVE_HOLD_iCloudDriveArchive_DO_NOT_USE_AS_ACTIVE_ROOT_20260524/Desktop/Desktop - SFMacBook Pro M5/Grammarly_quarantine/Grammarly Desktop.app/Contents/Frameworks/ProjectLlamaContent.framework/Versions/A/Frameworks/Sparkle.framework/Versions/A/Resources/sv.lproj/SUUpdateAlert.strings	4.0K	CITATIONS_SOURCES	Possible citation/source registry material
/Users/sethadmin/ZZ_ARCHIVE_HOLD_iCloudDriveArchive_DO_NOT_USE_AS_ACTIVE_ROOT_20260524/Desktop/Desktop - SFMacBook Pro M5/Grammarly_quarantine/Grammarly Desktop.app/Contents/Frameworks/ProjectLlamaContent.framework/Versions/A/Frameworks/Sparkle.framework/Versions/A/Resources/ReleaseNotesColorStyle.css	4.0K	CITATIONS_SOURCES	Possible citation/source registry material
/Users/sethadmin/ZZ_ARCHIVE_HOLD_iCloudDriveArchive_DO_NOT_USE_AS_ACTIVE_ROOT_20260524/Desktop/Desktop - SFMacBook Pro M5/Grammarly_quarantine/Grammarly Desktop.app/Contents/Frameworks/ProjectLlamaContent.framework/Versions/A/Frameworks/Sparkle.framework/Versions/A/Resources/cs.lproj/Sparkle.strings	12K	CITATIONS_SOURCES	Possible citation/source registry material
/Users/sethadmin/ZZ_ARCHIVE_HOLD_iCloudDriveArchive_DO_NOT_USE_AS_ACTIVE_ROOT_20260524/Desktop/Desktop - SFMacBook Pro M5/Grammarly_quarantine/Grammarly Desktop.app/Contents/Frameworks/ProjectLlamaContent.framework/Versions/A/Frameworks/Sparkle.framework/Versions/A/Resources/cs.lproj/SUAutomaticUpdateAlert.strings	4.0K	CITATIONS_SOURCES	Possible citation/source registry material
/Users/sethadmin/ZZ_ARCHIVE_HOLD_iCloudDriveArchive_DO_NOT_USE_AS_ACTIVE_ROOT_20260524/Desktop/Desktop - SFMacBook Pro M5/Grammarly_quarantine/Grammarly Desktop.app/Contents/Frameworks/ProjectLlamaContent.framework/Versions/A/Frameworks/Sparkle.framework/Versions/A/Resources/cs.lproj/SUUpdatePermissionPrompt.strings	4.0K	CITATIONS_SOURCES	Possible citation/source registry material
/Users/sethadmin/ZZ_ARCHIVE_HOLD_iCloudDriveArchive_DO_NOT_USE_AS_ACTIVE_ROOT_20260524/Desktop/Desktop - SFMacBook Pro M5/Grammarly_quarantine/Grammarly Desktop.app/Contents/Frameworks/ProjectLlamaContent.framework/Versions/A/Frameworks/Sparkle.framework/Versions/A/Resources/cs.lproj/SUUpdateAlert.strings	4.0K	CITATIONS_SOURCES	Possible citation/source registry material
/Users/sethadmin/ZZ_ARCHIVE_HOLD_iCloudDriveArchive_DO_NOT_USE_AS_ACTIVE_ROOT_20260524/Desktop/Desktop - SFMacBook Pro M5/Grammarly_quarantine/Grammarly Desktop.app/Contents/Frameworks/ProjectLlamaContent.framework/Versions/A/Frameworks/Sparkle.framework/Versions/A/Resources/ko.lproj/Sparkle.strings	8.0K	CITATIONS_SOURCES	Possible citation/source registry material
/Users/sethadmin/ZZ_ARCHIVE_HOLD_iCloudDriveArchive_DO_NOT_USE_AS_ACTIVE_ROOT_20260524/Desktop/Desktop - SFMacBook Pro M5/Grammarly_quarantine/Grammarly Desktop.app/Contents/Frameworks/ProjectLlamaContent.framework/Versions/A/Frameworks/Sparkle.framework/Versions/A/Resources/ko.lproj/SUAutomaticUpdateAlert.strings	4.0K	CITATIONS_SOURCES	Possible citation/source registry material
/Users/sethadmin/ZZ_ARCHIVE_HOLD_iCloudDriveArchive_DO_NOT_USE_AS_ACTIVE_ROOT_20260524/Desktop/Desktop - SFMacBook Pro M5/Grammarly_quarantine/Grammarly Desktop.app/Contents/Frameworks/ProjectLlamaContent.framework/Versions/A/Frameworks/Sparkle.framework/Versions/A/Resources/ko.lproj/SUUpdatePermissionPrompt.strings	4.0K	CITATIONS_SOURCES	Possible citation/source registry material
/Users/sethadmin/ZZ_ARCHIVE_HOLD_iCloudDriveArchive_DO_NOT_USE_AS_ACTIVE_ROOT_20260524/Desktop/Desktop - SFMacBook Pro M5/Grammarly_quarantine/Grammarly Desktop.app/Contents/Frameworks/ProjectLlamaContent.framework/Versions/A/Frameworks/Sparkle.framework/Versions/A/Resources/ko.lproj/SUUpdateAlert.strings	4.0K	CITATIONS_SOURCES	Possible citation/source registry material
/Users/sethadmin/ZZ_ARCHIVE_HOLD_iCloudDriveArchive_DO_NOT_USE_AS_ACTIVE_ROOT_20260524/Desktop/Desktop - SFMacBook Pro M5/Grammarly_quarantine/Grammarly Desktop.app/Contents/Frameworks/ProjectLlamaContent.framework/Versions/A/Frameworks/Sparkle.framework/Versions/A/Resources/Base.lproj/Sparkle.strings	12K	CITATIONS_SOURCES	Possible citation/source registry material
/Users/sethadmin/ZZ_ARCHIVE_HOLD_iCloudDriveArchive_DO_NOT_USE_AS_ACTIVE_ROOT_20260524/Desktop/Desktop - SFMacBook Pro M5/Grammarly_quarantine/Grammarly Desktop.app/Contents/Frameworks/ProjectLlamaContent.framework/Versions/A/Frameworks/Sparkle.framework/Versions/A/Resources/Base.lproj/SUAutomaticUpdateAlert.nib	16K	CITATIONS_SOURCES	Possible citation/source registry material
/Users/sethadmin/ZZ_ARCHIVE_HOLD_iCloudDriveArchive_DO_NOT_USE_AS_ACTIVE_ROOT_20260524/Desktop/Desktop - SFMacBook Pro M5/Grammarly_quarantine/Grammarly Desktop.app/Contents/Frameworks/ProjectLlamaContent.framework/Versions/A/Frameworks/Sparkle.framework/Versions/A/Resources/Base.lproj/SUUpdatePermissionPrompt.nib/keyedobjects-110000.nib	20K	CITATIONS_SOURCES	Possible citation/source registry material
/Users/sethadmin/ZZ_ARCHIVE_HOLD_iCloudDriveArchive_DO_NOT_USE_AS_ACTIVE_ROOT_20260524/Desktop/Desktop - SFMacBook Pro M5/Grammarly_quarantine/Grammarly Desktop.app/Contents/Frameworks/ProjectLlamaContent.framework/Versions/A/Frameworks/Sparkle.framework/Versions/A/Resources/Base.lproj/SUUpdatePermissionPrompt.nib/keyedobjects-101500.nib	20K	CITATIONS_SOURCES	Possible citation/source registry material
/Users/sethadmin/ZZ_ARCHIVE_HOLD_iCloudDriveArchive_DO_NOT_USE_AS_ACTIVE_ROOT_20260524/Desktop/Desktop - SFMacBook Pro M5/Grammarly_quarantine/Grammarly Desktop.app/Contents/Frameworks/ProjectLlamaContent.framework/Versions/A/Frameworks/Sparkle.framework/Versions/A/Resources/Base.lproj/SUUpdateAlert.nib	20K	CITATIONS_SOURCES	Possible citation/source registry material
/Users/sethadmin/ZZ_ARCHIVE_HOLD_iCloudDriveArchive_DO_NOT_USE_AS_ACTIVE_ROOT_20260524/Desktop/Desktop - SFMacBook Pro M5/Grammarly_quarantine/Grammarly Desktop.app/Contents/Frameworks/ProjectLlamaContent.framework/Versions/A/Frameworks/Sparkle.framework/Versions/A/Resources/hu.lproj/Sparkle.strings	12K	CITATIONS_SOURCES	Possible citation/source registry material
/Users/sethadmin/ZZ_ARCHIVE_HOLD_iCloudDriveArchive_DO_NOT_USE_AS_ACTIVE_ROOT_20260524/Desktop/Desktop - SFMacBook Pro M5/Grammarly_quarantine/Grammarly Desktop.app/Contents/Frameworks/ProjectLlamaContent.framework/Versions/A/Frameworks/Sparkle.framework/Versions/A/Resources/hu.lproj/SUAutomaticUpdateAlert.strings	4.0K	CITATIONS_SOURCES	Possible citation/source registry material
/Users/sethadmin/ZZ_ARCHIVE_HOLD_iCloudDriveArchive_DO_NOT_USE_AS_ACTIVE_ROOT_20260524/Desktop/Desktop - SFMacBook Pro M5/Grammarly_quarantine/Grammarly Desktop.app/Contents/Frameworks/ProjectLlamaContent.framework/Versions/A/Frameworks/Sparkle.framework/Versions/A/Resources/hu.lproj/SUUpdatePermissionPrompt.strings	4.0K	CITATIONS_SOURCES	Possible citation/source registry material
/Users/sethadmin/ZZ_ARCHIVE_HOLD_iCloudDriveArchive_DO_NOT_USE_AS_ACTIVE_ROOT_20260524/Desktop/Desktop - SFMacBook Pro M5/Grammarly_quarantine/Grammarly Desktop.app/Contents/Frameworks/ProjectLlamaContent.framework/Versions/A/Frameworks/Sparkle.framework/Versions/A/Resources/hu.lproj/SUUpdateAlert.strings	4.0K	CITATIONS_SOURCES	Possible citation/source registry material
/Users/sethadmin/ZZ_ARCHIVE_HOLD_iCloudDriveArchive_DO_NOT_USE_AS_ACTIVE_ROOT_20260524/Desktop/Desktop - SFMacBook Pro M5/Grammarly_quarantine/Grammarly Desktop.app/Contents/Frameworks/ProjectLlamaContent.framework/Versions/A/Frameworks/Sparkle.framework/Versions/A/Resources/tr.lproj/Sparkle.strings	12K	CITATIONS_SOURCES	Possible citation/source registry material
/Users/sethadmin/ZZ_ARCHIVE_HOLD_iCloudDriveArchive_DO_NOT_USE_AS_ACTIVE_ROOT_20260524/Desktop/Desktop - SFMacBook Pro M5/Grammarly_quarantine/Grammarly Desktop.app/Contents/Frameworks/ProjectLlamaContent.framework/Versions/A/Frameworks/Sparkle.framework/Versions/A/Resources/tr.lproj/SUAutomaticUpdateAlert.strings	4.0K	CITATIONS_SOURCES	Possible citation/source registry material
/Users/sethadmin/ZZ_ARCHIVE_HOLD_iCloudDriveArchive_DO_NOT_USE_AS_ACTIVE_ROOT_20260524/Desktop/Desktop - SFMacBook Pro M5/Grammarly_quarantine/Grammarly Desktop.app/Contents/Frameworks/ProjectLlamaContent.framework/Versions/A/Frameworks/Sparkle.framework/Versions/A/Resources/tr.lproj/SUUpdatePermissionPrompt.strings	4.0K	CITATIONS_SOURCES	Possible citation/source registry material
/Users/sethadmin/ZZ_ARCHIVE_HOLD_iCloudDriveArchive_DO_NOT_USE_AS_ACTIVE_ROOT_20260524/Desktop/Desktop - SFMacBook Pro M5/Grammarly_quarantine/Grammarly Desktop.app/Contents/Frameworks/ProjectLlamaContent.framework/Versions/A/Frameworks/Sparkle.framework/Versions/A/Resources/tr.lproj/SUUpdateAlert.strings	4.0K	CITATIONS_SOURCES	Possible citation/source registry material
/Users/sethadmin/ZZ_ARCHIVE_HOLD_iCloudDriveArchive_DO_NOT_USE_AS_ACTIVE_ROOT_20260524/Desktop/Desktop - SFMacBook Pro M5/Grammarly_quarantine/Grammarly Desktop.app/Contents/Frameworks/ProjectLlamaContent.framework/Versions/A/Frameworks/Sparkle.framework/Versions/A/Resources/pl.lproj/Sparkle.strings	8.0K	CITATIONS_SOURCES	Possible citation/source registry material
/Users/sethadmin/ZZ_ARCHIVE_HOLD_iCloudDriveArchive_DO_NOT_USE_AS_ACTIVE_ROOT_20260524/Desktop/Desktop - SFMacBook Pro M5/Grammarly_quarantine/Grammarly Desktop.app/Contents/Frameworks/ProjectLlamaContent.framework/Versions/A/Frameworks/Sparkle.framework/Versions/A/Resources/pl.lproj/SUAutomaticUpdateAlert.strings	4.0K	CITATIONS_SOURCES	Possible citation/source registry material
/Users/sethadmin/ZZ_ARCHIVE_HOLD_iCloudDriveArchive_DO_NOT_USE_AS_ACTIVE_ROOT_20260524/Desktop/Desktop - SFMacBook Pro M5/Grammarly_quarantine/Grammarly Desktop.app/Contents/Frameworks/ProjectLlamaContent.framework/Versions/A/Frameworks/Sparkle.framework/Versions/A/Resources/pl.lproj/SUUpdatePermissionPrompt.strings	4.0K	CITATIONS_SOURCES	Possible citation/source registry material
/Users/sethadmin/ZZ_ARCHIVE_HOLD_iCloudDriveArchive_DO_NOT_USE_AS_ACTIVE_ROOT_20260524/Desktop/Desktop - SFMacBook Pro M5/Grammarly_quarantine/Grammarly Desktop.app/Contents/Frameworks/ProjectLlamaContent.framework/Versions/A/Frameworks/Sparkle.framework/Versions/A/Resources/pl.lproj/SUUpdateAlert.strings	4.0K	CITATIONS_SOURCES	Possible citation/source registry material
/Users/sethadmin/ZZ_ARCHIVE_HOLD_iCloudDriveArchive_DO_NOT_USE_AS_ACTIVE_ROOT_20260524/Desktop/Desktop - SFMacBook Pro M5/Grammarly_quarantine/Grammarly Desktop.app/Contents/Frameworks/ProjectLlamaContent.framework/Versions/A/Frameworks/Sparkle.framework/Versions/A/Resources/zh_TW.lproj/Sparkle.strings	8.0K	CITATIONS_SOURCES	Possible citation/source registry material
/Users/sethadmin/ZZ_ARCHIVE_HOLD_iCloudDriveArchive_DO_NOT_USE_AS_ACTIVE_ROOT_20260524/Desktop/Desktop - SFMacBook Pro M5/Grammarly_quarantine/Grammarly Desktop.app/Contents/Frameworks/ProjectLlamaContent.framework/Versions/A/Frameworks/Sparkle.framework/Versions/A/Resources/zh_TW.lproj/SUAutomaticUpdateAlert.strings	4.0K	CITATIONS_SOURCES	Possible citation/source registry material
/Users/sethadmin/ZZ_ARCHIVE_HOLD_iCloudDriveArchive_DO_NOT_USE_AS_ACTIVE_ROOT_20260524/Desktop/Desktop - SFMacBook Pro M5/Grammarly_quarantine/Grammarly Desktop.app/Contents/Frameworks/ProjectLlamaContent.framework/Versions/A/Frameworks/Sparkle.framework/Versions/A/Resources/zh_TW.lproj/SUUpdatePermissionPrompt.strings	4.0K	CITATIONS_SOURCES	Possible citation/source registry material
/Users/sethadmin/ZZ_ARCHIVE_HOLD_iCloudDriveArchive_DO_NOT_USE_AS_ACTIVE_ROOT_20260524/Desktop/Desktop - SFMacBook Pro M5/Grammarly_quarantine/Grammarly Desktop.app/Contents/Frameworks/ProjectLlamaContent.framework/Versions/A/Frameworks/Sparkle.framework/Versions/A/Resources/zh_TW.lproj/SUUpdateAlert.strings	4.0K	CITATIONS_SOURCES	Possible citation/source registry material
/Users/sethadmin/ZZ_ARCHIVE_HOLD_iCloudDriveArchive_DO_NOT_USE_AS_ACTIVE_ROOT_20260524/Desktop/Desktop - SFMacBook Pro M5/Grammarly_quarantine/Grammarly Desktop.app/Contents/Frameworks/ProjectLlamaContent.framework/Versions/A/Frameworks/Sparkle.framework/Versions/A/Resources/Autoupdate.app/Contents/_CodeSignature/CodeResources	16K	CITATIONS_SOURCES	Possible citation/source registry material
/Users/sethadmin/ZZ_ARCHIVE_HOLD_iCloudDriveArchive_DO_NOT_USE_AS_ACTIVE_ROOT_20260524/Desktop/Desktop - SFMacBook Pro M5/Grammarly_quarantine/Grammarly Desktop.app/Contents/Frameworks/ProjectLlamaContent.framework/Versions/A/Frameworks/Sparkle.framework/Versions/A/Resources/Autoupdate.app/Contents/MacOS/fileop	236K	CITATIONS_SOURCES	Possible citation/source registry material
/Users/sethadmin/ZZ_ARCHIVE_HOLD_iCloudDriveArchive_DO_NOT_USE_AS_ACTIVE_ROOT_20260524/Desktop/Desktop - SFMacBook Pro M5/Grammarly_quarantine/Grammarly Desktop.app/Contents/Frameworks/ProjectLlamaContent.framework/Versions/A/Frameworks/Sparkle.framework/Versions/A/Resources/Autoupdate.app/Contents/MacOS/Autoupdate	452K	CITATIONS_SOURCES	Possible citation/source registry material
/Users/sethadmin/ZZ_ARCHIVE_HOLD_iCloudDriveArchive_DO_NOT_USE_AS_ACTIVE_ROOT_20260524/Desktop/Desktop - SFMacBook Pro M5/Grammarly_quarantine/Grammarly Desktop.app/Contents/Frameworks/ProjectLlamaContent.framework/Versions/A/Frameworks/Sparkle.framework/Versions/A/Resources/Autoupdate.app/Contents/Resources/de.lproj/Sparkle.strings	12K	CITATIONS_SOURCES	Possible citation/source registry material
/Users/sethadmin/ZZ_ARCHIVE_HOLD_iCloudDriveArchive_DO_NOT_USE_AS_ACTIVE_ROOT_20260524/Desktop/Desktop - SFMacBook Pro M5/Grammarly_quarantine/Grammarly Desktop.app/Contents/Frameworks/ProjectLlamaContent.framework/Versions/A/Frameworks/Sparkle.framework/Versions/A/Resources/Autoupdate.app/Contents/Resources/he.lproj/Sparkle.strings	8.0K	CITATIONS_SOURCES	Possible citation/source registry material
/Users/sethadmin/ZZ_ARCHIVE_HOLD_iCloudDriveArchive_DO_NOT_USE_AS_ACTIVE_ROOT_20260524/Desktop/Desktop - SFMacBook Pro M5/Grammarly_quarantine/Grammarly Desktop.app/Contents/Frameworks/ProjectLlamaContent.framework/Versions/A/Frameworks/Sparkle.framework/Versions/A/Resources/Autoupdate.app/Contents/Resources/ar.lproj/Sparkle.strings	12K	CITATIONS_SOURCES	Possible citation/source registry material
/Users/sethadmin/ZZ_ARCHIVE_HOLD_iCloudDriveArchive_DO_NOT_USE_AS_ACTIVE_ROOT_20260524/Desktop/Desktop - SFMacBook Pro M5/Grammarly_quarantine/Grammarly Desktop.app/Contents/Frameworks/ProjectLlamaContent.framework/Versions/A/Frameworks/Sparkle.framework/Versions/A/Resources/Autoupdate.app/Contents/Resources/el.lproj/Sparkle.strings	8.0K	CITATIONS_SOURCES	Possible citation/source registry material
/Users/sethadmin/ZZ_ARCHIVE_HOLD_iCloudDriveArchive_DO_NOT_USE_AS_ACTIVE_ROOT_20260524/Desktop/Desktop - SFMacBook Pro M5/Grammarly_quarantine/Grammarly Desktop.app/Contents/Frameworks/ProjectLlamaContent.framework/Versions/A/Frameworks/Sparkle.framework/Versions/A/Resources/Autoupdate.app/Contents/Resources/ja.lproj/Sparkle.strings	12K	CITATIONS_SOURCES	Possible citation/source registry material
/Users/sethadmin/ZZ_ARCHIVE_HOLD_iCloudDriveArchive_DO_NOT_USE_AS_ACTIVE_ROOT_20260524/Desktop/Desktop - SFMacBook Pro M5/Grammarly_quarantine/Grammarly Desktop.app/Contents/Frameworks/ProjectLlamaContent.framework/Versions/A/Frameworks/Sparkle.framework/Versions/A/Resources/Autoupdate.app/Contents/Resources/uk.lproj/Sparkle.strings	8.0K	CITATIONS_SOURCES	Possible citation/source registry material
/Users/sethadmin/ZZ_ARCHIVE_HOLD_iCloudDriveArchive_DO_NOT_USE_AS_ACTIVE_ROOT_20260524/Desktop/Desktop - SFMacBook Pro M5/Grammarly_quarantine/Grammarly Desktop.app/Contents/Frameworks/ProjectLlamaContent.framework/Versions/A/Frameworks/Sparkle.framework/Versions/A/Resources/Autoupdate.app/Contents/Resources/zh_CN.lproj/Sparkle.strings	8.0K	CITATIONS_SOURCES	Possible citation/source registry material
/Users/sethadmin/ZZ_ARCHIVE_HOLD_iCloudDriveArchive_DO_NOT_USE_AS_ACTIVE_ROOT_20260524/Desktop/Desktop - SFMacBook Pro M5/Grammarly_quarantine/Grammarly Desktop.app/Contents/Frameworks/ProjectLlamaContent.framework/Versions/A/Frameworks/Sparkle.framework/Versions/A/Resources/Autoupdate.app/Contents/Resources/nb.lproj/Sparkle.strings	12K	CITATIONS_SOURCES	Possible citation/source registry material
/Users/sethadmin/ZZ_ARCHIVE_HOLD_iCloudDriveArchive_DO_NOT_USE_AS_ACTIVE_ROOT_20260524/Desktop/Desktop - SFMacBook Pro M5/Grammarly_quarantine/Grammarly Desktop.app/Contents/Frameworks/ProjectLlamaContent.framework/Versions/A/Frameworks/Sparkle.framework/Versions/A/Resources/Autoupdate.app/Contents/Resources/es.lproj/Sparkle.strings	12K	CITATIONS_SOURCES	Possible citation/source registry material
/Users/sethadmin/ZZ_ARCHIVE_HOLD_iCloudDriveArchive_DO_NOT_USE_AS_ACTIVE_ROOT_20260524/Desktop/Desktop - SFMacBook Pro M5/Grammarly_quarantine/Grammarly Desktop.app/Contents/Frameworks/ProjectLlamaContent.framework/Versions/A/Frameworks/Sparkle.framework/Versions/A/Resources/Autoupdate.app/Contents/Resources/is.lproj/Sparkle.strings	8.0K	CITATIONS_SOURCES	Possible citation/source registry material
/Users/sethadmin/ZZ_ARCHIVE_HOLD_iCloudDriveArchive_DO_NOT_USE_AS_ACTIVE_ROOT_20260524/Desktop/Desktop - SFMacBook Pro M5/Grammarly_quarantine/Grammarly Desktop.app/Contents/Frameworks/ProjectLlamaContent.framework/Versions/A/Frameworks/Sparkle.framework/Versions/A/Resources/Autoupdate.app/Contents/Resources/sl.lproj/Sparkle.strings	8.0K	CITATIONS_SOURCES	Possible citation/source registry material
/Users/sethadmin/ZZ_ARCHIVE_HOLD_iCloudDriveArchive_DO_NOT_USE_AS_ACTIVE_ROOT_20260524/Desktop/Desktop - SFMacBook Pro M5/Grammarly_quarantine/Grammarly Desktop.app/Contents/Frameworks/ProjectLlamaContent.framework/Versions/A/Frameworks/Sparkle.framework/Versions/A/Resources/Autoupdate.app/Contents/Resources/pt_BR.lproj/Sparkle.strings	12K	CITATIONS_SOURCES	Possible citation/source registry material
/Users/sethadmin/ZZ_ARCHIVE_HOLD_iCloudDriveArchive_DO_NOT_USE_AS_ACTIVE_ROOT_20260524/Desktop/Desktop - SFMacBook Pro M5/Grammarly_quarantine/Grammarly Desktop.app/Contents/Frameworks/ProjectLlamaContent.framework/Versions/A/Frameworks/Sparkle.framework/Versions/A/Resources/Autoupdate.app/Contents/Resources/da.lproj/Sparkle.strings	12K	CITATIONS_SOURCES	Possible citation/source registry material
/Users/sethadmin/ZZ_ARCHIVE_HOLD_iCloudDriveArchive_DO_NOT_USE_AS_ACTIVE_ROOT_20260524/Desktop/Desktop - SFMacBook Pro M5/Grammarly_quarantine/Grammarly Desktop.app/Contents/Frameworks/ProjectLlamaContent.framework/Versions/A/Frameworks/Sparkle.framework/Versions/A/Resources/Autoupdate.app/Contents/Resources/it.lproj/Sparkle.strings	12K	CITATIONS_SOURCES	Possible citation/source registry material
/Users/sethadmin/ZZ_ARCHIVE_HOLD_iCloudDriveArchive_DO_NOT_USE_AS_ACTIVE_ROOT_20260524/Desktop/Desktop - SFMacBook Pro M5/Grammarly_quarantine/Grammarly Desktop.app/Contents/Frameworks/ProjectLlamaContent.framework/Versions/A/Frameworks/Sparkle.framework/Versions/A/Resources/Autoupdate.app/Contents/Resources/sk.lproj/Sparkle.strings	8.0K	CITATIONS_SOURCES	Possible citation/source registry material
/Users/sethadmin/ZZ_ARCHIVE_HOLD_iCloudDriveArchive_DO_NOT_USE_AS_ACTIVE_ROOT_20260524/Desktop/Desktop - SFMacBook Pro M5/Grammarly_quarantine/Grammarly Desktop.app/Contents/Frameworks/ProjectLlamaContent.framework/Versions/A/Frameworks/Sparkle.framework/Versions/A/Resources/Autoupdate.app/Contents/Resources/pt_PT.lproj/Sparkle.strings	8.0K	CITATIONS_SOURCES	Possible citation/source registry material
/Users/sethadmin/ZZ_ARCHIVE_HOLD_iCloudDriveArchive_DO_NOT_USE_AS_ACTIVE_ROOT_20260524/Desktop/Desktop - SFMacBook Pro M5/Grammarly_quarantine/Grammarly Desktop.app/Contents/Frameworks/ProjectLlamaContent.framework/Versions/A/Frameworks/Sparkle.framework/Versions/A/Resources/Autoupdate.app/Contents/Resources/sv.lproj/Sparkle.strings	8.0K	CITATIONS_SOURCES	Possible citation/source registry material
/Users/sethadmin/ZZ_ARCHIVE_HOLD_iCloudDriveArchive_DO_NOT_USE_AS_ACTIVE_ROOT_20260524/Desktop/Desktop - SFMacBook Pro M5/Grammarly_quarantine/Grammarly Desktop.app/Contents/Frameworks/ProjectLlamaContent.framework/Versions/A/Frameworks/Sparkle.framework/Versions/A/Resources/Autoupdate.app/Contents/Resources/cs.lproj/Sparkle.strings	12K	CITATIONS_SOURCES	Possible citation/source registry material
/Users/sethadmin/ZZ_ARCHIVE_HOLD_iCloudDriveArchive_DO_NOT_USE_AS_ACTIVE_ROOT_20260524/Desktop/Desktop - SFMacBook Pro M5/Grammarly_quarantine/Grammarly Desktop.app/Contents/Frameworks/ProjectLlamaContent.framework/Versions/A/Frameworks/Sparkle.framework/Versions/A/Resources/Autoupdate.app/Contents/Resources/AppIcon.icns	40K	CITATIONS_SOURCES	Possible citation/source registry material
/Users/sethadmin/ZZ_ARCHIVE_HOLD_iCloudDriveArchive_DO_NOT_USE_AS_ACTIVE_ROOT_20260524/Desktop/Desktop - SFMacBook Pro M5/Grammarly_quarantine/Grammarly Desktop.app/Contents/Frameworks/ProjectLlamaContent.framework/Versions/A/Frameworks/Sparkle.framework/Versions/A/Resources/Autoupdate.app/Contents/Resources/ko.lproj/Sparkle.strings	8.0K	CITATIONS_SOURCES	Possible citation/source registry material
/Users/sethadmin/ZZ_ARCHIVE_HOLD_iCloudDriveArchive_DO_NOT_USE_AS_ACTIVE_ROOT_20260524/Desktop/Desktop - SFMacBook Pro M5/Grammarly_quarantine/Grammarly Desktop.app/Contents/Frameworks/ProjectLlamaContent.framework/Versions/A/Frameworks/Sparkle.framework/Versions/A/Resources/Autoupdate.app/Contents/Resources/Base.lproj/Sparkle.strings	12K	CITATIONS_SOURCES	Possible citation/source registry material
/Users/sethadmin/ZZ_ARCHIVE_HOLD_iCloudDriveArchive_DO_NOT_USE_AS_ACTIVE_ROOT_20260524/Desktop/Desktop - SFMacBook Pro M5/Grammarly_quarantine/Grammarly Desktop.app/Contents/Frameworks/ProjectLlamaContent.framework/Versions/A/Frameworks/Sparkle.framework/Versions/A/Resources/Autoupdate.app/Contents/Resources/hu.lproj/Sparkle.strings	12K	CITATIONS_SOURCES	Possible citation/source registry material
/Users/sethadmin/ZZ_ARCHIVE_HOLD_iCloudDriveArchive_DO_NOT_USE_AS_ACTIVE_ROOT_20260524/Desktop/Desktop - SFMacBook Pro M5/Grammarly_quarantine/Grammarly Desktop.app/Contents/Frameworks/ProjectLlamaContent.framework/Versions/A/Frameworks/Sparkle.framework/Versions/A/Resources/Autoupdate.app/Contents/Resources/tr.lproj/Sparkle.strings	12K	CITATIONS_SOURCES	Possible citation/source registry material
/Users/sethadmin/ZZ_ARCHIVE_HOLD_iCloudDriveArchive_DO_NOT_USE_AS_ACTIVE_ROOT_20260524/Desktop/Desktop - SFMacBook Pro M5/Grammarly_quarantine/Grammarly Desktop.app/Contents/Frameworks/ProjectLlamaContent.framework/Versions/A/Frameworks/Sparkle.framework/Versions/A/Resources/Autoupdate.app/Contents/Resources/pl.lproj/Sparkle.strings	8.0K	CITATIONS_SOURCES	Possible citation/source registry material
/Users/sethadmin/ZZ_ARCHIVE_HOLD_iCloudDriveArchive_DO_NOT_USE_AS_ACTIVE_ROOT_20260524/Desktop/Desktop - SFMacBook Pro M5/Grammarly_quarantine/Grammarly Desktop.app/Contents/Frameworks/ProjectLlamaContent.framework/Versions/A/Frameworks/Sparkle.framework/Versions/A/Resources/Autoupdate.app/Contents/Resources/zh_TW.lproj/Sparkle.strings	8.0K	CITATIONS_SOURCES	Possible citation/source registry material
/Users/sethadmin/ZZ_ARCHIVE_HOLD_iCloudDriveArchive_DO_NOT_USE_AS_ACTIVE_ROOT_20260524/Desktop/Desktop - SFMacBook Pro M5/Grammarly_quarantine/Grammarly Desktop.app/Contents/Frameworks/ProjectLlamaContent.framework/Versions/A/Frameworks/Sparkle.framework/Versions/A/Resources/Autoupdate.app/Contents/Resources/ru.lproj/Sparkle.strings	8.0K	CITATIONS_SOURCES	Possible citation/source registry material
/Users/sethadmin/ZZ_ARCHIVE_HOLD_iCloudDriveArchive_DO_NOT_USE_AS_ACTIVE_ROOT_20260524/Desktop/Desktop - SFMacBook Pro M5/Grammarly_quarantine/Grammarly Desktop.app/Contents/Frameworks/ProjectLlamaContent.framework/Versions/A/Frameworks/Sparkle.framework/Versions/A/Resources/Autoupdate.app/Contents/Resources/SUStatus.nib	12K	CITATIONS_SOURCES	Possible citation/source registry material
/Users/sethadmin/ZZ_ARCHIVE_HOLD_iCloudDriveArchive_DO_NOT_USE_AS_ACTIVE_ROOT_20260524/Desktop/Desktop - SFMacBook Pro M5/Grammarly_quarantine/Grammarly Desktop.app/Contents/Frameworks/ProjectLlamaContent.framework/Versions/A/Frameworks/Sparkle.framework/Versions/A/Resources/Autoupdate.app/Contents/Resources/fr.lproj/Sparkle.strings	12K	CITATIONS_SOURCES	Possible citation/source registry material
/Users/sethadmin/ZZ_ARCHIVE_HOLD_iCloudDriveArchive_DO_NOT_USE_AS_ACTIVE_ROOT_20260524/Desktop/Desktop - SFMacBook Pro M5/Grammarly_quarantine/Grammarly Desktop.app/Contents/Frameworks/ProjectLlamaContent.framework/Versions/A/Frameworks/Sparkle.framework/Versions/A/Resources/Autoupdate.app/Contents/Resources/fi.lproj/Sparkle.strings	8.0K	CITATIONS_SOURCES	Possible citation/source registry material
/Users/sethadmin/ZZ_ARCHIVE_HOLD_iCloudDriveArchive_DO_NOT_USE_AS_ACTIVE_ROOT_20260524/Desktop/Desktop - SFMacBook Pro M5/Grammarly_quarantine/Grammarly Desktop.app/Contents/Frameworks/ProjectLlamaContent.framework/Versions/A/Frameworks/Sparkle.framework/Versions/A/Resources/Autoupdate.app/Contents/Resources/nl.lproj/Sparkle.strings	12K	CITATIONS_SOURCES	Possible citation/source registry material
/Users/sethadmin/ZZ_ARCHIVE_HOLD_iCloudDriveArchive_DO_NOT_USE_AS_ACTIVE_ROOT_20260524/Desktop/Desktop - SFMacBook Pro M5/Grammarly_quarantine/Grammarly Desktop.app/Contents/Frameworks/ProjectLlamaContent.framework/Versions/A/Frameworks/Sparkle.framework/Versions/A/Resources/Autoupdate.app/Contents/Resources/th.lproj/Sparkle.strings	12K	CITATIONS_SOURCES	Possible citation/source registry material
/Users/sethadmin/ZZ_ARCHIVE_HOLD_iCloudDriveArchive_DO_NOT_USE_AS_ACTIVE_ROOT_20260524/Desktop/Desktop - SFMacBook Pro M5/Grammarly_quarantine/Grammarly Desktop.app/Contents/Frameworks/ProjectLlamaContent.framework/Versions/A/Frameworks/Sparkle.framework/Versions/A/Resources/Autoupdate.app/Contents/Resources/ro.lproj/Sparkle.strings	12K	CITATIONS_SOURCES	Possible citation/source registry material
/Users/sethadmin/ZZ_ARCHIVE_HOLD_iCloudDriveArchive_DO_NOT_USE_AS_ACTIVE_ROOT_20260524/Desktop/Desktop - SFMacBook Pro M5/Grammarly_quarantine/Grammarly Desktop.app/Contents/Frameworks/ProjectLlamaContent.framework/Versions/A/Frameworks/Sparkle.framework/Versions/A/Resources/Autoupdate.app/Contents/Resources/hr.lproj/Sparkle.strings	12K	CITATIONS_SOURCES	Possible citation/source registry material
/Users/sethadmin/ZZ_ARCHIVE_HOLD_iCloudDriveArchive_DO_NOT_USE_AS_ACTIVE_ROOT_20260524/Desktop/Desktop - SFMacBook Pro M5/Grammarly_quarantine/Grammarly Desktop.app/Contents/Frameworks/ProjectLlamaContent.framework/Versions/A/Frameworks/Sparkle.framework/Versions/A/Resources/Autoupdate.app/Contents/Resources/ca.lproj/Sparkle.strings	8.0K	CITATIONS_SOURCES	Possible citation/source registry material
/Users/sethadmin/ZZ_ARCHIVE_HOLD_iCloudDriveArchive_DO_NOT_USE_AS_ACTIVE_ROOT_20260524/Desktop/Desktop - SFMacBook Pro M5/Grammarly_quarantine/Grammarly Desktop.app/Contents/Frameworks/ProjectLlamaContent.framework/Versions/A/Frameworks/Sparkle.framework/Versions/A/Resources/Autoupdate.app/Contents/Info.plist	4.0K	CITATIONS_SOURCES	Possible citation/source registry material
/Users/sethadmin/ZZ_ARCHIVE_HOLD_iCloudDriveArchive_DO_NOT_USE_AS_ACTIVE_ROOT_20260524/Desktop/Desktop - SFMacBook Pro M5/Grammarly_quarantine/Grammarly Desktop.app/Contents/Frameworks/ProjectLlamaContent.framework/Versions/A/Frameworks/Sparkle.framework/Versions/A/Resources/Autoupdate.app/Contents/PkgInfo	4.0K	CITATIONS_SOURCES	Possible citation/source registry material
/Users/sethadmin/ZZ_ARCHIVE_HOLD_iCloudDriveArchive_DO_NOT_USE_AS_ACTIVE_ROOT_20260524/Desktop/Desktop - SFMacBook Pro M5/Grammarly_quarantine/Grammarly Desktop.app/Contents/Frameworks/ProjectLlamaContent.framework/Versions/A/Frameworks/Sparkle.framework/Versions/A/Resources/ru.lproj/Sparkle.strings	8.0K	CITATIONS_SOURCES	Possible citation/source registry material
/Users/sethadmin/ZZ_ARCHIVE_HOLD_iCloudDriveArchive_DO_NOT_USE_AS_ACTIVE_ROOT_20260524/Desktop/Desktop - SFMacBook Pro M5/Grammarly_quarantine/Grammarly Desktop.app/Contents/Frameworks/ProjectLlamaContent.framework/Versions/A/Frameworks/Sparkle.framework/Versions/A/Resources/ru.lproj/SUAutomaticUpdateAlert.strings	4.0K	CITATIONS_SOURCES	Possible citation/source registry material
/Users/sethadmin/ZZ_ARCHIVE_HOLD_iCloudDriveArchive_DO_NOT_USE_AS_ACTIVE_ROOT_20260524/Desktop/Desktop - SFMacBook Pro M5/Grammarly_quarantine/Grammarly Desktop.app/Contents/Frameworks/ProjectLlamaContent.framework/Versions/A/Frameworks/Sparkle.framework/Versions/A/Resources/ru.lproj/SUUpdatePermissionPrompt.strings	4.0K	CITATIONS_SOURCES	Possible citation/source registry material
/Users/sethadmin/ZZ_ARCHIVE_HOLD_iCloudDriveArchive_DO_NOT_USE_AS_ACTIVE_ROOT_20260524/Desktop/Desktop - SFMacBook Pro M5/Grammarly_quarantine/Grammarly Desktop.app/Contents/Frameworks/ProjectLlamaContent.framework/Versions/A/Frameworks/Sparkle.framework/Versions/A/Resources/ru.lproj/SUUpdateAlert.strings	4.0K	CITATIONS_SOURCES	Possible citation/source registry material
/Users/sethadmin/ZZ_ARCHIVE_HOLD_iCloudDriveArchive_DO_NOT_USE_AS_ACTIVE_ROOT_20260524/Desktop/Desktop - SFMacBook Pro M5/Grammarly_quarantine/Grammarly Desktop.app/Contents/Frameworks/ProjectLlamaContent.framework/Versions/A/Frameworks/Sparkle.framework/Versions/A/Resources/SUStatus.nib	12K	CITATIONS_SOURCES	Possible citation/source registry material
/Users/sethadmin/ZZ_ARCHIVE_HOLD_iCloudDriveArchive_DO_NOT_USE_AS_ACTIVE_ROOT_20260524/Desktop/Desktop - SFMacBook Pro M5/Grammarly_quarantine/Grammarly Desktop.app/Contents/Frameworks/ProjectLlamaContent.framework/Versions/A/Frameworks/Sparkle.framework/Versions/A/Resources/fr.lproj/Sparkle.strings	12K	CITATIONS_SOURCES	Possible citation/source registry material
/Users/sethadmin/ZZ_ARCHIVE_HOLD_iCloudDriveArchive_DO_NOT_USE_AS_ACTIVE_ROOT_20260524/Desktop/Desktop - SFMacBook Pro M5/Grammarly_quarantine/Grammarly Desktop.app/Contents/Frameworks/ProjectLlamaContent.framework/Versions/A/Frameworks/Sparkle.framework/Versions/A/Resources/fr.lproj/SUAutomaticUpdateAlert.strings	4.0K	CITATIONS_SOURCES	Possible citation/source registry material
/Users/sethadmin/ZZ_ARCHIVE_HOLD_iCloudDriveArchive_DO_NOT_USE_AS_ACTIVE_ROOT_20260524/Desktop/Desktop - SFMacBook Pro M5/Grammarly_quarantine/Grammarly Desktop.app/Contents/Frameworks/ProjectLlamaContent.framework/Versions/A/Frameworks/Sparkle.framework/Versions/A/Resources/fr.lproj/SUUpdatePermissionPrompt.strings	4.0K	CITATIONS_SOURCES	Possible citation/source registry material
/Users/sethadmin/ZZ_ARCHIVE_HOLD_iCloudDriveArchive_DO_NOT_USE_AS_ACTIVE_ROOT_20260524/Desktop/Desktop - SFMacBook Pro M5/Grammarly_quarantine/Grammarly Desktop.app/Contents/Frameworks/ProjectLlamaContent.framework/Versions/A/Frameworks/Sparkle.framework/Versions/A/Resources/fr.lproj/SUUpdateAlert.strings	4.0K	CITATIONS_SOURCES	Possible citation/source registry material
/Users/sethadmin/ZZ_ARCHIVE_HOLD_iCloudDriveArchive_DO_NOT_USE_AS_ACTIVE_ROOT_20260524/Desktop/Desktop - SFMacBook Pro M5/Grammarly_quarantine/Grammarly Desktop.app/Contents/Frameworks/ProjectLlamaContent.framework/Versions/A/Frameworks/Sparkle.framework/Versions/A/Resources/fi.lproj/Sparkle.strings	8.0K	CITATIONS_SOURCES	Possible citation/source registry material
/Users/sethadmin/ZZ_ARCHIVE_HOLD_iCloudDriveArchive_DO_NOT_USE_AS_ACTIVE_ROOT_20260524/Desktop/Desktop - SFMacBook Pro M5/Grammarly_quarantine/Grammarly Desktop.app/Contents/Frameworks/ProjectLlamaContent.framework/Versions/A/Frameworks/Sparkle.framework/Versions/A/Resources/fi.lproj/SUAutomaticUpdateAlert.strings	4.0K	CITATIONS_SOURCES	Possible citation/source registry material
/Users/sethadmin/ZZ_ARCHIVE_HOLD_iCloudDriveArchive_DO_NOT_USE_AS_ACTIVE_ROOT_20260524/Desktop/Desktop - SFMacBook Pro M5/Grammarly_quarantine/Grammarly Desktop.app/Contents/Frameworks/ProjectLlamaContent.framework/Versions/A/Frameworks/Sparkle.framework/Versions/A/Resources/fi.lproj/SUUpdatePermissionPrompt.strings	4.0K	CITATIONS_SOURCES	Possible citation/source registry material
/Users/sethadmin/ZZ_ARCHIVE_HOLD_iCloudDriveArchive_DO_NOT_USE_AS_ACTIVE_ROOT_20260524/Desktop/Desktop - SFMacBook Pro M5/Grammarly_quarantine/Grammarly Desktop.app/Contents/Frameworks/ProjectLlamaContent.framework/Versions/A/Frameworks/Sparkle.framework/Versions/A/Resources/fi.lproj/SUUpdateAlert.strings	4.0K	CITATIONS_SOURCES	Possible citation/source registry material
/Users/sethadmin/ZZ_ARCHIVE_HOLD_iCloudDriveArchive_DO_NOT_USE_AS_ACTIVE_ROOT_20260524/Desktop/Desktop - SFMacBook Pro M5/Grammarly_quarantine/Grammarly Desktop.app/Contents/Frameworks/ProjectLlamaContent.framework/Versions/A/Frameworks/Sparkle.framework/Versions/A/Resources/nl.lproj/Sparkle.strings	12K	CITATIONS_SOURCES	Possible citation/source registry material
/Users/sethadmin/ZZ_ARCHIVE_HOLD_iCloudDriveArchive_DO_NOT_USE_AS_ACTIVE_ROOT_20260524/Desktop/Desktop - SFMacBook Pro M5/Grammarly_quarantine/Grammarly Desktop.app/Contents/Frameworks/ProjectLlamaContent.framework/Versions/A/Frameworks/Sparkle.framework/Versions/A/Resources/nl.lproj/SUAutomaticUpdateAlert.strings	4.0K	CITATIONS_SOURCES	Possible citation/source registry material
/Users/sethadmin/ZZ_ARCHIVE_HOLD_iCloudDriveArchive_DO_NOT_USE_AS_ACTIVE_ROOT_20260524/Desktop/Desktop - SFMacBook Pro M5/Grammarly_quarantine/Grammarly Desktop.app/Contents/Frameworks/ProjectLlamaContent.framework/Versions/A/Frameworks/Sparkle.framework/Versions/A/Resources/nl.lproj/SUUpdatePermissionPrompt.strings	4.0K	CITATIONS_SOURCES	Possible citation/source registry material
/Users/sethadmin/ZZ_ARCHIVE_HOLD_iCloudDriveArchive_DO_NOT_USE_AS_ACTIVE_ROOT_20260524/Desktop/Desktop - SFMacBook Pro M5/Grammarly_quarantine/Grammarly Desktop.app/Contents/Frameworks/ProjectLlamaContent.framework/Versions/A/Frameworks/Sparkle.framework/Versions/A/Resources/nl.lproj/SUUpdateAlert.strings	4.0K	CITATIONS_SOURCES	Possible citation/source registry material
/Users/sethadmin/ZZ_ARCHIVE_HOLD_iCloudDriveArchive_DO_NOT_USE_AS_ACTIVE_ROOT_20260524/Desktop/Desktop - SFMacBook Pro M5/Grammarly_quarantine/Grammarly Desktop.app/Contents/Frameworks/ProjectLlamaContent.framework/Versions/A/Frameworks/Sparkle.framework/Versions/A/Resources/th.lproj/Sparkle.strings	12K	CITATIONS_SOURCES	Possible citation/source registry material
/Users/sethadmin/ZZ_ARCHIVE_HOLD_iCloudDriveArchive_DO_NOT_USE_AS_ACTIVE_ROOT_20260524/Desktop/Desktop - SFMacBook Pro M5/Grammarly_quarantine/Grammarly Desktop.app/Contents/Frameworks/ProjectLlamaContent.framework/Versions/A/Frameworks/Sparkle.framework/Versions/A/Resources/th.lproj/SUAutomaticUpdateAlert.strings	4.0K	CITATIONS_SOURCES	Possible citation/source registry material
/Users/sethadmin/ZZ_ARCHIVE_HOLD_iCloudDriveArchive_DO_NOT_USE_AS_ACTIVE_ROOT_20260524/Desktop/Desktop - SFMacBook Pro M5/Grammarly_quarantine/Grammarly Desktop.app/Contents/Frameworks/ProjectLlamaContent.framework/Versions/A/Frameworks/Sparkle.framework/Versions/A/Resources/th.lproj/SUUpdatePermissionPrompt.strings	4.0K	CITATIONS_SOURCES	Possible citation/source registry material
/Users/sethadmin/ZZ_ARCHIVE_HOLD_iCloudDriveArchive_DO_NOT_USE_AS_ACTIVE_ROOT_20260524/Desktop/Desktop - SFMacBook Pro M5/Grammarly_quarantine/Grammarly Desktop.app/Contents/Frameworks/ProjectLlamaContent.framework/Versions/A/Frameworks/Sparkle.framework/Versions/A/Resources/th.lproj/SUUpdateAlert.strings	4.0K	CITATIONS_SOURCES	Possible citation/source registry material
/Users/sethadmin/ZZ_ARCHIVE_HOLD_iCloudDriveArchive_DO_NOT_USE_AS_ACTIVE_ROOT_20260524/Desktop/Desktop - SFMacBook Pro M5/Grammarly_quarantine/Grammarly Desktop.app/Contents/Frameworks/ProjectLlamaContent.framework/Versions/A/Frameworks/Sparkle.framework/Versions/A/Resources/ro.lproj/Sparkle.strings	12K	CITATIONS_SOURCES	Possible citation/source registry material
/Users/sethadmin/ZZ_ARCHIVE_HOLD_iCloudDriveArchive_DO_NOT_USE_AS_ACTIVE_ROOT_20260524/Desktop/Desktop - SFMacBook Pro M5/Grammarly_quarantine/Grammarly Desktop.app/Contents/Frameworks/ProjectLlamaContent.framework/Versions/A/Frameworks/Sparkle.framework/Versions/A/Resources/ro.lproj/SUAutomaticUpdateAlert.strings	4.0K	CITATIONS_SOURCES	Possible citation/source registry material
/Users/sethadmin/ZZ_ARCHIVE_HOLD_iCloudDriveArchive_DO_NOT_USE_AS_ACTIVE_ROOT_20260524/Desktop/Desktop - SFMacBook Pro M5/Grammarly_quarantine/Grammarly Desktop.app/Contents/Frameworks/ProjectLlamaContent.framework/Versions/A/Frameworks/Sparkle.framework/Versions/A/Resources/ro.lproj/SUUpdatePermissionPrompt.strings	4.0K	CITATIONS_SOURCES	Possible citation/source registry material
/Users/sethadmin/ZZ_ARCHIVE_HOLD_iCloudDriveArchive_DO_NOT_USE_AS_ACTIVE_ROOT_20260524/Desktop/Desktop - SFMacBook Pro M5/Grammarly_quarantine/Grammarly Desktop.app/Contents/Frameworks/ProjectLlamaContent.framework/Versions/A/Frameworks/Sparkle.framework/Versions/A/Resources/ro.lproj/SUUpdateAlert.strings	4.0K	CITATIONS_SOURCES	Possible citation/source registry material
/Users/sethadmin/ZZ_ARCHIVE_HOLD_iCloudDriveArchive_DO_NOT_USE_AS_ACTIVE_ROOT_20260524/Desktop/Desktop - SFMacBook Pro M5/Grammarly_quarantine/Grammarly Desktop.app/Contents/Frameworks/ProjectLlamaContent.framework/Versions/A/Frameworks/Sparkle.framework/Versions/A/Resources/Info.plist	4.0K	CITATIONS_SOURCES	Possible citation/source registry material
/Users/sethadmin/ZZ_ARCHIVE_HOLD_iCloudDriveArchive_DO_NOT_USE_AS_ACTIVE_ROOT_20260524/Desktop/Desktop - SFMacBook Pro M5/Grammarly_quarantine/Grammarly Desktop.app/Contents/Frameworks/ProjectLlamaContent.framework/Versions/A/Frameworks/Sparkle.framework/Versions/A/Resources/hr.lproj/Sparkle.strings	12K	CITATIONS_SOURCES	Possible citation/source registry material
/Users/sethadmin/ZZ_ARCHIVE_HOLD_iCloudDriveArchive_DO_NOT_USE_AS_ACTIVE_ROOT_20260524/Desktop/Desktop - SFMacBook Pro M5/Grammarly_quarantine/Grammarly Desktop.app/Contents/Frameworks/ProjectLlamaContent.framework/Versions/A/Frameworks/Sparkle.framework/Versions/A/Resources/hr.lproj/SUAutomaticUpdateAlert.strings	4.0K	CITATIONS_SOURCES	Possible citation/source registry material
/Users/sethadmin/ZZ_ARCHIVE_HOLD_iCloudDriveArchive_DO_NOT_USE_AS_ACTIVE_ROOT_20260524/Desktop/Desktop - SFMacBook Pro M5/Grammarly_quarantine/Grammarly Desktop.app/Contents/Frameworks/ProjectLlamaContent.framework/Versions/A/Frameworks/Sparkle.framework/Versions/A/Resources/hr.lproj/SUUpdatePermissionPrompt.strings	4.0K	CITATIONS_SOURCES	Possible citation/source registry material
/Users/sethadmin/ZZ_ARCHIVE_HOLD_iCloudDriveArchive_DO_NOT_USE_AS_ACTIVE_ROOT_20260524/Desktop/Desktop - SFMacBook Pro M5/Grammarly_quarantine/Grammarly Desktop.app/Contents/Frameworks/ProjectLlamaContent.framework/Versions/A/Frameworks/Sparkle.framework/Versions/A/Resources/hr.lproj/SUUpdateAlert.strings	4.0K	CITATIONS_SOURCES	Possible citation/source registry material
/Users/sethadmin/ZZ_ARCHIVE_HOLD_iCloudDriveArchive_DO_NOT_USE_AS_ACTIVE_ROOT_20260524/Desktop/Desktop - SFMacBook Pro M5/Grammarly_quarantine/Grammarly Desktop.app/Contents/Frameworks/ProjectLlamaContent.framework/Versions/A/Frameworks/Sparkle.framework/Versions/A/Resources/ca.lproj/Sparkle.strings	8.0K	CITATIONS_SOURCES	Possible citation/source registry material
/Users/sethadmin/ZZ_ARCHIVE_HOLD_iCloudDriveArchive_DO_NOT_USE_AS_ACTIVE_ROOT_20260524/Desktop/Desktop - SFMacBook Pro M5/Grammarly_quarantine/Grammarly Desktop.app/Contents/Frameworks/ProjectLlamaContent.framework/Versions/A/Frameworks/Sparkle.framework/Versions/A/Resources/ca.lproj/SUAutomaticUpdateAlert.strings	4.0K	CITATIONS_SOURCES	Possible citation/source registry material
/Users/sethadmin/ZZ_ARCHIVE_HOLD_iCloudDriveArchive_DO_NOT_USE_AS_ACTIVE_ROOT_20260524/Desktop/Desktop - SFMacBook Pro M5/Grammarly_quarantine/Grammarly Desktop.app/Contents/Frameworks/ProjectLlamaContent.framework/Versions/A/Frameworks/Sparkle.framework/Versions/A/Resources/ca.lproj/SUUpdateAlert.strings	4.0K	CITATIONS_SOURCES	Possible citation/source registry material
/Users/sethadmin/ZZ_ARCHIVE_HOLD_iCloudDriveArchive_DO_NOT_USE_AS_ACTIVE_ROOT_20260524/Desktop/Desktop - SFMacBook Pro M5/Grammarly_quarantine/Grammarly Desktop.app/Contents/Frameworks/ProjectLlamaContent.framework/Versions/A/Frameworks/GRLlamaUtils.framework/Versions/A/_CodeSignature/CodeResources	4.0K	CITATIONS_SOURCES	Possible citation/source registry material
/Users/sethadmin/ZZ_ARCHIVE_HOLD_iCloudDriveArchive_DO_NOT_USE_AS_ACTIVE_ROOT_20260524/Desktop/Desktop - SFMacBook Pro M5/Grammarly_quarantine/Grammarly Desktop.app/Contents/Frameworks/ProjectLlamaContent.framework/Versions/A/Frameworks/GRLlamaUtils.framework/Versions/A/Resources/Info.plist	4.0K	CITATIONS_SOURCES	Possible citation/source registry material
/Users/sethadmin/ZZ_ARCHIVE_HOLD_iCloudDriveArchive_DO_NOT_USE_AS_ACTIVE_ROOT_20260524/Desktop/Desktop - SFMacBook Pro M5/Grammarly_quarantine/Grammarly Desktop.app/Contents/Frameworks/ProjectLlamaContent.framework/Versions/A/Frameworks/LZString.framework/Versions/A/_CodeSignature/CodeResources	4.0K	CITATIONS_SOURCES	Possible citation/source registry material
/Users/sethadmin/ZZ_ARCHIVE_HOLD_iCloudDriveArchive_DO_NOT_USE_AS_ACTIVE_ROOT_20260524/Desktop/Desktop - SFMacBook Pro M5/Grammarly_quarantine/Grammarly Desktop.app/Contents/Frameworks/ProjectLlamaContent.framework/Versions/A/Frameworks/LZString.framework/Versions/A/Resources/Info.plist	4.0K	CITATIONS_SOURCES	Possible citation/source registry material
/Users/sethadmin/ZZ_ARCHIVE_HOLD_iCloudDriveArchive_DO_NOT_USE_AS_ACTIVE_ROOT_20260524/Desktop/Desktop - SFMacBook Pro M5/Grammarly_quarantine/Grammarly Desktop.app/Contents/Frameworks/ProjectLlamaContent.framework/Versions/A/Frameworks/AVIClients_-617CCC0744AADF44_PackageProduct.framework/Versions/A/_CodeSignature/CodeResources	4.0K	CITATIONS_SOURCES	Possible citation/source registry material
/Users/sethadmin/ZZ_ARCHIVE_HOLD_iCloudDriveArchive_DO_NOT_USE_AS_ACTIVE_ROOT_20260524/Desktop/Desktop - SFMacBook Pro M5/Grammarly_quarantine/Grammarly Desktop.app/Contents/Frameworks/ProjectLlamaContent.framework/Versions/A/Frameworks/AVIClients_-617CCC0744AADF44_PackageProduct.framework/Versions/A/Resources/Info.plist	4.0K	CITATIONS_SOURCES	Possible citation/source registry material
/Users/sethadmin/ZZ_ARCHIVE_HOLD_iCloudDriveArchive_DO_NOT_USE_AS_ACTIVE_ROOT_20260524/Desktop/Desktop - SFMacBook Pro M5/Grammarly_quarantine/Grammarly Desktop.app/Contents/Frameworks/ProjectLlamaContent.framework/Versions/A/Frameworks/GRAlertModels.framework/Versions/A/_CodeSignature/CodeResources	4.0K	CITATIONS_SOURCES	Possible citation/source registry material
/Users/sethadmin/ZZ_ARCHIVE_HOLD_iCloudDriveArchive_DO_NOT_USE_AS_ACTIVE_ROOT_20260524/Desktop/Desktop - SFMacBook Pro M5/Grammarly_quarantine/Grammarly Desktop.app/Contents/Frameworks/ProjectLlamaContent.framework/Versions/A/Frameworks/GRAlertModels.framework/Versions/A/Resources/Assets.car	424K	CITATIONS_SOURCES	Possible citation/source registry material
/Users/sethadmin/ZZ_ARCHIVE_HOLD_iCloudDriveArchive_DO_NOT_USE_AS_ACTIVE_ROOT_20260524/Desktop/Desktop - SFMacBook Pro M5/Grammarly_quarantine/Grammarly Desktop.app/Contents/Frameworks/ProjectLlamaContent.framework/Versions/A/Frameworks/GRAlertModels.framework/Versions/A/Resources/Info.plist	4.0K	CITATIONS_SOURCES	Possible citation/source registry material
/Users/sethadmin/ZZ_ARCHIVE_HOLD_iCloudDriveArchive_DO_NOT_USE_AS_ACTIVE_ROOT_20260524/Desktop/Desktop - SFMacBook Pro M5/Grammarly_quarantine/Grammarly Desktop.app/Contents/Frameworks/ProjectLlamaContent.framework/Versions/A/Frameworks/Sentry.framework/Versions/A/_CodeSignature/CodeResources	4.0K	CITATIONS_SOURCES	Possible citation/source registry material
/Users/sethadmin/ZZ_ARCHIVE_HOLD_iCloudDriveArchive_DO_NOT_USE_AS_ACTIVE_ROOT_20260524/Desktop/Desktop - SFMacBook Pro M5/Grammarly_quarantine/Grammarly Desktop.app/Contents/Frameworks/ProjectLlamaContent.framework/Versions/A/Frameworks/Sentry.framework/Versions/A/Resources/PrivacyInfo.xcprivacy	4.0K	CITATIONS_SOURCES	Possible citation/source registry material
/Users/sethadmin/ZZ_ARCHIVE_HOLD_iCloudDriveArchive_DO_NOT_USE_AS_ACTIVE_ROOT_20260524/Desktop/Desktop - SFMacBook Pro M5/Grammarly_quarantine/Grammarly Desktop.app/Contents/Frameworks/ProjectLlamaContent.framework/Versions/A/Frameworks/Sentry.framework/Versions/A/Resources/Info.plist	4.0K	CITATIONS_SOURCES	Possible citation/source registry material
/Users/sethadmin/ZZ_ARCHIVE_HOLD_iCloudDriveArchive_DO_NOT_USE_AS_ACTIVE_ROOT_20260524/Desktop/Desktop - SFMacBook Pro M5/Grammarly_quarantine/Grammarly Desktop.app/Contents/Frameworks/ProjectLlamaContent.framework/Versions/A/Frameworks/QuillDelta.framework/Versions/A/_CodeSignature/CodeResources	4.0K	CITATIONS_SOURCES	Possible citation/source registry material
/Users/sethadmin/ZZ_ARCHIVE_HOLD_iCloudDriveArchive_DO_NOT_USE_AS_ACTIVE_ROOT_20260524/Desktop/Desktop - SFMacBook Pro M5/Grammarly_quarantine/Grammarly Desktop.app/Contents/Frameworks/ProjectLlamaContent.framework/Versions/A/Frameworks/QuillDelta.framework/Versions/A/Resources/Info.plist	4.0K	CITATIONS_SOURCES	Possible citation/source registry material
/Users/sethadmin/ZZ_ARCHIVE_HOLD_iCloudDriveArchive_DO_NOT_USE_AS_ACTIVE_ROOT_20260524/Desktop/Desktop - SFMacBook Pro M5/Grammarly_quarantine/Grammarly Desktop.app/Contents/Frameworks/ProjectLlamaContent.framework/Versions/A/Frameworks/GRManakin.framework/Versions/A/_CodeSignature/CodeResources	4.0K	CITATIONS_SOURCES	Possible citation/source registry material
/Users/sethadmin/ZZ_ARCHIVE_HOLD_iCloudDriveArchive_DO_NOT_USE_AS_ACTIVE_ROOT_20260524/Desktop/Desktop - SFMacBook Pro M5/Grammarly_quarantine/Grammarly Desktop.app/Contents/Frameworks/ProjectLlamaContent.framework/Versions/A/Frameworks/GRManakin.framework/Versions/A/Resources/Info.plist	4.0K	CITATIONS_SOURCES	Possible citation/source registry material
/Users/sethadmin/ZZ_ARCHIVE_HOLD_iCloudDriveArchive_DO_NOT_USE_AS_ACTIVE_ROOT_20260524/Desktop/Desktop - SFMacBook Pro M5/Grammarly_quarantine/Grammarly Desktop.app/Contents/Frameworks/ProjectLlamaContent.framework/Versions/A/Frameworks/NeedleFoundation.framework/Versions/A/_CodeSignature/CodeResources	4.0K	CITATIONS_SOURCES	Possible citation/source registry material
/Users/sethadmin/ZZ_ARCHIVE_HOLD_iCloudDriveArchive_DO_NOT_USE_AS_ACTIVE_ROOT_20260524/Desktop/Desktop - SFMacBook Pro M5/Grammarly_quarantine/Grammarly Desktop.app/Contents/Frameworks/ProjectLlamaContent.framework/Versions/A/Frameworks/NeedleFoundation.framework/Versions/A/Resources/Info.plist	4.0K	CITATIONS_SOURCES	Possible citation/source registry material
/Users/sethadmin/ZZ_ARCHIVE_HOLD_iCloudDriveArchive_DO_NOT_USE_AS_ACTIVE_ROOT_20260524/Desktop/Desktop - SFMacBook Pro M5/Grammarly_quarantine/Grammarly Desktop.app/Contents/Frameworks/ProjectLlamaContent.framework/Versions/A/Frameworks/GRServices.framework/Versions/A/_CodeSignature/CodeResources	4.0K	CITATIONS_SOURCES	Possible citation/source registry material
/Users/sethadmin/ZZ_ARCHIVE_HOLD_iCloudDriveArchive_DO_NOT_USE_AS_ACTIVE_ROOT_20260524/Desktop/Desktop - SFMacBook Pro M5/Grammarly_quarantine/Grammarly Desktop.app/Contents/Frameworks/ProjectLlamaContent.framework/Versions/A/Frameworks/GRServices.framework/Versions/A/Resources/Info.plist	4.0K	CITATIONS_SOURCES	Possible citation/source registry material
/Users/sethadmin/ZZ_ARCHIVE_HOLD_iCloudDriveArchive_DO_NOT_USE_AS_ACTIVE_ROOT_20260524/Desktop/Desktop - SFMacBook Pro M5/Grammarly_quarantine/Grammarly Desktop.app/Contents/Frameworks/ProjectLlamaContent.framework/Versions/A/Frameworks/GRInstrumentation.framework/Versions/A/_CodeSignature/CodeResources	4.0K	CITATIONS_SOURCES	Possible citation/source registry material
/Users/sethadmin/ZZ_ARCHIVE_HOLD_iCloudDriveArchive_DO_NOT_USE_AS_ACTIVE_ROOT_20260524/Desktop/Desktop - SFMacBook Pro M5/Grammarly_quarantine/Grammarly Desktop.app/Contents/Frameworks/ProjectLlamaContent.framework/Versions/A/Frameworks/GRInstrumentation.framework/Versions/A/Resources/Info.plist	4.0K	CITATIONS_SOURCES	Possible citation/source registry material
/Users/sethadmin/ZZ_ARCHIVE_HOLD_iCloudDriveArchive_DO_NOT_USE_AS_ACTIVE_ROOT_20260524/Desktop/Desktop - SFMacBook Pro M5/Grammarly_quarantine/Grammarly Desktop.app/Contents/Frameworks/ProjectLlamaContent.framework/Versions/A/Frameworks/HTMLKit.framework/Versions/A/_CodeSignature/CodeResources	4.0K	CITATIONS_SOURCES	Possible citation/source registry material
/Users/sethadmin/ZZ_ARCHIVE_HOLD_iCloudDriveArchive_DO_NOT_USE_AS_ACTIVE_ROOT_20260524/Desktop/Desktop - SFMacBook Pro M5/Grammarly_quarantine/Grammarly Desktop.app/Contents/Frameworks/ProjectLlamaContent.framework/Versions/A/Frameworks/HTMLKit.framework/Versions/A/Resources/Info.plist	4.0K	CITATIONS_SOURCES	Possible citation/source registry material
/Users/sethadmin/ZZ_ARCHIVE_HOLD_iCloudDriveArchive_DO_NOT_USE_AS_ACTIVE_ROOT_20260524/Desktop/Desktop - SFMacBook Pro M5/Grammarly_quarantine/Grammarly Desktop.app/Contents/Frameworks/ProjectLlamaContent.framework/Versions/A/Frameworks/Starscream.framework/Versions/A/_CodeSignature/CodeResources	4.0K	CITATIONS_SOURCES	Possible citation/source registry material
/Users/sethadmin/ZZ_ARCHIVE_HOLD_iCloudDriveArchive_DO_NOT_USE_AS_ACTIVE_ROOT_20260524/Desktop/Desktop - SFMacBook Pro M5/Grammarly_quarantine/Grammarly Desktop.app/Contents/Frameworks/ProjectLlamaContent.framework/Versions/A/Frameworks/Starscream.framework/Versions/A/Resources/Info.plist	4.0K	CITATIONS_SOURCES	Possible citation/source registry material
/Users/sethadmin/ZZ_ARCHIVE_HOLD_iCloudDriveArchive_DO_NOT_USE_AS_ACTIVE_ROOT_20260524/Desktop/Desktop - SFMacBook Pro M5/Grammarly_quarantine/Grammarly Desktop.app/Contents/Frameworks/ProjectLlamaContent.framework/Versions/A/Frameworks/GRUtils.framework/Versions/A/_CodeSignature/CodeResources	4.0K	CITATIONS_SOURCES	Possible citation/source registry material
/Users/sethadmin/ZZ_ARCHIVE_HOLD_iCloudDriveArchive_DO_NOT_USE_AS_ACTIVE_ROOT_20260524/Desktop/Desktop - SFMacBook Pro M5/Grammarly_quarantine/Grammarly Desktop.app/Contents/Frameworks/ProjectLlamaContent.framework/Versions/A/Frameworks/GRUtils.framework/Versions/A/Resources/Info.plist	4.0K	CITATIONS_SOURCES	Possible citation/source registry material
/Users/sethadmin/ZZ_ARCHIVE_HOLD_iCloudDriveArchive_DO_NOT_USE_AS_ACTIVE_ROOT_20260524/Desktop/Desktop - SFMacBook Pro M5/Grammarly_quarantine/Grammarly Desktop.app/Contents/Frameworks/ProjectLlamaContent.framework/Versions/A/Frameworks/DifferenceKit.framework/Versions/A/_CodeSignature/CodeResources	4.0K	CITATIONS_SOURCES	Possible citation/source registry material
/Users/sethadmin/ZZ_ARCHIVE_HOLD_iCloudDriveArchive_DO_NOT_USE_AS_ACTIVE_ROOT_20260524/Desktop/Desktop - SFMacBook Pro M5/Grammarly_quarantine/Grammarly Desktop.app/Contents/Frameworks/ProjectLlamaContent.framework/Versions/A/Frameworks/DifferenceKit.framework/Versions/A/Resources/Info.plist	4.0K	CITATIONS_SOURCES	Possible citation/source registry material
/Users/sethadmin/ZZ_ARCHIVE_HOLD_iCloudDriveArchive_DO_NOT_USE_AS_ACTIVE_ROOT_20260524/Desktop/Desktop - SFMacBook Pro M5/Grammarly_quarantine/Grammarly Desktop.app/Contents/Frameworks/ProjectLlamaContent.framework/Versions/A/Frameworks/LifetimeTracker.framework/Versions/A/_CodeSignature/CodeResources	4.0K	CITATIONS_SOURCES	Possible citation/source registry material
/Users/sethadmin/ZZ_ARCHIVE_HOLD_iCloudDriveArchive_DO_NOT_USE_AS_ACTIVE_ROOT_20260524/Desktop/Desktop - SFMacBook Pro M5/Grammarly_quarantine/Grammarly Desktop.app/Contents/Frameworks/ProjectLlamaContent.framework/Versions/A/Frameworks/LifetimeTracker.framework/Versions/A/Resources/Info.plist	4.0K	CITATIONS_SOURCES	Possible citation/source registry material
/Users/sethadmin/ZZ_ARCHIVE_HOLD_iCloudDriveArchive_DO_NOT_USE_AS_ACTIVE_ROOT_20260524/Desktop/Desktop - SFMacBook Pro M5/Grammarly_quarantine/Grammarly Desktop.app/Contents/Frameworks/ProjectLlamaContent.framework/Versions/A/Frameworks/Starwhisper.framework/Versions/A/_CodeSignature/CodeResources	4.0K	CITATIONS_SOURCES	Possible citation/source registry material
/Users/sethadmin/ZZ_ARCHIVE_HOLD_iCloudDriveArchive_DO_NOT_USE_AS_ACTIVE_ROOT_20260524/Desktop/Desktop - SFMacBook Pro M5/Grammarly_quarantine/Grammarly Desktop.app/Contents/Frameworks/ProjectLlamaContent.framework/Versions/A/Frameworks/Starwhisper.framework/Versions/A/Resources/Info.plist	4.0K	CITATIONS_SOURCES	Possible citation/source registry material
/Users/sethadmin/ZZ_ARCHIVE_HOLD_iCloudDriveArchive_DO_NOT_USE_AS_ACTIVE_ROOT_20260524/Desktop/Desktop - SFMacBook Pro M5/Grammarly_quarantine/Grammarly Desktop.app/Contents/Frameworks/ProjectLlamaContent.framework/Versions/A/Frameworks/GRDiffUtils.framework/Versions/A/_CodeSignature/CodeResources	4.0K	CITATIONS_SOURCES	Possible citation/source registry material
/Users/sethadmin/ZZ_ARCHIVE_HOLD_iCloudDriveArchive_DO_NOT_USE_AS_ACTIVE_ROOT_20260524/Desktop/Desktop - SFMacBook Pro M5/Grammarly_quarantine/Grammarly Desktop.app/Contents/Frameworks/ProjectLlamaContent.framework/Versions/A/Frameworks/GRDiffUtils.framework/Versions/A/Resources/Info.plist	4.0K	CITATIONS_SOURCES	Possible citation/source registry material
/Users/sethadmin/ZZ_ARCHIVE_HOLD_iCloudDriveArchive_DO_NOT_USE_AS_ACTIVE_ROOT_20260524/Desktop/Desktop - SFMacBook Pro M5/Grammarly_quarantine/Grammarly Desktop.app/Contents/Frameworks/ProjectLlamaContent.framework/Versions/A/Frameworks/GRFoundation.framework/Versions/A/_CodeSignature/CodeResources	4.0K	CITATIONS_SOURCES	Possible citation/source registry material
/Users/sethadmin/ZZ_ARCHIVE_HOLD_iCloudDriveArchive_DO_NOT_USE_AS_ACTIVE_ROOT_20260524/Desktop/Desktop - SFMacBook Pro M5/Grammarly_quarantine/Grammarly Desktop.app/Contents/Frameworks/ProjectLlamaContent.framework/Versions/A/Frameworks/GRFoundation.framework/Versions/A/Resources/Info.plist	4.0K	CITATIONS_SOURCES	Possible citation/source registry material
/Users/sethadmin/ZZ_ARCHIVE_HOLD_iCloudDriveArchive_DO_NOT_USE_AS_ACTIVE_ROOT_20260524/Desktop/Desktop - SFMacBook Pro M5/Grammarly_quarantine/Grammarly Desktop.app/Contents/Frameworks/ProjectLlamaContent.framework/Versions/A/Frameworks/AviNotetaker.framework/Versions/A/_CodeSignature/CodeResources	4.0K	CITATIONS_SOURCES	Possible citation/source registry material
/Users/sethadmin/ZZ_ARCHIVE_HOLD_iCloudDriveArchive_DO_NOT_USE_AS_ACTIVE_ROOT_20260524/Desktop/Desktop - SFMacBook Pro M5/Grammarly_quarantine/Grammarly Desktop.app/Contents/Frameworks/ProjectLlamaContent.framework/Versions/A/Frameworks/AviNotetaker.framework/Versions/A/Resources/Assets.car	20K	CITATIONS_SOURCES	Possible citation/source registry material
/Users/sethadmin/ZZ_ARCHIVE_HOLD_iCloudDriveArchive_DO_NOT_USE_AS_ACTIVE_ROOT_20260524/Desktop/Desktop - SFMacBook Pro M5/Grammarly_quarantine/Grammarly Desktop.app/Contents/Frameworks/ProjectLlamaContent.framework/Versions/A/Frameworks/AviNotetaker.framework/Versions/A/Resources/Info.plist	4.0K	CITATIONS_SOURCES	Possible citation/source registry material
/Users/sethadmin/ZZ_ARCHIVE_HOLD_iCloudDriveArchive_DO_NOT_USE_AS_ACTIVE_ROOT_20260524/Desktop/Desktop - SFMacBook Pro M5/Grammarly_quarantine/Grammarly Desktop.app/Contents/Frameworks/ProjectLlamaContent.framework/Versions/A/Frameworks/DequeModule_307A0402D40AB265_PackageProduct.framework/Versions/A/_CodeSignature/CodeResources	4.0K	CITATIONS_SOURCES	Possible citation/source registry material
/Users/sethadmin/ZZ_ARCHIVE_HOLD_iCloudDriveArchive_DO_NOT_USE_AS_ACTIVE_ROOT_20260524/Desktop/Desktop - SFMacBook Pro M5/Grammarly_quarantine/Grammarly Desktop.app/Contents/Frameworks/ProjectLlamaContent.framework/Versions/A/Frameworks/DequeModule_307A0402D40AB265_PackageProduct.framework/Versions/A/Resources/Info.plist	4.0K	CITATIONS_SOURCES	Possible citation/source registry material
/Users/sethadmin/ZZ_ARCHIVE_HOLD_iCloudDriveArchive_DO_NOT_USE_AS_ACTIVE_ROOT_20260524/Desktop/Desktop - SFMacBook Pro M5/Grammarly_quarantine/Grammarly Desktop.app/Contents/Frameworks/ProjectLlamaContent.framework/Versions/A/Frameworks/GRLlamaCore.framework/Versions/A/_CodeSignature/CodeResources	4.0K	CITATIONS_SOURCES	Possible citation/source registry material
/Users/sethadmin/ZZ_ARCHIVE_HOLD_iCloudDriveArchive_DO_NOT_USE_AS_ACTIVE_ROOT_20260524/Desktop/Desktop - SFMacBook Pro M5/Grammarly_quarantine/Grammarly Desktop.app/Contents/Frameworks/ProjectLlamaContent.framework/Versions/A/Frameworks/GRLlamaCore.framework/Versions/A/Resources/IntegrationOptionsKeywordBlocklist.json	4.0K	CITATIONS_SOURCES	Possible citation/source registry material
/Users/sethadmin/ZZ_ARCHIVE_HOLD_iCloudDriveArchive_DO_NOT_USE_AS_ACTIVE_ROOT_20260524/Desktop/Desktop - SFMacBook Pro M5/Grammarly_quarantine/Grammarly Desktop.app/Contents/Frameworks/ProjectLlamaContent.framework/Versions/A/Frameworks/GRLlamaCore.framework/Versions/A/Resources/IntegrationOptions.json	16K	CITATIONS_SOURCES	Possible citation/source registry material
/Users/sethadmin/ZZ_ARCHIVE_HOLD_iCloudDriveArchive_DO_NOT_USE_AS_ACTIVE_ROOT_20260524/Desktop/Desktop - SFMacBook Pro M5/Grammarly_quarantine/Grammarly Desktop.app/Contents/Frameworks/ProjectLlamaContent.framework/Versions/A/Frameworks/GRLlamaCore.framework/Versions/A/Resources/Info.plist	4.0K	CITATIONS_SOURCES	Possible citation/source registry material
/Users/sethadmin/ZZ_ARCHIVE_HOLD_iCloudDriveArchive_DO_NOT_USE_AS_ACTIVE_ROOT_20260524/Desktop/Desktop - SFMacBook Pro M5/Grammarly_quarantine/Grammarly Desktop.app/Contents/Frameworks/ProjectLlamaContent.framework/Versions/A/Frameworks/GRDesignSystem.framework/Versions/A/_CodeSignature/CodeResources	4.0K	CITATIONS_SOURCES	Possible citation/source registry material
/Users/sethadmin/ZZ_ARCHIVE_HOLD_iCloudDriveArchive_DO_NOT_USE_AS_ACTIVE_ROOT_20260524/Desktop/Desktop - SFMacBook Pro M5/Grammarly_quarantine/Grammarly Desktop.app/Contents/Frameworks/ProjectLlamaContent.framework/Versions/A/Frameworks/GRDesignSystem.framework/Versions/A/Resources/Assets.car	1.5M	CITATIONS_SOURCES	Possible citation/source registry material
/Users/sethadmin/ZZ_ARCHIVE_HOLD_iCloudDriveArchive_DO_NOT_USE_AS_ACTIVE_ROOT_20260524/Desktop/Desktop - SFMacBook Pro M5/Grammarly_quarantine/Grammarly Desktop.app/Contents/Frameworks/ProjectLlamaContent.framework/Versions/A/Frameworks/GRDesignSystem.framework/Versions/A/Resources/Info.plist	4.0K	CITATIONS_SOURCES	Possible citation/source registry material
/Users/sethadmin/ZZ_ARCHIVE_HOLD_iCloudDriveArchive_DO_NOT_USE_AS_ACTIVE_ROOT_20260524/Desktop/Desktop - SFMacBook Pro M5/Grammarly_quarantine/Grammarly Desktop.app/Contents/Frameworks/ProjectLlamaContent.framework/Versions/A/Frameworks/GRCoreModel.framework/Versions/A/_CodeSignature/CodeResources	4.0K	CITATIONS_SOURCES	Possible citation/source registry material
/Users/sethadmin/ZZ_ARCHIVE_HOLD_iCloudDriveArchive_DO_NOT_USE_AS_ACTIVE_ROOT_20260524/Desktop/Desktop - SFMacBook Pro M5/Grammarly_quarantine/Grammarly Desktop.app/Contents/Frameworks/ProjectLlamaContent.framework/Versions/A/Frameworks/GRCoreModel.framework/Versions/A/Resources/Info.plist	4.0K	CITATIONS_SOURCES	Possible citation/source registry material
/Users/sethadmin/ZZ_ARCHIVE_HOLD_iCloudDriveArchive_DO_NOT_USE_AS_ACTIVE_ROOT_20260524/Desktop/Desktop - SFMacBook Pro M5/Grammarly_quarantine/Grammarly Desktop.app/Contents/Frameworks/ProjectLlamaContent.framework/Versions/A/Frameworks/DiffMatchPatch.framework/Versions/A/_CodeSignature/CodeResources	4.0K	CITATIONS_SOURCES	Possible citation/source registry material
/Users/sethadmin/ZZ_ARCHIVE_HOLD_iCloudDriveArchive_DO_NOT_USE_AS_ACTIVE_ROOT_20260524/Desktop/Desktop - SFMacBook Pro M5/Grammarly_quarantine/Grammarly Desktop.app/Contents/Frameworks/ProjectLlamaContent.framework/Versions/A/Frameworks/DiffMatchPatch.framework/Versions/A/Resources/English.lproj/InfoPlist.strings	4.0K	CITATIONS_SOURCES	Possible citation/source registry material
/Users/sethadmin/ZZ_ARCHIVE_HOLD_iCloudDriveArchive_DO_NOT_USE_AS_ACTIVE_ROOT_20260524/Desktop/Desktop - SFMacBook Pro M5/Grammarly_quarantine/Grammarly Desktop.app/Contents/Frameworks/ProjectLlamaContent.framework/Versions/A/Frameworks/DiffMatchPatch.framework/Versions/A/Resources/Info.plist	4.0K	CITATIONS_SOURCES	Possible citation/source registry material
/Users/sethadmin/ZZ_ARCHIVE_HOLD_iCloudDriveArchive_DO_NOT_USE_AS_ACTIVE_ROOT_20260524/Desktop/Desktop - SFMacBook Pro M5/Grammarly_quarantine/Grammarly Desktop.app/Contents/Frameworks/ProjectLlamaContent.framework/Versions/A/Frameworks/HTTPTypes_6E0498CBABC4245E_PackageProduct.framework/Versions/A/_CodeSignature/CodeResources	4.0K	CITATIONS_SOURCES	Possible citation/source registry material
/Users/sethadmin/ZZ_ARCHIVE_HOLD_iCloudDriveArchive_DO_NOT_USE_AS_ACTIVE_ROOT_20260524/Desktop/Desktop - SFMacBook Pro M5/Grammarly_quarantine/Grammarly Desktop.app/Contents/Frameworks/ProjectLlamaContent.framework/Versions/A/Frameworks/HTTPTypes_6E0498CBABC4245E_PackageProduct.framework/Versions/A/Resources/Info.plist	4.0K	CITATIONS_SOURCES	Possible citation/source registry material
/Users/sethadmin/ZZ_ARCHIVE_HOLD_iCloudDriveArchive_DO_NOT_USE_AS_ACTIVE_ROOT_20260524/Desktop/Desktop - SFMacBook Pro M5/Grammarly_quarantine/Grammarly Desktop.app/Contents/Frameworks/ProjectLlamaContent.framework/Versions/A/Frameworks/GRAnalytics.framework/Versions/A/_CodeSignature/CodeResources	4.0K	CITATIONS_SOURCES	Possible citation/source registry material
/Users/sethadmin/ZZ_ARCHIVE_HOLD_iCloudDriveArchive_DO_NOT_USE_AS_ACTIVE_ROOT_20260524/Desktop/Desktop - SFMacBook Pro M5/Grammarly_quarantine/Grammarly Desktop.app/Contents/Frameworks/ProjectLlamaContent.framework/Versions/A/Frameworks/GRAnalytics.framework/Versions/A/Resources/Info.plist	4.0K	CITATIONS_SOURCES	Possible citation/source registry material
/Users/sethadmin/ZZ_ARCHIVE_HOLD_iCloudDriveArchive_DO_NOT_USE_AS_ACTIVE_ROOT_20260524/Desktop/Desktop - SFMacBook Pro M5/Grammarly_quarantine/Grammarly Desktop.app/Contents/Frameworks/ProjectLlamaContent.framework/Versions/A/Frameworks/AVIUtils_-72F9D5410BB19E07_PackageProduct.framework/Versions/A/_CodeSignature/CodeResources	4.0K	CITATIONS_SOURCES	Possible citation/source registry material
/Users/sethadmin/ZZ_ARCHIVE_HOLD_iCloudDriveArchive_DO_NOT_USE_AS_ACTIVE_ROOT_20260524/Desktop/Desktop - SFMacBook Pro M5/Grammarly_quarantine/Grammarly Desktop.app/Contents/Frameworks/ProjectLlamaContent.framework/Versions/A/Frameworks/AVIUtils_-72F9D5410BB19E07_PackageProduct.framework/Versions/A/Resources/Info.plist	4.0K	CITATIONS_SOURCES	Possible citation/source registry material
/Users/sethadmin/ZZ_ARCHIVE_HOLD_iCloudDriveArchive_DO_NOT_USE_AS_ACTIVE_ROOT_20260524/Desktop/Desktop - SFMacBook Pro M5/Grammarly_quarantine/Grammarly Desktop.app/Contents/Frameworks/ProjectLlamaContent.framework/Versions/A/Frameworks/SwiftProtobuf_7CEE9AB92C12BC6B_PackageProduct.framework/Versions/A/_CodeSignature/CodeResources	4.0K	CITATIONS_SOURCES	Possible citation/source registry material
/Users/sethadmin/ZZ_ARCHIVE_HOLD_iCloudDriveArchive_DO_NOT_USE_AS_ACTIVE_ROOT_20260524/Desktop/Desktop - SFMacBook Pro M5/Grammarly_quarantine/Grammarly Desktop.app/Contents/Frameworks/ProjectLlamaContent.framework/Versions/A/Frameworks/SwiftProtobuf_7CEE9AB92C12BC6B_PackageProduct.framework/Versions/A/Resources/SwiftProtobuf_SwiftProtobuf.bundle/Contents/Resources/PrivacyInfo.xcprivacy	4.0K	CITATIONS_SOURCES	Possible citation/source registry material
/Users/sethadmin/ZZ_ARCHIVE_HOLD_iCloudDriveArchive_DO_NOT_USE_AS_ACTIVE_ROOT_20260524/Desktop/Desktop - SFMacBook Pro M5/Grammarly_quarantine/Grammarly Desktop.app/Contents/Frameworks/ProjectLlamaContent.framework/Versions/A/Frameworks/SwiftProtobuf_7CEE9AB92C12BC6B_PackageProduct.framework/Versions/A/Resources/SwiftProtobuf_SwiftProtobuf.bundle/Contents/Info.plist	4.0K	CITATIONS_SOURCES	Possible citation/source registry material
/Users/sethadmin/ZZ_ARCHIVE_HOLD_iCloudDriveArchive_DO_NOT_USE_AS_ACTIVE_ROOT_20260524/Desktop/Desktop - SFMacBook Pro M5/Grammarly_quarantine/Grammarly Desktop.app/Contents/Frameworks/ProjectLlamaContent.framework/Versions/A/Frameworks/SwiftProtobuf_7CEE9AB92C12BC6B_PackageProduct.framework/Versions/A/Resources/Info.plist	4.0K	CITATIONS_SOURCES	Possible citation/source registry material
/Users/sethadmin/ZZ_ARCHIVE_HOLD_iCloudDriveArchive_DO_NOT_USE_AS_ACTIVE_ROOT_20260524/Desktop/Desktop - SFMacBook Pro M5/Grammarly_quarantine/Grammarly Desktop.app/Contents/Frameworks/ProjectLlamaContent.framework/Versions/A/Frameworks/GRAccessibilityKit.framework/Versions/A/_CodeSignature/CodeResources	4.0K	CITATIONS_SOURCES	Possible citation/source registry material
/Users/sethadmin/ZZ_ARCHIVE_HOLD_iCloudDriveArchive_DO_NOT_USE_AS_ACTIVE_ROOT_20260524/Desktop/Desktop - SFMacBook Pro M5/Grammarly_quarantine/Grammarly Desktop.app/Contents/Frameworks/ProjectLlamaContent.framework/Versions/A/Frameworks/GRAccessibilityKit.framework/Versions/A/Resources/Info.plist	4.0K	CITATIONS_SOURCES	Possible citation/source registry material
/Users/sethadmin/ZZ_ARCHIVE_HOLD_iCloudDriveArchive_DO_NOT_USE_AS_ACTIVE_ROOT_20260524/Desktop/Desktop - SFMacBook Pro M5/Grammarly_quarantine/Grammarly Desktop.app/Contents/Frameworks/ProjectLlamaContent.framework/Versions/A/Frameworks/GRNetwork.framework/Versions/A/_CodeSignature/CodeResources	4.0K	CITATIONS_SOURCES	Possible citation/source registry material
/Users/sethadmin/ZZ_ARCHIVE_HOLD_iCloudDriveArchive_DO_NOT_USE_AS_ACTIVE_ROOT_20260524/Desktop/Desktop - SFMacBook Pro M5/Grammarly_quarantine/Grammarly Desktop.app/Contents/Frameworks/ProjectLlamaContent.framework/Versions/A/Frameworks/GRNetwork.framework/Versions/A/Resources/Info.plist	4.0K	CITATIONS_SOURCES	Possible citation/source registry material
/Users/sethadmin/ZZ_ARCHIVE_HOLD_iCloudDriveArchive_DO_NOT_USE_AS_ACTIVE_ROOT_20260524/Desktop/Desktop - SFMacBook Pro M5/Grammarly_quarantine/Grammarly Desktop.app/Contents/Frameworks/ProjectLlamaContent.framework/Versions/A/Frameworks/GRLlamaUI.framework/Versions/A/_CodeSignature/CodeResources	12K	CITATIONS_SOURCES	Possible citation/source registry material
/Users/sethadmin/ZZ_ARCHIVE_HOLD_iCloudDriveArchive_DO_NOT_USE_AS_ACTIVE_ROOT_20260524/Desktop/Desktop - SFMacBook Pro M5/Grammarly_quarantine/Grammarly Desktop.app/Contents/Frameworks/ProjectLlamaContent.framework/Versions/A/Frameworks/GRLlamaUI.framework/Versions/A/Resources/SuperSans-Hairline.otf	76K	CITATIONS_SOURCES	Possible citation/source registry material
/Users/sethadmin/ZZ_ARCHIVE_HOLD_iCloudDriveArchive_DO_NOT_USE_AS_ACTIVE_ROOT_20260524/Desktop/Desktop - SFMacBook Pro M5/Grammarly_quarantine/Grammarly Desktop.app/Contents/Frameworks/ProjectLlamaContent.framework/Versions/A/Frameworks/GRLlamaUI.framework/Versions/A/Resources/MatterforGrammarly-Heavy.ttf	88K	CITATIONS_SOURCES	Possible citation/source registry material
/Users/sethadmin/ZZ_ARCHIVE_HOLD_iCloudDriveArchive_DO_NOT_USE_AS_ACTIVE_ROOT_20260524/Desktop/Desktop - SFMacBook Pro M5/Grammarly_quarantine/Grammarly Desktop.app/Contents/Frameworks/ProjectLlamaContent.framework/Versions/A/Frameworks/GRLlamaUI.framework/Versions/A/Resources/Inter-Medium.ttf	308K	CITATIONS_SOURCES	Possible citation/source registry material
/Users/sethadmin/ZZ_ARCHIVE_HOLD_iCloudDriveArchive_DO_NOT_USE_AS_ACTIVE_ROOT_20260524/Desktop/Desktop - SFMacBook Pro M5/Grammarly_quarantine/Grammarly Desktop.app/Contents/Frameworks/ProjectLlamaContent.framework/Versions/A/Frameworks/GRLlamaUI.framework/Versions/A/Resources/SuperSans-Book.otf	76K	CITATIONS_SOURCES	Possible citation/source registry material
/Users/sethadmin/ZZ_ARCHIVE_HOLD_iCloudDriveArchive_DO_NOT_USE_AS_ACTIVE_ROOT_20260524/Desktop/Desktop - SFMacBook Pro M5/Grammarly_quarantine/Grammarly Desktop.app/Contents/Frameworks/ProjectLlamaContent.framework/Versions/A/Frameworks/GRLlamaUI.framework/Versions/A/Resources/SuperSans-SemiBold.otf	80K	CITATIONS_SOURCES	Possible citation/source registry material
/Users/sethadmin/ZZ_ARCHIVE_HOLD_iCloudDriveArchive_DO_NOT_USE_AS_ACTIVE_ROOT_20260524/Desktop/Desktop - SFMacBook Pro M5/Grammarly_quarantine/Grammarly Desktop.app/Contents/Frameworks/ProjectLlamaContent.framework/Versions/A/Frameworks/GRLlamaUI.framework/Versions/A/Resources/SuperSans-Regular.otf	76K	CITATIONS_SOURCES	Possible citation/source registry material
/Users/sethadmin/ZZ_ARCHIVE_HOLD_iCloudDriveArchive_DO_NOT_USE_AS_ACTIVE_ROOT_20260524/Desktop/Desktop - SFMacBook Pro M5/Grammarly_quarantine/Grammarly Desktop.app/Contents/Frameworks/ProjectLlamaContent.framework/Versions/A/Frameworks/GRLlamaUI.framework/Versions/A/Resources/SuperSans-Bold.otf	80K	CITATIONS_SOURCES	Possible citation/source registry material
/Users/sethadmin/ZZ_ARCHIVE_HOLD_iCloudDriveArchive_DO_NOT_USE_AS_ACTIVE_ROOT_20260524/Desktop/Desktop - SFMacBook Pro M5/Grammarly_quarantine/Grammarly Desktop.app/Contents/Frameworks/ProjectLlamaContent.framework/Versions/A/Frameworks/GRLlamaUI.framework/Versions/A/Resources/SuperSans-LightItalic.otf	84K	CITATIONS_SOURCES	Possible citation/source registry material
/Users/sethadmin/ZZ_ARCHIVE_HOLD_iCloudDriveArchive_DO_NOT_USE_AS_ACTIVE_ROOT_20260524/Desktop/Desktop - SFMacBook Pro M5/Grammarly_quarantine/Grammarly Desktop.app/Contents/Frameworks/ProjectLlamaContent.framework/Versions/A/Frameworks/GRLlamaUI.framework/Versions/A/Resources/SuperSans-Thin.otf	80K	CITATIONS_SOURCES	Possible citation/source registry material
/Users/sethadmin/ZZ_ARCHIVE_HOLD_iCloudDriveArchive_DO_NOT_USE_AS_ACTIVE_ROOT_20260524/Desktop/Desktop - SFMacBook Pro M5/Grammarly_quarantine/Grammarly Desktop.app/Contents/Frameworks/ProjectLlamaContent.framework/Versions/A/Frameworks/GRLlamaUI.framework/Versions/A/Resources/SuperSans-BookItalic.otf	84K	CITATIONS_SOURCES	Possible citation/source registry material
/Users/sethadmin/ZZ_ARCHIVE_HOLD_iCloudDriveArchive_DO_NOT_USE_AS_ACTIVE_ROOT_20260524/Desktop/Desktop - SFMacBook Pro M5/Grammarly_quarantine/Grammarly Desktop.app/Contents/Frameworks/ProjectLlamaContent.framework/Versions/A/Frameworks/GRLlamaUI.framework/Versions/A/Resources/SuperSans-Light.otf	80K	CITATIONS_SOURCES	Possible citation/source registry material
/Users/sethadmin/ZZ_ARCHIVE_HOLD_iCloudDriveArchive_DO_NOT_USE_AS_ACTIVE_ROOT_20260524/Desktop/Desktop - SFMacBook Pro M5/Grammarly_quarantine/Grammarly Desktop.app/Contents/Frameworks/ProjectLlamaContent.framework/Versions/A/Frameworks/GRLlamaUI.framework/Versions/A/Resources/MatterforGrammarly-Medium.ttf	88K	CITATIONS_SOURCES	Possible citation/source registry material
/Users/sethadmin/ZZ_ARCHIVE_HOLD_iCloudDriveArchive_DO_NOT_USE_AS_ACTIVE_ROOT_20260524/Desktop/Desktop - SFMacBook Pro M5/Grammarly_quarantine/Grammarly Desktop.app/Contents/Frameworks/ProjectLlamaContent.framework/Versions/A/Frameworks/GRLlamaUI.framework/Versions/A/Resources/SuperSans-Medium.otf	80K	CITATIONS_SOURCES	Possible citation/source registry material
/Users/sethadmin/ZZ_ARCHIVE_HOLD_iCloudDriveArchive_DO_NOT_USE_AS_ACTIVE_ROOT_20260524/Desktop/Desktop - SFMacBook Pro M5/Grammarly_quarantine/Grammarly Desktop.app/Contents/Frameworks/ProjectLlamaContent.framework/Versions/A/Frameworks/GRLlamaUI.framework/Versions/A/Resources/SuperSans-ThinItalic.otf	84K	CITATIONS_SOURCES	Possible citation/source registry material
/Users/sethadmin/ZZ_ARCHIVE_HOLD_iCloudDriveArchive_DO_NOT_USE_AS_ACTIVE_ROOT_20260524/Desktop/Desktop - SFMacBook Pro M5/Grammarly_quarantine/Grammarly Desktop.app/Contents/Frameworks/ProjectLlamaContent.framework/Versions/A/Frameworks/GRLlamaUI.framework/Versions/A/Resources/SuperSans-RegularItalic.otf	84K	CITATIONS_SOURCES	Possible citation/source registry material
/Users/sethadmin/ZZ_ARCHIVE_HOLD_iCloudDriveArchive_DO_NOT_USE_AS_ACTIVE_ROOT_20260524/Desktop/Desktop - SFMacBook Pro M5/Grammarly_quarantine/Grammarly Desktop.app/Contents/Frameworks/ProjectLlamaContent.framework/Versions/A/Frameworks/GRLlamaUI.framework/Versions/A/Resources/SuperSans-BoldItalic.otf	84K	CITATIONS_SOURCES	Possible citation/source registry material
/Users/sethadmin/ZZ_ARCHIVE_HOLD_iCloudDriveArchive_DO_NOT_USE_AS_ACTIVE_ROOT_20260524/Desktop/Desktop - SFMacBook Pro M5/Grammarly_quarantine/Grammarly Desktop.app/Contents/Frameworks/ProjectLlamaContent.framework/Versions/A/Frameworks/GRLlamaUI.framework/Versions/A/Resources/Inter-Bold.ttf	392K	CITATIONS_SOURCES	Possible citation/source registry material
/Users/sethadmin/ZZ_ARCHIVE_HOLD_iCloudDriveArchive_DO_NOT_USE_AS_ACTIVE_ROOT_20260524/Desktop/Desktop - SFMacBook Pro M5/Grammarly_quarantine/Grammarly Desktop.app/Contents/Frameworks/ProjectLlamaContent.framework/Versions/A/Frameworks/GRLlamaUI.framework/Versions/A/Resources/SuperSans-BlackItalic.otf	80K	CITATIONS_SOURCES	Possible citation/source registry material
/Users/sethadmin/ZZ_ARCHIVE_HOLD_iCloudDriveArchive_DO_NOT_USE_AS_ACTIVE_ROOT_20260524/Desktop/Desktop - SFMacBook Pro M5/Grammarly_quarantine/Grammarly Desktop.app/Contents/Frameworks/ProjectLlamaContent.framework/Versions/A/Frameworks/GRLlamaUI.framework/Versions/A/Resources/Inter-Regular.ttf	376K	CITATIONS_SOURCES	Possible citation/source registry material
/Users/sethadmin/ZZ_ARCHIVE_HOLD_iCloudDriveArchive_DO_NOT_USE_AS_ACTIVE_ROOT_20260524/Desktop/Desktop - SFMacBook Pro M5/Grammarly_quarantine/Grammarly Desktop.app/Contents/Frameworks/ProjectLlamaContent.framework/Versions/A/Frameworks/GRLlamaUI.framework/Versions/A/Resources/Assets.car	120K	CITATIONS_SOURCES	Possible citation/source registry material
/Users/sethadmin/ZZ_ARCHIVE_HOLD_iCloudDriveArchive_DO_NOT_USE_AS_ACTIVE_ROOT_20260524/Desktop/Desktop - SFMacBook Pro M5/Grammarly_quarantine/Grammarly Desktop.app/Contents/Frameworks/ProjectLlamaContent.framework/Versions/A/Frameworks/GRLlamaUI.framework/Versions/A/Resources/MatterforGrammarly-Regular.ttf	88K	CITATIONS_SOURCES	Possible citation/source registry material
/Users/sethadmin/ZZ_ARCHIVE_HOLD_iCloudDriveArchive_DO_NOT_USE_AS_ACTIVE_ROOT_20260524/Desktop/Desktop - SFMacBook Pro M5/Grammarly_quarantine/Grammarly Desktop.app/Contents/Frameworks/ProjectLlamaContent.framework/Versions/A/Frameworks/GRLlamaUI.framework/Versions/A/Resources/Inter-BoldItalic.ttf	396K	CITATIONS_SOURCES	Possible citation/source registry material
/Users/sethadmin/ZZ_ARCHIVE_HOLD_iCloudDriveArchive_DO_NOT_USE_AS_ACTIVE_ROOT_20260524/Desktop/Desktop - SFMacBook Pro M5/Grammarly_quarantine/Grammarly Desktop.app/Contents/Frameworks/ProjectLlamaContent.framework/Versions/A/Frameworks/GRLlamaUI.framework/Versions/A/Resources/MatterforGrammarly-Bold.ttf	88K	CITATIONS_SOURCES	Possible citation/source registry material
/Users/sethadmin/ZZ_ARCHIVE_HOLD_iCloudDriveArchive_DO_NOT_USE_AS_ACTIVE_ROOT_20260524/Desktop/Desktop - SFMacBook Pro M5/Grammarly_quarantine/Grammarly Desktop.app/Contents/Frameworks/ProjectLlamaContent.framework/Versions/A/Frameworks/GRLlamaUI.framework/Versions/A/Resources/SuperSans-SemiBoldItalic.otf	84K	CITATIONS_SOURCES	Possible citation/source registry material
/Users/sethadmin/ZZ_ARCHIVE_HOLD_iCloudDriveArchive_DO_NOT_USE_AS_ACTIVE_ROOT_20260524/Desktop/Desktop - SFMacBook Pro M5/Grammarly_quarantine/Grammarly Desktop.app/Contents/Frameworks/ProjectLlamaContent.framework/Versions/A/Frameworks/GRLlamaUI.framework/Versions/A/Resources/SuperSans-HairlineItalic.otf	80K	CITATIONS_SOURCES	Possible citation/source registry material
/Users/sethadmin/ZZ_ARCHIVE_HOLD_iCloudDriveArchive_DO_NOT_USE_AS_ACTIVE_ROOT_20260524/Desktop/Desktop - SFMacBook Pro M5/Grammarly_quarantine/Grammarly Desktop.app/Contents/Frameworks/ProjectLlamaContent.framework/Versions/A/Frameworks/GRLlamaUI.framework/Versions/A/Resources/Inter-Italic.ttf	384K	CITATIONS_SOURCES	Possible citation/source registry material
/Users/sethadmin/ZZ_ARCHIVE_HOLD_iCloudDriveArchive_DO_NOT_USE_AS_ACTIVE_ROOT_20260524/Desktop/Desktop - SFMacBook Pro M5/Grammarly_quarantine/Grammarly Desktop.app/Contents/Frameworks/ProjectLlamaContent.framework/Versions/A/Frameworks/GRLlamaUI.framework/Versions/A/Resources/SuperSans-Black.otf	76K	CITATIONS_SOURCES	Possible citation/source registry material
/Users/sethadmin/ZZ_ARCHIVE_HOLD_iCloudDriveArchive_DO_NOT_USE_AS_ACTIVE_ROOT_20260524/Desktop/Desktop - SFMacBook Pro M5/Grammarly_quarantine/Grammarly Desktop.app/Contents/Frameworks/ProjectLlamaContent.framework/Versions/A/Frameworks/GRLlamaUI.framework/Versions/A/Resources/SuperSans-MediumItalic.otf	84K	CITATIONS_SOURCES	Possible citation/source registry material
/Users/sethadmin/ZZ_ARCHIVE_HOLD_iCloudDriveArchive_DO_NOT_USE_AS_ACTIVE_ROOT_20260524/Desktop/Desktop - SFMacBook Pro M5/Grammarly_quarantine/Grammarly Desktop.app/Contents/Frameworks/ProjectLlamaContent.framework/Versions/A/Frameworks/GRLlamaUI.framework/Versions/A/Resources/MatterforGrammarly-SemiBold.ttf	88K	CITATIONS_SOURCES	Possible citation/source registry material
/Users/sethadmin/ZZ_ARCHIVE_HOLD_iCloudDriveArchive_DO_NOT_USE_AS_ACTIVE_ROOT_20260524/Desktop/Desktop - SFMacBook Pro M5/Grammarly_quarantine/Grammarly Desktop.app/Contents/Frameworks/ProjectLlamaContent.framework/Versions/A/Frameworks/GRLlamaUI.framework/Versions/A/Resources/Info.plist	4.0K	CITATIONS_SOURCES	Possible citation/source registry material
/Users/sethadmin/ZZ_ARCHIVE_HOLD_iCloudDriveArchive_DO_NOT_USE_AS_ACTIVE_ROOT_20260524/Desktop/Desktop - SFMacBook Pro M5/Grammarly_quarantine/Grammarly Desktop.app/Contents/Frameworks/ProjectLlamaContent.framework/Versions/A/Frameworks/GRCoreApi.framework/Versions/A/_CodeSignature/CodeResources	4.0K	CITATIONS_SOURCES	Possible citation/source registry material
/Users/sethadmin/ZZ_ARCHIVE_HOLD_iCloudDriveArchive_DO_NOT_USE_AS_ACTIVE_ROOT_20260524/Desktop/Desktop - SFMacBook Pro M5/Grammarly_quarantine/Grammarly Desktop.app/Contents/Frameworks/ProjectLlamaContent.framework/Versions/A/Frameworks/GRCoreApi.framework/Versions/A/Resources/Info.plist	4.0K	CITATIONS_SOURCES	Possible citation/source registry material
/Users/sethadmin/ZZ_ARCHIVE_HOLD_iCloudDriveArchive_DO_NOT_USE_AS_ACTIVE_ROOT_20260524/Desktop/Desktop - SFMacBook Pro M5/Grammarly_quarantine/Grammarly Desktop.app/Contents/Frameworks/ProjectLlamaContent.framework/Versions/A/Frameworks/GRUI.framework/Versions/A/_CodeSignature/CodeResources	4.0K	CITATIONS_SOURCES	Possible citation/source registry material
/Users/sethadmin/ZZ_ARCHIVE_HOLD_iCloudDriveArchive_DO_NOT_USE_AS_ACTIVE_ROOT_20260524/Desktop/Desktop - SFMacBook Pro M5/Grammarly_quarantine/Grammarly Desktop.app/Contents/Frameworks/ProjectLlamaContent.framework/Versions/A/Frameworks/GRUI.framework/Versions/A/Resources/Info.plist	4.0K	CITATIONS_SOURCES	Possible citation/source registry material
/Users/sethadmin/ZZ_ARCHIVE_HOLD_iCloudDriveArchive_DO_NOT_USE_AS_ACTIVE_ROOT_20260524/Desktop/Desktop - SFMacBook Pro M5/Grammarly_quarantine/Grammarly Desktop.app/Contents/Frameworks/ProjectLlamaContent.framework/Versions/A/Frameworks/SQLite.framework/Versions/A/_CodeSignature/CodeResources	4.0K	CITATIONS_SOURCES	Possible citation/source registry material
/Users/sethadmin/ZZ_ARCHIVE_HOLD_iCloudDriveArchive_DO_NOT_USE_AS_ACTIVE_ROOT_20260524/Desktop/Desktop - SFMacBook Pro M5/Grammarly_quarantine/Grammarly Desktop.app/Contents/Frameworks/ProjectLlamaContent.framework/Versions/A/Frameworks/SQLite.framework/Versions/A/Resources/PrivacyInfo.xcprivacy	4.0K	CITATIONS_SOURCES	Possible citation/source registry material
/Users/sethadmin/ZZ_ARCHIVE_HOLD_iCloudDriveArchive_DO_NOT_USE_AS_ACTIVE_ROOT_20260524/Desktop/Desktop - SFMacBook Pro M5/Grammarly_quarantine/Grammarly Desktop.app/Contents/Frameworks/ProjectLlamaContent.framework/Versions/A/Frameworks/SQLite.framework/Versions/A/Resources/Info.plist	4.0K	CITATIONS_SOURCES	Possible citation/source registry material
/Users/sethadmin/ZZ_ARCHIVE_HOLD_iCloudDriveArchive_DO_NOT_USE_AS_ACTIVE_ROOT_20260524/Desktop/Desktop - SFMacBook Pro M5/Grammarly_quarantine/Grammarly Desktop.app/Contents/Frameworks/ProjectLlamaContent.framework/Versions/A/Frameworks/GRUser.framework/Versions/A/_CodeSignature/CodeResources	4.0K	CITATIONS_SOURCES	Possible citation/source registry material
/Users/sethadmin/ZZ_ARCHIVE_HOLD_iCloudDriveArchive_DO_NOT_USE_AS_ACTIVE_ROOT_20260524/Desktop/Desktop - SFMacBook Pro M5/Grammarly_quarantine/Grammarly Desktop.app/Contents/Frameworks/ProjectLlamaContent.framework/Versions/A/Frameworks/GRUser.framework/Versions/A/Resources/Info.plist	4.0K	CITATIONS_SOURCES	Possible citation/source registry material
/Users/sethadmin/ZZ_ARCHIVE_HOLD_iCloudDriveArchive_DO_NOT_USE_AS_ACTIVE_ROOT_20260524/Desktop/Desktop - SFMacBook Pro M5/Grammarly_quarantine/com.grammarly.ProjectLlama/Grammarly Desktop Update Service.app/Contents/_CodeSignature/CodeResources	8.0K	CITATIONS_SOURCES	Possible citation/source registry material
/Users/sethadmin/ZZ_ARCHIVE_HOLD_iCloudDriveArchive_DO_NOT_USE_AS_ACTIVE_ROOT_20260524/Desktop/Desktop - SFMacBook Pro M5/Grammarly_quarantine/com.grammarly.ProjectLlama/Grammarly Desktop Update Service.app/Contents/Resources/AppIcon.icns	44K	CITATIONS_SOURCES	Possible citation/source registry material
/Users/sethadmin/ZZ_ARCHIVE_HOLD_iCloudDriveArchive_DO_NOT_USE_AS_ACTIVE_ROOT_20260524/Desktop/Desktop - SFMacBook Pro M5/Grammarly_quarantine/com.grammarly.ProjectLlama/Grammarly Desktop Update Service.app/Contents/Resources/README.md	8.0K	CITATIONS_SOURCES	Possible citation/source registry material
/Users/sethadmin/ZZ_ARCHIVE_HOLD_iCloudDriveArchive_DO_NOT_USE_AS_ACTIVE_ROOT_20260524/Desktop/Desktop - SFMacBook Pro M5/Grammarly_quarantine/com.grammarly.ProjectLlama/Grammarly Desktop Update Service.app/Contents/Resources/emergency-update-service-lifecycle-detail.puml	8.0K	CITATIONS_SOURCES	Possible citation/source registry material
/Users/sethadmin/ZZ_ARCHIVE_HOLD_iCloudDriveArchive_DO_NOT_USE_AS_ACTIVE_ROOT_20260524/Desktop/Desktop - SFMacBook Pro M5/Grammarly_quarantine/com.grammarly.ProjectLlama/Grammarly Desktop Update Service.app/Contents/Resources/Assets.car	1.3M	CITATIONS_SOURCES	Possible citation/source registry material
/Users/sethadmin/ZZ_ARCHIVE_HOLD_iCloudDriveArchive_DO_NOT_USE_AS_ACTIVE_ROOT_20260524/Desktop/Desktop - SFMacBook Pro M5/Grammarly_quarantine/com.grammarly.ProjectLlama/Grammarly Desktop Update Service.app/Contents/Resources/emergency-update-service-lifecycle-overview.puml	4.0K	CITATIONS_SOURCES	Possible citation/source registry material
/Users/sethadmin/ZZ_ARCHIVE_HOLD_iCloudDriveArchive_DO_NOT_USE_AS_ACTIVE_ROOT_20260524/Desktop/Desktop - SFMacBook Pro M5/Grammarly_quarantine/com.grammarly.ProjectLlama/Grammarly Desktop Update Service.app/Contents/Resources/emergency-update-service-installation-detail.puml	8.0K	CITATIONS_SOURCES	Possible citation/source registry material
/Users/sethadmin/ZZ_ARCHIVE_HOLD_iCloudDriveArchive_DO_NOT_USE_AS_ACTIVE_ROOT_20260524/Desktop/Desktop - SFMacBook Pro M5/Grammarly_quarantine/com.grammarly.ProjectLlama/Grammarly Desktop Uninstaller.app/Contents/_CodeSignature/CodeResources	12K	CITATIONS_SOURCES	Possible citation/source registry material
/Users/sethadmin/ZZ_ARCHIVE_HOLD_iCloudDriveArchive_DO_NOT_USE_AS_ACTIVE_ROOT_20260524/Desktop/Desktop - SFMacBook Pro M5/Grammarly_quarantine/com.grammarly.ProjectLlama/Grammarly Desktop Uninstaller.app/Contents/Resources/AppIcon.icns	48K	CITATIONS_SOURCES	Possible citation/source registry material
/Users/sethadmin/ZZ_ARCHIVE_HOLD_iCloudDriveArchive_DO_NOT_USE_AS_ACTIVE_ROOT_20260524/Desktop/Desktop - SFMacBook Pro M5/Grammarly_quarantine/com.grammarly.ProjectLlama/Grammarly Desktop Uninstaller.app/Contents/Resources/Assets.car	1.5M	CITATIONS_SOURCES	Possible citation/source registry material
/Users/sethadmin/ZZ_ARCHIVE_HOLD_iCloudDriveArchive_DO_NOT_USE_AS_ACTIVE_ROOT_20260524/Desktop/Desktop - SFMacBook Pro M5/Grammarly_quarantine/com.grammarly.ProjectLlama/Grammarly Desktop Uninstaller.app/Contents/Frameworks/GROAuth2.framework/Versions/A/_CodeSignature/CodeResources	4.0K	CITATIONS_SOURCES	Possible citation/source registry material
/Users/sethadmin/ZZ_ARCHIVE_HOLD_iCloudDriveArchive_DO_NOT_USE_AS_ACTIVE_ROOT_20260524/Desktop/Desktop - SFMacBook Pro M5/Grammarly_quarantine/com.grammarly.ProjectLlama/Grammarly Desktop Uninstaller.app/Contents/Frameworks/GROAuth2.framework/Versions/A/Resources/Info.plist	4.0K	CITATIONS_SOURCES	Possible citation/source registry material
/Users/sethadmin/ZZ_ARCHIVE_HOLD_iCloudDriveArchive_DO_NOT_USE_AS_ACTIVE_ROOT_20260524/Desktop/Desktop - SFMacBook Pro M5/Grammarly_quarantine/com.grammarly.ProjectLlama/Grammarly Desktop Uninstaller.app/Contents/Frameworks/GRLlamaUtils.framework/Versions/A/_CodeSignature/CodeResources	4.0K	CITATIONS_SOURCES	Possible citation/source registry material
/Users/sethadmin/ZZ_ARCHIVE_HOLD_iCloudDriveArchive_DO_NOT_USE_AS_ACTIVE_ROOT_20260524/Desktop/Desktop - SFMacBook Pro M5/Grammarly_quarantine/com.grammarly.ProjectLlama/Grammarly Desktop Uninstaller.app/Contents/Frameworks/GRLlamaUtils.framework/Versions/A/Resources/Info.plist	4.0K	CITATIONS_SOURCES	Possible citation/source registry material
/Users/sethadmin/ZZ_ARCHIVE_HOLD_iCloudDriveArchive_DO_NOT_USE_AS_ACTIVE_ROOT_20260524/Desktop/Desktop - SFMacBook Pro M5/Grammarly_quarantine/com.grammarly.ProjectLlama/Grammarly Desktop Uninstaller.app/Contents/Frameworks/QuillDelta.framework/Versions/A/_CodeSignature/CodeResources	4.0K	CITATIONS_SOURCES	Possible citation/source registry material
/Users/sethadmin/ZZ_ARCHIVE_HOLD_iCloudDriveArchive_DO_NOT_USE_AS_ACTIVE_ROOT_20260524/Desktop/Desktop - SFMacBook Pro M5/Grammarly_quarantine/com.grammarly.ProjectLlama/Grammarly Desktop Uninstaller.app/Contents/Frameworks/QuillDelta.framework/Versions/A/Resources/Info.plist	4.0K	CITATIONS_SOURCES	Possible citation/source registry material
/Users/sethadmin/ZZ_ARCHIVE_HOLD_iCloudDriveArchive_DO_NOT_USE_AS_ACTIVE_ROOT_20260524/Desktop/Desktop - SFMacBook Pro M5/Grammarly_quarantine/com.grammarly.ProjectLlama/Grammarly Desktop Uninstaller.app/Contents/Frameworks/GRServices.framework/Versions/A/_CodeSignature/CodeResources	4.0K	CITATIONS_SOURCES	Possible citation/source registry material
/Users/sethadmin/ZZ_ARCHIVE_HOLD_iCloudDriveArchive_DO_NOT_USE_AS_ACTIVE_ROOT_20260524/Desktop/Desktop - SFMacBook Pro M5/Grammarly_quarantine/com.grammarly.ProjectLlama/Grammarly Desktop Uninstaller.app/Contents/Frameworks/GRServices.framework/Versions/A/Resources/Info.plist	4.0K	CITATIONS_SOURCES	Possible citation/source registry material
/Users/sethadmin/ZZ_ARCHIVE_HOLD_iCloudDriveArchive_DO_NOT_USE_AS_ACTIVE_ROOT_20260524/Desktop/Desktop - SFMacBook Pro M5/Grammarly_quarantine/com.grammarly.ProjectLlama/Grammarly Desktop Uninstaller.app/Contents/Frameworks/GRUtils.framework/Versions/A/_CodeSignature/CodeResources	4.0K	CITATIONS_SOURCES	Possible citation/source registry material
/Users/sethadmin/ZZ_ARCHIVE_HOLD_iCloudDriveArchive_DO_NOT_USE_AS_ACTIVE_ROOT_20260524/Desktop/Desktop - SFMacBook Pro M5/Grammarly_quarantine/com.grammarly.ProjectLlama/Grammarly Desktop Uninstaller.app/Contents/Frameworks/GRUtils.framework/Versions/A/Resources/Info.plist	4.0K	CITATIONS_SOURCES	Possible citation/source registry material
/Users/sethadmin/ZZ_ARCHIVE_HOLD_iCloudDriveArchive_DO_NOT_USE_AS_ACTIVE_ROOT_20260524/Desktop/Desktop - SFMacBook Pro M5/Grammarly_quarantine/com.grammarly.ProjectLlama/Grammarly Desktop Uninstaller.app/Contents/Frameworks/GRDiffUtils.framework/Versions/A/_CodeSignature/CodeResources	4.0K	CITATIONS_SOURCES	Possible citation/source registry material
/Users/sethadmin/ZZ_ARCHIVE_HOLD_iCloudDriveArchive_DO_NOT_USE_AS_ACTIVE_ROOT_20260524/Desktop/Desktop - SFMacBook Pro M5/Grammarly_quarantine/com.grammarly.ProjectLlama/Grammarly Desktop Uninstaller.app/Contents/Frameworks/GRDiffUtils.framework/Versions/A/Resources/Info.plist	4.0K	CITATIONS_SOURCES	Possible citation/source registry material
/Users/sethadmin/ZZ_ARCHIVE_HOLD_iCloudDriveArchive_DO_NOT_USE_AS_ACTIVE_ROOT_20260524/Desktop/Desktop - SFMacBook Pro M5/Grammarly_quarantine/com.grammarly.ProjectLlama/Grammarly Desktop Uninstaller.app/Contents/Frameworks/GRFoundation.framework/Versions/A/_CodeSignature/CodeResources	4.0K	CITATIONS_SOURCES	Possible citation/source registry material
/Users/sethadmin/ZZ_ARCHIVE_HOLD_iCloudDriveArchive_DO_NOT_USE_AS_ACTIVE_ROOT_20260524/Desktop/Desktop - SFMacBook Pro M5/Grammarly_quarantine/com.grammarly.ProjectLlama/Grammarly Desktop Uninstaller.app/Contents/Frameworks/GRFoundation.framework/Versions/A/Resources/Info.plist	4.0K	CITATIONS_SOURCES	Possible citation/source registry material
/Users/sethadmin/ZZ_ARCHIVE_HOLD_iCloudDriveArchive_DO_NOT_USE_AS_ACTIVE_ROOT_20260524/Desktop/Desktop - SFMacBook Pro M5/Grammarly_quarantine/com.grammarly.ProjectLlama/Grammarly Desktop Uninstaller.app/Contents/Frameworks/GRCoreModel.framework/Versions/A/_CodeSignature/CodeResources	4.0K	CITATIONS_SOURCES	Possible citation/source registry material
/Users/sethadmin/ZZ_ARCHIVE_HOLD_iCloudDriveArchive_DO_NOT_USE_AS_ACTIVE_ROOT_20260524/Desktop/Desktop - SFMacBook Pro M5/Grammarly_quarantine/com.grammarly.ProjectLlama/Grammarly Desktop Uninstaller.app/Contents/Frameworks/GRCoreModel.framework/Versions/A/Resources/Info.plist	4.0K	CITATIONS_SOURCES	Possible citation/source registry material
/Users/sethadmin/ZZ_ARCHIVE_HOLD_iCloudDriveArchive_DO_NOT_USE_AS_ACTIVE_ROOT_20260524/Desktop/Desktop - SFMacBook Pro M5/Grammarly_quarantine/com.grammarly.ProjectLlama/Grammarly Desktop Uninstaller.app/Contents/Frameworks/DiffMatchPatch.framework/Versions/A/_CodeSignature/CodeResources	4.0K	CITATIONS_SOURCES	Possible citation/source registry material
/Users/sethadmin/ZZ_ARCHIVE_HOLD_iCloudDriveArchive_DO_NOT_USE_AS_ACTIVE_ROOT_20260524/Desktop/Desktop - SFMacBook Pro M5/Grammarly_quarantine/com.grammarly.ProjectLlama/Grammarly Desktop Uninstaller.app/Contents/Frameworks/DiffMatchPatch.framework/Versions/A/Resources/English.lproj/InfoPlist.strings	4.0K	CITATIONS_SOURCES	Possible citation/source registry material
/Users/sethadmin/ZZ_ARCHIVE_HOLD_iCloudDriveArchive_DO_NOT_USE_AS_ACTIVE_ROOT_20260524/Desktop/Desktop - SFMacBook Pro M5/Grammarly_quarantine/com.grammarly.ProjectLlama/Grammarly Desktop Uninstaller.app/Contents/Frameworks/DiffMatchPatch.framework/Versions/A/Resources/Info.plist	4.0K	CITATIONS_SOURCES	Possible citation/source registry material
/Users/sethadmin/ZZ_ARCHIVE_HOLD_iCloudDriveArchive_DO_NOT_USE_AS_ACTIVE_ROOT_20260524/Desktop/Desktop - SFMacBook Pro M5/Grammarly_quarantine/com.grammarly.ProjectLlama/Grammarly Desktop Uninstaller.app/Contents/Frameworks/GRAnalytics.framework/Versions/A/_CodeSignature/CodeResources	4.0K	CITATIONS_SOURCES	Possible citation/source registry material
/Users/sethadmin/ZZ_ARCHIVE_HOLD_iCloudDriveArchive_DO_NOT_USE_AS_ACTIVE_ROOT_20260524/Desktop/Desktop - SFMacBook Pro M5/Grammarly_quarantine/com.grammarly.ProjectLlama/Grammarly Desktop Uninstaller.app/Contents/Frameworks/GRAnalytics.framework/Versions/A/Resources/Info.plist	4.0K	CITATIONS_SOURCES	Possible citation/source registry material
/Users/sethadmin/ZZ_ARCHIVE_HOLD_iCloudDriveArchive_DO_NOT_USE_AS_ACTIVE_ROOT_20260524/Desktop/Desktop - SFMacBook Pro M5/Grammarly_quarantine/com.grammarly.ProjectLlama/Grammarly Desktop Uninstaller.app/Contents/Frameworks/GRNetwork.framework/Versions/A/_CodeSignature/CodeResources	4.0K	CITATIONS_SOURCES	Possible citation/source registry material
/Users/sethadmin/ZZ_ARCHIVE_HOLD_iCloudDriveArchive_DO_NOT_USE_AS_ACTIVE_ROOT_20260524/Desktop/Desktop - SFMacBook Pro M5/Grammarly_quarantine/com.grammarly.ProjectLlama/Grammarly Desktop Uninstaller.app/Contents/Frameworks/GRNetwork.framework/Versions/A/Resources/Info.plist	4.0K	CITATIONS_SOURCES	Possible citation/source registry material
/Users/sethadmin/ZZ_ARCHIVE_HOLD_iCloudDriveArchive_DO_NOT_USE_AS_ACTIVE_ROOT_20260524/Desktop/Desktop - SFMacBook Pro M5/Grammarly_quarantine/com.grammarly.ProjectLlama/Grammarly Desktop Uninstaller.app/Contents/Frameworks/GRUI.framework/Versions/A/_CodeSignature/CodeResources	4.0K	CITATIONS_SOURCES	Possible citation/source registry material
/Users/sethadmin/ZZ_ARCHIVE_HOLD_iCloudDriveArchive_DO_NOT_USE_AS_ACTIVE_ROOT_20260524/Desktop/Desktop - SFMacBook Pro M5/Grammarly_quarantine/com.grammarly.ProjectLlama/Grammarly Desktop Uninstaller.app/Contents/Frameworks/GRUI.framework/Versions/A/Resources/Info.plist	4.0K	CITATIONS_SOURCES	Possible citation/source registry material
/Users/sethadmin/ZZ_ARCHIVE_HOLD_iCloudDriveArchive_DO_NOT_USE_AS_ACTIVE_ROOT_20260524/Desktop/Desktop - SFMacBook Pro M5/Grammarly_quarantine/com.grammarly.ProjectLlama/Grammarly Desktop Uninstaller.app/Contents/Frameworks/GRUser.framework/Versions/A/_CodeSignature/CodeResources	4.0K	CITATIONS_SOURCES	Possible citation/source registry material
/Users/sethadmin/ZZ_ARCHIVE_HOLD_iCloudDriveArchive_DO_NOT_USE_AS_ACTIVE_ROOT_20260524/Desktop/Desktop - SFMacBook Pro M5/Grammarly_quarantine/com.grammarly.ProjectLlama/Grammarly Desktop Uninstaller.app/Contents/Frameworks/GRUser.framework/Versions/A/Resources/Info.plist	4.0K	CITATIONS_SOURCES	Possible citation/source registry material
/Users/sethadmin/ZZ_ARCHIVE_HOLD_iCloudDriveArchive_DO_NOT_USE_AS_ACTIVE_ROOT_20260524/Desktop/Desktop - SFMacBook Pro M5/Grammarly_quarantine/com.grammarly.ProjectLlama/GRLoginHelper.app/Contents/_CodeSignature/CodeResources	8.0K	CITATIONS_SOURCES	Possible citation/source registry material
/Users/sethadmin/ZZ_ARCHIVE_HOLD_iCloudDriveArchive_DO_NOT_USE_AS_ACTIVE_ROOT_20260524/Desktop/Desktop - SFMacBook Pro M5/Grammarly_quarantine/com.grammarly.ProjectLlama/GRLoginHelper.app/Contents/Resources/Resources/AppIcon.icon/icon.json	4.0K	CITATIONS_SOURCES	Possible citation/source registry material
/Users/sethadmin/ZZ_ARCHIVE_HOLD_iCloudDriveArchive_DO_NOT_USE_AS_ACTIVE_ROOT_20260524/Desktop/Desktop - SFMacBook Pro M5/Grammarly_quarantine/com.grammarly.ProjectLlama/GRLoginHelper.app/Contents/Resources/Resources/AppIcon.icon/Assets/logomark-color-default.svg	4.0K	CITATIONS_SOURCES	Possible citation/source registry material
/Users/sethadmin/ZZ_ARCHIVE_HOLD_iCloudDriveArchive_DO_NOT_USE_AS_ACTIVE_ROOT_20260524/Desktop/Desktop - SFMacBook Pro M5/Grammarly_quarantine/com.grammarly.ProjectLlama/GRLoginHelper.app/Contents/Resources/Resources/System.xcassets/AppIcon.appiconset/AppIcon-64.png	8.0K	CITATIONS_SOURCES	Possible citation/source registry material
/Users/sethadmin/ZZ_ARCHIVE_HOLD_iCloudDriveArchive_DO_NOT_USE_AS_ACTIVE_ROOT_20260524/Desktop/Desktop - SFMacBook Pro M5/Grammarly_quarantine/com.grammarly.ProjectLlama/GRLoginHelper.app/Contents/Resources/Resources/System.xcassets/AppIcon.appiconset/AppIcon-1024.png	268K	CITATIONS_SOURCES	Possible citation/source registry material
/Users/sethadmin/ZZ_ARCHIVE_HOLD_iCloudDriveArchive_DO_NOT_USE_AS_ACTIVE_ROOT_20260524/Desktop/Desktop - SFMacBook Pro M5/Grammarly_quarantine/com.grammarly.ProjectLlama/GRLoginHelper.app/Contents/Resources/Resources/System.xcassets/AppIcon.appiconset/AppIcon-512.png	104K	CITATIONS_SOURCES	Possible citation/source registry material
/Users/sethadmin/ZZ_ARCHIVE_HOLD_iCloudDriveArchive_DO_NOT_USE_AS_ACTIVE_ROOT_20260524/Desktop/Desktop - SFMacBook Pro M5/Grammarly_quarantine/com.grammarly.ProjectLlama/GRLoginHelper.app/Contents/Resources/Resources/System.xcassets/AppIcon.appiconset/AppIcon-128.png	16K	CITATIONS_SOURCES	Possible citation/source registry material
/Users/sethadmin/ZZ_ARCHIVE_HOLD_iCloudDriveArchive_DO_NOT_USE_AS_ACTIVE_ROOT_20260524/Desktop/Desktop - SFMacBook Pro M5/Grammarly_quarantine/com.grammarly.ProjectLlama/GRLoginHelper.app/Contents/Resources/Resources/System.xcassets/AppIcon.appiconset/AppIcon-16.png	4.0K	CITATIONS_SOURCES	Possible citation/source registry material
/Users/sethadmin/ZZ_ARCHIVE_HOLD_iCloudDriveArchive_DO_NOT_USE_AS_ACTIVE_ROOT_20260524/Desktop/Desktop - SFMacBook Pro M5/Grammarly_quarantine/com.grammarly.ProjectLlama/GRLoginHelper.app/Contents/Resources/Resources/System.xcassets/AppIcon.appiconset/AppIcon-32.png	4.0K	CITATIONS_SOURCES	Possible citation/source registry material
/Users/sethadmin/ZZ_ARCHIVE_HOLD_iCloudDriveArchive_DO_NOT_USE_AS_ACTIVE_ROOT_20260524/Desktop/Desktop - SFMacBook Pro M5/Grammarly_quarantine/com.grammarly.ProjectLlama/GRLoginHelper.app/Contents/Resources/Resources/System.xcassets/AppIcon.appiconset/Contents.json	4.0K	CITATIONS_SOURCES	Possible citation/source registry material
/Users/sethadmin/ZZ_ARCHIVE_HOLD_iCloudDriveArchive_DO_NOT_USE_AS_ACTIVE_ROOT_20260524/Desktop/Desktop - SFMacBook Pro M5/Grammarly_quarantine/com.grammarly.ProjectLlama/GRLoginHelper.app/Contents/Resources/Resources/System.xcassets/AppIcon.appiconset/AppIcon-256.png	40K	CITATIONS_SOURCES	Possible citation/source registry material
/Users/sethadmin/ZZ_ARCHIVE_HOLD_iCloudDriveArchive_DO_NOT_USE_AS_ACTIVE_ROOT_20260524/Desktop/Desktop - SFMacBook Pro M5/Grammarly_quarantine/com.grammarly.ProjectLlama/GRLoginHelper.app/Contents/Resources/Resources/System.xcassets/Contents.json	4.0K	CITATIONS_SOURCES	Possible citation/source registry material
/Users/sethadmin/ZZ_ARCHIVE_HOLD_iCloudDriveArchive_DO_NOT_USE_AS_ACTIVE_ROOT_20260524/Desktop/Desktop - SFMacBook Pro M5/Grammarly_quarantine/com.grammarly.ProjectLlama/GRLoginHelper.app/Contents/Resources/MainMenu.nib	24K	CITATIONS_SOURCES	Possible citation/source registry material
/Users/sethadmin/ZZ_ARCHIVE_HOLD_iCloudDriveArchive_DO_NOT_USE_AS_ACTIVE_ROOT_20260524/Desktop/Housing Policy Archive Files/duplicates-2025-12-31/docs/resources-summary 2.md	16K	CITATIONS_SOURCES	Possible citation/source registry material
/Users/sethadmin/ZZ_ARCHIVE_HOLD_iCloudDriveArchive_DO_NOT_USE_AS_ACTIVE_ROOT_20260524/Desktop/Housing Policy Archive Files/duplicates-2025-12-31/docs/resources-index 2.md	20K	CITATIONS_SOURCES	Possible citation/source registry material
/Users/sethadmin/ZZ_ARCHIVE_HOLD_iCloudDriveArchive_DO_NOT_USE_AS_ACTIVE_ROOT_20260524/Desktop/Housing Policy Archive Files/duplicates-2025-12-31/Capstone/data:sources/VOUCHERS_WORK_VOUCHERS_THE_BES 2.pdf	16K	CITATIONS_SOURCES	Possible citation/source registry material
/Users/sethadmin/ZZ_ARCHIVE_HOLD_iCloudDriveArchive_DO_NOT_USE_AS_ACTIVE_ROOT_20260524/Desktop/Housing Policy Archive Files/duplicates-2025-12-31/Capstone/data:sources/Data Sets 2/Census PUMS 20Demographic Conditions citywide/Housing Afrdblty, Qlty, Scrty-Table 1.csv	32K	CITATIONS_SOURCES	Possible citation/source registry material
/Users/sethadmin/ZZ_ARCHIVE_HOLD_iCloudDriveArchive_DO_NOT_USE_AS_ACTIVE_ROOT_20260524/Desktop/Housing Policy Archive Files/duplicates-2025-12-31/Capstone/data:sources/Data Sets 2/Census PUMS 20Demographic Conditions citywide/QoL and Access to Opportunity-Table 1.csv	28K	CITATIONS_SOURCES	Possible citation/source registry material
/Users/sethadmin/ZZ_ARCHIVE_HOLD_iCloudDriveArchive_DO_NOT_USE_AS_ACTIVE_ROOT_20260524/Desktop/Housing Policy Archive Files/duplicates-2025-12-31/Capstone/data:sources/Data Sets 2/Census PUMS 20Demographic Conditions citywide/Housing Production-Table 1.csv	4.0K	CITATIONS_SOURCES	Possible citation/source registry material
/Users/sethadmin/ZZ_ARCHIVE_HOLD_iCloudDriveArchive_DO_NOT_USE_AS_ACTIVE_ROOT_20260524/Desktop/Housing Policy Archive Files/duplicates-2025-12-31/Capstone/data:sources/Data Sets 2/Census PUMS 20Demographic Conditions citywide/Household Economic Security-Table 1.csv	52K	CITATIONS_SOURCES	Possible citation/source registry material
/Users/sethadmin/ZZ_ARCHIVE_HOLD_iCloudDriveArchive_DO_NOT_USE_AS_ACTIVE_ROOT_20260524/Desktop/Housing Policy Archive Files/duplicates-2025-12-31/Capstone/data:sources/Data Sets 2/Census PUMS 20Demographic Conditions citywide/Demographic Conditions-Table 1.csv	16K	CITATIONS_SOURCES	Possible citation/source registry material
/Users/sethadmin/ZZ_ARCHIVE_HOLD_iCloudDriveArchive_DO_NOT_USE_AS_ACTIVE_ROOT_20260524/Desktop/Housing Policy Archive Files/duplicates-2025-12-31/Capstone/data:sources/PUBLIC State legislators (2025).csv	16K	CITATIONS_SOURCES	Possible citation/source registry material
/Users/sethadmin/ZZ_ARCHIVE_HOLD_iCloudDriveArchive_DO_NOT_USE_AS_ACTIVE_ROOT_20260524/Desktop/Housing Policy Archive Files/duplicates-2025-12-31/Capstone/data:sources/.DS_Store	8.0K	CITATIONS_SOURCES	Possible citation/source registry material
/Users/sethadmin/ZZ_ARCHIVE_HOLD_iCloudDriveArchive_DO_NOT_USE_AS_ACTIVE_ROOT_20260524/Desktop/Housing Policy Archive Files/duplicates-2025-12-31/Capstone/data:sources/Key Health Statistics and Highest Impact Boroughs in NYC (1997).png	212K	CITATIONS_SOURCES	Possible citation/source registry material
/Users/sethadmin/ZZ_ARCHIVE_HOLD_iCloudDriveArchive_DO_NOT_USE_AS_ACTIVE_ROOT_20260524/Desktop/Housing Policy Archive Files/duplicates-2025-12-31/Capstone/data:sources/WHY_EXPANDING_HOUSING_CHOICE_V 2.pdf	36K	CITATIONS_SOURCES	Possible citation/source registry material
/Users/sethadmin/ZZ_ARCHIVE_HOLD_iCloudDriveArchive_DO_NOT_USE_AS_ACTIVE_ROOT_20260524/Desktop/Housing Policy Archive Files/duplicates-2025-12-31/Capstone/data:sources/NYCHAs_Budget_Cant_be_Balanced 2.pdf	16K	CITATIONS_SOURCES	Possible citation/source registry material
/Users/sethadmin/ZZ_ARCHIVE_HOLD_iCloudDriveArchive_DO_NOT_USE_AS_ACTIVE_ROOT_20260524/Desktop/Housing Policy Archive Files/duplicates-2025-12-31/Capstone/data:sources/Data Sets/Census PUMS 20Demographic Conditions citywide/Housing Afrdblty, Qlty, Scrty-Table 1.csv	32K	CITATIONS_SOURCES	Possible citation/source registry material
/Users/sethadmin/ZZ_ARCHIVE_HOLD_iCloudDriveArchive_DO_NOT_USE_AS_ACTIVE_ROOT_20260524/Desktop/Housing Policy Archive Files/duplicates-2025-12-31/Capstone/data:sources/Data Sets/Census PUMS 20Demographic Conditions citywide/QoL and Access to Opportunity-Table 1.csv	28K	CITATIONS_SOURCES	Possible citation/source registry material
/Users/sethadmin/ZZ_ARCHIVE_HOLD_iCloudDriveArchive_DO_NOT_USE_AS_ACTIVE_ROOT_20260524/Desktop/Housing Policy Archive Files/duplicates-2025-12-31/Capstone/data:sources/Data Sets/Census PUMS 20Demographic Conditions citywide/Housing Production-Table 1.csv	4.0K	CITATIONS_SOURCES	Possible citation/source registry material
/Users/sethadmin/ZZ_ARCHIVE_HOLD_iCloudDriveArchive_DO_NOT_USE_AS_ACTIVE_ROOT_20260524/Desktop/Housing Policy Archive Files/duplicates-2025-12-31/Capstone/data:sources/Data Sets/Census PUMS 20Demographic Conditions citywide/Household Economic Security-Table 1.csv	52K	CITATIONS_SOURCES	Possible citation/source registry material
/Users/sethadmin/ZZ_ARCHIVE_HOLD_iCloudDriveArchive_DO_NOT_USE_AS_ACTIVE_ROOT_20260524/Desktop/Housing Policy Archive Files/duplicates-2025-12-31/Capstone/data:sources/Data Sets/Census PUMS 20Demographic Conditions citywide/Demographic Conditions-Table 1.csv	16K	CITATIONS_SOURCES	Possible citation/source registry material
/Users/sethadmin/ZZ_ARCHIVE_HOLD_iCloudDriveArchive_DO_NOT_USE_AS_ACTIVE_ROOT_20260524/Desktop/Housing Policy Archive Files/duplicates-2025-12-31/Capstone/data:sources/Perpetuating_the_problem_neoli.PDF 2.pdf	4.9M	CITATIONS_SOURCES	Possible citation/source registry material
/Users/sethadmin/ZZ_ARCHIVE_HOLD_iCloudDriveArchive_DO_NOT_USE_AS_ACTIVE_ROOT_20260524/Desktop/Housing Policy Archive Files/duplicates-2025-12-31/Capstone/data:sources/Housing solution reports/Res. No. 800.pdf	64K	CITATIONS_SOURCES	Possible citation/source registry material
/Users/sethadmin/ZZ_ARCHIVE_HOLD_iCloudDriveArchive_DO_NOT_USE_AS_ACTIVE_ROOT_20260524/Desktop/Housing Policy Archive Files/duplicates-2025-12-31/Capstone/data:sources/ENDING_HOMELESSNESS_ADDRESSING 2.pdf	44K	CITATIONS_SOURCES	Possible citation/source registry material
/Users/sethadmin/ZZ_ARCHIVE_HOLD_iCloudDriveArchive_DO_NOT_USE_AS_ACTIVE_ROOT_20260524/Desktop/Housing Policy Archive Files/duplicates-2025-12-31/Capstone/data:sources/THE_REGION__Pro__Con_Landlords 2.pdf	16K	CITATIONS_SOURCES	Possible citation/source registry material
/Users/sethadmin/ZZ_ARCHIVE_HOLD_iCloudDriveArchive_DO_NOT_USE_AS_ACTIVE_ROOT_20260524/Desktop/Housing Policy Archive Files/duplicates-2025-12-31/Capstone/data:sources/House_price_determinants_funda.PDF 2.pdf	5.1M	CITATIONS_SOURCES	Possible citation/source registry material
/Users/sethadmin/ZZ_ARCHIVE_HOLD_iCloudDriveArchive_DO_NOT_USE_AS_ACTIVE_ROOT_20260524/Desktop/Housing Policy Archive Files/duplicates-2025-12-31/Capstone/data:sources/Impact_of_ownership_transition 2.pdf	16K	CITATIONS_SOURCES	Possible citation/source registry material
/Users/sethadmin/ZZ_ARCHIVE_HOLD_iCloudDriveArchive_DO_NOT_USE_AS_ACTIVE_ROOT_20260524/Desktop/Housing Policy Archive Files/Capstone/data:sources/VOUCHERS_WORK_VOUCHERS_THE_BES 2.pdf	16K	CITATIONS_SOURCES	Possible citation/source registry material
/Users/sethadmin/ZZ_ARCHIVE_HOLD_iCloudDriveArchive_DO_NOT_USE_AS_ACTIVE_ROOT_20260524/Desktop/Housing Policy Archive Files/Capstone/data:sources/Data Sets 2/Census PUMS 20Demographic Conditions citywide/Housing Afrdblty, Qlty, Scrty-Table 1.csv	32K	CITATIONS_SOURCES	Possible citation/source registry material
/Users/sethadmin/ZZ_ARCHIVE_HOLD_iCloudDriveArchive_DO_NOT_USE_AS_ACTIVE_ROOT_20260524/Desktop/Housing Policy Archive Files/Capstone/data:sources/Data Sets 2/Census PUMS 20Demographic Conditions citywide/QoL and Access to Opportunity-Table 1.csv	28K	CITATIONS_SOURCES	Possible citation/source registry material
/Users/sethadmin/ZZ_ARCHIVE_HOLD_iCloudDriveArchive_DO_NOT_USE_AS_ACTIVE_ROOT_20260524/Desktop/Housing Policy Archive Files/Capstone/data:sources/Data Sets 2/Census PUMS 20Demographic Conditions citywide/Housing Production-Table 1.csv	4.0K	CITATIONS_SOURCES	Possible citation/source registry material
/Users/sethadmin/ZZ_ARCHIVE_HOLD_iCloudDriveArchive_DO_NOT_USE_AS_ACTIVE_ROOT_20260524/Desktop/Housing Policy Archive Files/Capstone/data:sources/Data Sets 2/Census PUMS 20Demographic Conditions citywide/Household Economic Security-Table 1.csv	52K	CITATIONS_SOURCES	Possible citation/source registry material
/Users/sethadmin/ZZ_ARCHIVE_HOLD_iCloudDriveArchive_DO_NOT_USE_AS_ACTIVE_ROOT_20260524/Desktop/Housing Policy Archive Files/Capstone/data:sources/Data Sets 2/Census PUMS 20Demographic Conditions citywide/Demographic Conditions-Table 1.csv	16K	CITATIONS_SOURCES	Possible citation/source registry material
/Users/sethadmin/ZZ_ARCHIVE_HOLD_iCloudDriveArchive_DO_NOT_USE_AS_ACTIVE_ROOT_20260524/Desktop/Housing Policy Archive Files/Capstone/data:sources/PUBLIC State legislators (2025).csv	16K	CITATIONS_SOURCES	Possible citation/source registry material
/Users/sethadmin/ZZ_ARCHIVE_HOLD_iCloudDriveArchive_DO_NOT_USE_AS_ACTIVE_ROOT_20260524/Desktop/Housing Policy Archive Files/Capstone/data:sources/.DS_Store	8.0K	CITATIONS_SOURCES	Possible citation/source registry material
/Users/sethadmin/ZZ_ARCHIVE_HOLD_iCloudDriveArchive_DO_NOT_USE_AS_ACTIVE_ROOT_20260524/Desktop/Housing Policy Archive Files/Capstone/data:sources/Key Health Statistics and Highest Impact Boroughs in NYC (1997).png	212K	CITATIONS_SOURCES	Possible citation/source registry material
/Users/sethadmin/ZZ_ARCHIVE_HOLD_iCloudDriveArchive_DO_NOT_USE_AS_ACTIVE_ROOT_20260524/Desktop/Housing Policy Archive Files/Capstone/data:sources/WHY_EXPANDING_HOUSING_CHOICE_V 2.pdf	36K	CITATIONS_SOURCES	Possible citation/source registry material
/Users/sethadmin/ZZ_ARCHIVE_HOLD_iCloudDriveArchive_DO_NOT_USE_AS_ACTIVE_ROOT_20260524/Desktop/Housing Policy Archive Files/Capstone/data:sources/CityFHEPSreimbursementgrantHRAandHPD 2.pdf	348K	CITATIONS_SOURCES	Possible citation/source registry material
/Users/sethadmin/ZZ_ARCHIVE_HOLD_iCloudDriveArchive_DO_NOT_USE_AS_ACTIVE_ROOT_20260524/Desktop/Housing Policy Archive Files/Capstone/data:sources/NYCHAs_Budget_Cant_be_Balanced 2.pdf	16K	CITATIONS_SOURCES	Possible citation/source registry material
/Users/sethadmin/ZZ_ARCHIVE_HOLD_iCloudDriveArchive_DO_NOT_USE_AS_ACTIVE_ROOT_20260524/Desktop/Housing Policy Archive Files/Capstone/data:sources/Data Sets/Census PUMS 20Demographic Conditions citywide/Housing Afrdblty, Qlty, Scrty-Table 1.csv	32K	CITATIONS_SOURCES	Possible citation/source registry material
/Users/sethadmin/ZZ_ARCHIVE_HOLD_iCloudDriveArchive_DO_NOT_USE_AS_ACTIVE_ROOT_20260524/Desktop/Housing Policy Archive Files/Capstone/data:sources/Data Sets/Census PUMS 20Demographic Conditions citywide/QoL and Access to Opportunity-Table 1.csv	28K	CITATIONS_SOURCES	Possible citation/source registry material
/Users/sethadmin/ZZ_ARCHIVE_HOLD_iCloudDriveArchive_DO_NOT_USE_AS_ACTIVE_ROOT_20260524/Desktop/Housing Policy Archive Files/Capstone/data:sources/Data Sets/Census PUMS 20Demographic Conditions citywide/Housing Production-Table 1.csv	4.0K	CITATIONS_SOURCES	Possible citation/source registry material
/Users/sethadmin/ZZ_ARCHIVE_HOLD_iCloudDriveArchive_DO_NOT_USE_AS_ACTIVE_ROOT_20260524/Desktop/Housing Policy Archive Files/Capstone/data:sources/Data Sets/Census PUMS 20Demographic Conditions citywide/Household Economic Security-Table 1.csv	52K	CITATIONS_SOURCES	Possible citation/source registry material
/Users/sethadmin/ZZ_ARCHIVE_HOLD_iCloudDriveArchive_DO_NOT_USE_AS_ACTIVE_ROOT_20260524/Desktop/Housing Policy Archive Files/Capstone/data:sources/Data Sets/Census PUMS 20Demographic Conditions citywide/Demographic Conditions-Table 1.csv	16K	CITATIONS_SOURCES	Possible citation/source registry material
/Users/sethadmin/ZZ_ARCHIVE_HOLD_iCloudDriveArchive_DO_NOT_USE_AS_ACTIVE_ROOT_20260524/Desktop/Housing Policy Archive Files/Capstone/data:sources/Perpetuating_the_problem_neoli.PDF 2.pdf	4.9M	CITATIONS_SOURCES	Possible citation/source registry material
/Users/sethadmin/ZZ_ARCHIVE_HOLD_iCloudDriveArchive_DO_NOT_USE_AS_ACTIVE_ROOT_20260524/Desktop/Housing Policy Archive Files/Capstone/data:sources/Housing solution reports/Res. No. 800.pdf	64K	CITATIONS_SOURCES	Possible citation/source registry material
/Users/sethadmin/ZZ_ARCHIVE_HOLD_iCloudDriveArchive_DO_NOT_USE_AS_ACTIVE_ROOT_20260524/Desktop/Housing Policy Archive Files/Capstone/data:sources/ENDING_HOMELESSNESS_ADDRESSING 2.pdf	44K	CITATIONS_SOURCES	Possible citation/source registry material
/Users/sethadmin/ZZ_ARCHIVE_HOLD_iCloudDriveArchive_DO_NOT_USE_AS_ACTIVE_ROOT_20260524/Desktop/Housing Policy Archive Files/Capstone/data:sources/THE_REGION__Pro__Con_Landlords 2.pdf	16K	CITATIONS_SOURCES	Possible citation/source registry material
/Users/sethadmin/ZZ_ARCHIVE_HOLD_iCloudDriveArchive_DO_NOT_USE_AS_ACTIVE_ROOT_20260524/Desktop/Housing Policy Archive Files/Capstone/data:sources/House_price_determinants_funda.PDF 2.pdf	5.1M	CITATIONS_SOURCES	Possible citation/source registry material
/Users/sethadmin/ZZ_ARCHIVE_HOLD_iCloudDriveArchive_DO_NOT_USE_AS_ACTIVE_ROOT_20260524/Desktop/Housing Policy Archive Files/Capstone/data:sources/Impact_of_ownership_transition 2.pdf	16K	CITATIONS_SOURCES	Possible citation/source registry material
/Users/sethadmin/ZZ_ARCHIVE_HOLD_iCloudDriveArchive_DO_NOT_USE_AS_ACTIVE_ROOT_20260524/Desktop/Housing Policy Archive Files/Capstone/data:sources/demo_2016acs5yr_nyc 2.numbers	872K	CITATIONS_SOURCES	Possible citation/source registry material
/Users/sethadmin/ZZ_ARCHIVE_HOLD_iCloudDriveArchive_DO_NOT_USE_AS_ACTIVE_ROOT_20260524/Desktop/Housing Policy Archive Files/Capstone/data:sources/dictionary_2024 2.pdf	32K	CITATIONS_SOURCES	Possible citation/source registry material
/Users/sethadmin/ZZ_ARCHIVE_HOLD_iCloudDriveArchive_DO_NOT_USE_AS_ACTIVE_ROOT_20260524/Research_Project_Template/Sources_and_Citations/Citation_Template.md	4.0K	CITATIONS_SOURCES	Possible citation/source registry material
/Users/sethadmin/ZZ_ARCHIVE_HOLD_iCloudDriveArchive_DO_NOT_USE_AS_ACTIVE_ROOT_20260524/Network hotspot /sysdiagnose_2025.12.29_17-50-30-0500_iPhone-OS_iPhone_23C55 3/Preferences/CaptureSourceInfo_CurrentUser.txt	1.9M	CITATIONS_SOURCES	Possible citation/source registry material
/Users/sethadmin/ZZ_ARCHIVE_HOLD_iCloudDriveArchive_DO_NOT_USE_AS_ACTIVE_ROOT_20260524/Network hotspot /sysdiagnose_2025.12.29_18-21-24-0500_iPhone-OS_iPhone_23C55/Preferences/CaptureSourceInfo_CurrentUser.txt	1.9M	CITATIONS_SOURCES	Possible citation/source registry material
/Users/sethadmin/ZZ_ARCHIVE_HOLD_iCloudDriveArchive_DO_NOT_USE_AS_ACTIVE_ROOT_20260524/Documents/Resources that exist on Trauma Informed Journalism .docx	28K	CITATIONS_SOURCES	Possible citation/source registry material
/Users/sethadmin/ZZ_ARCHIVE_HOLD_iCloudDriveArchive_DO_NOT_USE_AS_ACTIVE_ROOT_20260524/Documents/510 E 13th st 2024/510 E 13th st /Forms/supportive-housing-rfq/FORM F - Financial References & LOIs_updated 3.2.docx	20K	CITATIONS_SOURCES	Possible citation/source registry material
/Users/sethadmin/ZZ_ARCHIVE_HOLD_iCloudDriveArchive_DO_NOT_USE_AS_ACTIVE_ROOT_20260524/Documents/510 E 13th st 2024/Complaints:Violations/RIS/APIs_and_resources_510E13th.xlsx	12K	CITATIONS_SOURCES	Possible citation/source registry material
/Users/sethadmin/ZZ_ARCHIVE_HOLD_iCloudDriveArchive_DO_NOT_USE_AS_ACTIVE_ROOT_20260524/Documents/510 E 13th st 2024/Complaints:Violations/RIS/APIs_and_resources_510E13th copy.xlsx	12K	CITATIONS_SOURCES	Possible citation/source registry material
/Users/sethadmin/ZZ_ARCHIVE_HOLD_iCloudDriveArchive_DO_NOT_USE_AS_ACTIVE_ROOT_20260524/Documents/Fraud/Security Resources – The City University of New York.pdf	80K	CITATIONS_SOURCES	Possible citation/source registry material
/Users/sethadmin/ZZ_ARCHIVE_HOLD_iCloudDriveArchive_DO_NOT_USE_AS_ACTIVE_ROOT_20260524/Documents/MOPTResearch/section10_works_cited_and_source_control.md	16K	CITATIONS_SOURCES	Possible citation/source registry material
/Users/sethadmin/ZZ_ARCHIVE_HOLD_iCloudDriveArchive_DO_NOT_USE_AS_ACTIVE_ROOT_20260524/Documents/MOPTResearch/references/Fair-Housing-Framework.pdf	896K	CITATIONS_SOURCES	Possible citation/source registry material
/Users/sethadmin/ZZ_ARCHIVE_HOLD_iCloudDriveArchive_DO_NOT_USE_AS_ACTIVE_ROOT_20260524/Documents/MOPTResearch/docs/.gitkeep_resources	4.0K	CITATIONS_SOURCES	Possible citation/source registry material
/Users/sethadmin/ZZ_ARCHIVE_HOLD_iCloudDriveArchive_DO_NOT_USE_AS_ACTIVE_ROOT_20260524/Documents/MOPTResearch/docs/sections/housing-policy-framework/10-complete-works-cited-apa.md	16K	CITATIONS_SOURCES	Possible citation/source registry material
/Users/sethadmin/ZZ_ARCHIVE_HOLD_iCloudDriveArchive_DO_NOT_USE_AS_ACTIVE_ROOT_20260524/Documents/MOPTResearch/docs/resources.csv	8.0K	CITATIONS_SOURCES	Possible citation/source registry material
/Users/sethadmin/ZZ_ARCHIVE_HOLD_iCloudDriveArchive_DO_NOT_USE_AS_ACTIVE_ROOT_20260524/Documents/MOPTResearch/docs/resources-summary.md	16K	CITATIONS_SOURCES	Possible citation/source registry material
/Users/sethadmin/ZZ_ARCHIVE_HOLD_iCloudDriveArchive_DO_NOT_USE_AS_ACTIVE_ROOT_20260524/Documents/MOPTResearch/docs/resources-index.md	20K	CITATIONS_SOURCES	Possible citation/source registry material
/Users/sethadmin/ZZ_ARCHIVE_HOLD_iCloudDriveArchive_DO_NOT_USE_AS_ACTIVE_ROOT_20260524/Documents/MOPTResearch/docs/exports/legal-frameworks/PART_V_Legal_Framework_With_APA_Citations 2.md	36K	CITATIONS_SOURCES	Possible citation/source registry material
/Users/sethadmin/ZZ_ARCHIVE_HOLD_iCloudDriveArchive_DO_NOT_USE_AS_ACTIVE_ROOT_20260524/Documents/MOPTResearch/docs/exports/legal-frameworks/PART_V_Legal_Framework_With_APA_Citations.md	36K	CITATIONS_SOURCES	Possible citation/source registry material
/Users/sethadmin/ZZ_ARCHIVE_HOLD_iCloudDriveArchive_DO_NOT_USE_AS_ACTIVE_ROOT_20260524/Documents/MOPTResearch/docs/sources/primary-authorities-packet.md	8.0K	CITATIONS_SOURCES	Possible citation/source registry material
/Users/sethadmin/ZZ_ARCHIVE_HOLD_iCloudDriveArchive_DO_NOT_USE_AS_ACTIVE_ROOT_20260524/Documents/MOPTResearch/docs/sources/nyc-hra/cityfheps-fheps-authorities.md	12K	CITATIONS_SOURCES	Possible citation/source registry material
/Users/sethadmin/ZZ_ARCHIVE_HOLD_iCloudDriveArchive_DO_NOT_USE_AS_ACTIVE_ROOT_20260524/Documents/MOPTResearch/docs/sources/hud/hcv-coop-homeownership-authorities.md	16K	CITATIONS_SOURCES	Possible citation/source registry material
/Users/sethadmin/ZZ_ARCHIVE_HOLD_iCloudDriveArchive_DO_NOT_USE_AS_ACTIVE_ROOT_20260524/Documents/MOPTResearch/Capstone/Final Drafts/Housing_Subsidy_Research_Works_Cited 2.docx	40K	CITATIONS_SOURCES	Possible citation/source registry material
/Users/sethadmin/ZZ_ARCHIVE_HOLD_iCloudDriveArchive_DO_NOT_USE_AS_ACTIVE_ROOT_20260524/Documents/MOPTResearch/Capstone/Final Drafts/Housing_Subsidy_Research_Works_Cited.docx	40K	CITATIONS_SOURCES	Possible citation/source registry material
/Users/sethadmin/ZZ_ARCHIVE_HOLD_iCloudDriveArchive_DO_NOT_USE_AS_ACTIVE_ROOT_20260524/Documents/MOPTResearch/Capstone/data-sources/Data Sets 2/DOF__Cooperative_Comparable_Rental_Income__Citywide__20250415.csv	26M	CITATIONS_SOURCES	Possible citation/source registry material
/Users/sethadmin/ZZ_ARCHIVE_HOLD_iCloudDriveArchive_DO_NOT_USE_AS_ACTIVE_ROOT_20260524/Documents/MOPTResearch/Capstone/data-sources/Data Sets 2/citywide.xlsx	128K	CITATIONS_SOURCES	Possible citation/source registry material
/Users/sethadmin/ZZ_ARCHIVE_HOLD_iCloudDriveArchive_DO_NOT_USE_AS_ACTIVE_ROOT_20260524/Documents/MOPTResearch/Capstone/data-sources/Data Sets 2/MN.xlsx	128K	CITATIONS_SOURCES	Possible citation/source registry material
/Users/sethadmin/ZZ_ARCHIVE_HOLD_iCloudDriveArchive_DO_NOT_USE_AS_ACTIVE_ROOT_20260524/Documents/MOPTResearch/Capstone/data-sources/Data Sets 2/Housing_Reform_Proposal_Draft_2025-03-27.docx	40K	CITATIONS_SOURCES	Possible citation/source registry material
/Users/sethadmin/ZZ_ARCHIVE_HOLD_iCloudDriveArchive_DO_NOT_USE_AS_ACTIVE_ROOT_20260524/Documents/MOPTResearch/Capstone/data-sources/Data Sets 2/Demographic_Data.csv	4.0K	CITATIONS_SOURCES	Possible citation/source registry material
/Users/sethadmin/ZZ_ARCHIVE_HOLD_iCloudDriveArchive_DO_NOT_USE_AS_ACTIVE_ROOT_20260524/Documents/MOPTResearch/Capstone/data-sources/Data Sets 2/Properties_by_Borough_and_Council_District.csv	4.0K	CITATIONS_SOURCES	Possible citation/source registry material
/Users/sethadmin/ZZ_ARCHIVE_HOLD_iCloudDriveArchive_DO_NOT_USE_AS_ACTIVE_ROOT_20260524/Documents/MOPTResearch/Capstone/data-sources/Data Sets 2/3809.xlsx	128K	CITATIONS_SOURCES	Possible citation/source registry material
/Users/sethadmin/ZZ_ARCHIVE_HOLD_iCloudDriveArchive_DO_NOT_USE_AS_ACTIVE_ROOT_20260524/Documents/MOPTResearch/Capstone/data-sources/Housing Inequality in New York City- Racial and Ethnic Disparities in Homeownership and Shelter-Cost Burden.html	28K	CITATIONS_SOURCES	Possible citation/source registry material
/Users/sethadmin/ZZ_ARCHIVE_HOLD_iCloudDriveArchive_DO_NOT_USE_AS_ACTIVE_ROOT_20260524/Documents/MOPTResearch/Capstone/data-sources/gothamist.com.pdf	9.7M	CITATIONS_SOURCES	Possible citation/source registry material
/Users/sethadmin/ZZ_ARCHIVE_HOLD_iCloudDriveArchive_DO_NOT_USE_AS_ACTIVE_ROOT_20260524/Documents/MOPTResearch/Capstone/data-sources/NYC by Bourough Pofiles.csv	24K	CITATIONS_SOURCES	Possible citation/source registry material
/Users/sethadmin/ZZ_ARCHIVE_HOLD_iCloudDriveArchive_DO_NOT_USE_AS_ACTIVE_ROOT_20260524/Documents/MOPTResearch/Capstone/data-sources/This is real we did it - Bronx tenants become their own landlord - CBS New York.pdf	15M	CITATIONS_SOURCES	Possible citation/source registry material
/Users/sethadmin/ZZ_ARCHIVE_HOLD_iCloudDriveArchive_DO_NOT_USE_AS_ACTIVE_ROOT_20260524/Documents/MOPTResearch/Capstone/data-sources/Continued_Health_Statistics_Comparison.csv	4.0K	CITATIONS_SOURCES	Possible citation/source registry material
/Users/sethadmin/ZZ_ARCHIVE_HOLD_iCloudDriveArchive_DO_NOT_USE_AS_ACTIVE_ROOT_20260524/Documents/MOPTResearch/Capstone/data-sources/NYC Public Advocate Argues To Strengthen Housing Protections Against Federal Budget Cuts.pdf	200K	CITATIONS_SOURCES	Possible citation/source registry material
/Users/sethadmin/ZZ_ARCHIVE_HOLD_iCloudDriveArchive_DO_NOT_USE_AS_ACTIVE_ROOT_20260524/Documents/MOPTResearch/Capstone/data-sources/CityFHEPSreimbursementgrantHRAandHPD.pdf	348K	CITATIONS_SOURCES	Possible citation/source registry material
/Users/sethadmin/ZZ_ARCHIVE_HOLD_iCloudDriveArchive_DO_NOT_USE_AS_ACTIVE_ROOT_20260524/Documents/MOPTResearch/Capstone/data-sources/who_owns_what_export.csv	80K	CITATIONS_SOURCES	Possible citation/source registry material
/Users/sethadmin/ZZ_ARCHIVE_HOLD_iCloudDriveArchive_DO_NOT_USE_AS_ACTIVE_ROOT_20260524/Documents/MOPTResearch/Capstone/data-sources/Longevity_by_Design.pdf	980K	CITATIONS_SOURCES	Possible citation/source registry material
/Users/sethadmin/ZZ_ARCHIVE_HOLD_iCloudDriveArchive_DO_NOT_USE_AS_ACTIVE_ROOT_20260524/Documents/MOPTResearch/Capstone/data-sources/Copy-of-Fight-Your-Rent-Hike.pdf	3.8M	CITATIONS_SOURCES	Possible citation/source registry material
/Users/sethadmin/ZZ_ARCHIVE_HOLD_iCloudDriveArchive_DO_NOT_USE_AS_ACTIVE_ROOT_20260524/Documents/MOPTResearch/Capstone/data-sources/Affordable_housing_what_role_f.PDF	3.2M	CITATIONS_SOURCES	Possible citation/source registry material
/Users/sethadmin/ZZ_ARCHIVE_HOLD_iCloudDriveArchive_DO_NOT_USE_AS_ACTIVE_ROOT_20260524/Documents/MOPTResearch/Capstone/data-sources/Why States Localitie Should Use Property  Rights to Fix Vouchers.pdf	880K	CITATIONS_SOURCES	Possible citation/source registry material
/Users/sethadmin/ZZ_ARCHIVE_HOLD_iCloudDriveArchive_DO_NOT_USE_AS_ACTIVE_ROOT_20260524/Documents/MOPTResearch/Capstone/data-sources/2024-10-10 Release Local Law 1 of 2024 Implentation.docx	200K	CITATIONS_SOURCES	Possible citation/source registry material
/Users/sethadmin/ZZ_ARCHIVE_HOLD_iCloudDriveArchive_DO_NOT_USE_AS_ACTIVE_ROOT_20260524/Documents/MOPTResearch/Capstone/data-sources/Lack of Funding Continues to Jeopardize Right to Counsel Providers’ Ability to Represent Low-Income Tenants in NYC Housing Court   - New York Legal Assistance Group.pdf	1.3M	CITATIONS_SOURCES	Possible citation/source registry material
/Users/sethadmin/ZZ_ARCHIVE_HOLD_iCloudDriveArchive_DO_NOT_USE_AS_ACTIVE_ROOT_20260524/Documents/MOPTResearch/Capstone/data-sources/Affordable_housing_what_role_f.PDF.pdf	3.2M	CITATIONS_SOURCES	Possible citation/source registry material
/Users/sethadmin/ZZ_ARCHIVE_HOLD_iCloudDriveArchive_DO_NOT_USE_AS_ACTIVE_ROOT_20260524/Documents/MOPTResearch/Capstone/data-sources/Mental health and wellness/Cognitive_Toolkit_Housing_Political_Strategy.docx	40K	CITATIONS_SOURCES	Possible citation/source registry material
/Users/sethadmin/ZZ_ARCHIVE_HOLD_iCloudDriveArchive_DO_NOT_USE_AS_ACTIVE_ROOT_20260524/Documents/MOPTResearch/Capstone/data-sources/23 WEEK TWO Notes.ppt	1.0M	CITATIONS_SOURCES	Possible citation/source registry material
/Users/sethadmin/ZZ_ARCHIVE_HOLD_iCloudDriveArchive_DO_NOT_USE_AS_ACTIVE_ROOT_20260524/Documents/MOPTResearch/Capstone/data-sources/WHY_EXPANDING_HOUSING_CHOICE_V.pdf	68K	CITATIONS_SOURCES	Possible citation/source registry material
/Users/sethadmin/ZZ_ARCHIVE_HOLD_iCloudDriveArchive_DO_NOT_USE_AS_ACTIVE_ROOT_20260524/Documents/MOPTResearch/Capstone/data-sources/We've Been Thinking About America's Trust Collapse All Wrong - The Atlantic.pdf	540K	CITATIONS_SOURCES	Possible citation/source registry material
/Users/sethadmin/ZZ_ARCHIVE_HOLD_iCloudDriveArchive_DO_NOT_USE_AS_ACTIVE_ROOT_20260524/Documents/MOPTResearch/Capstone/data-sources/Comprehensive_Housing_Subsidy_Reform_Proposal_CITED.docx	40K	CITATIONS_SOURCES	Possible citation/source registry material
/Users/sethadmin/ZZ_ARCHIVE_HOLD_iCloudDriveArchive_DO_NOT_USE_AS_ACTIVE_ROOT_20260524/Documents/MOPTResearch/Capstone/data-sources/021025_AnnualSurvey2024_2024_Public_Housing_Factsheet_V3_(1).pdf	752K	CITATIONS_SOURCES	Possible citation/source registry material
/Users/sethadmin/ZZ_ARCHIVE_HOLD_iCloudDriveArchive_DO_NOT_USE_AS_ACTIVE_ROOT_20260524/Documents/MOPTResearch/Capstone/data-sources/HJ4A_FactSheet_r2-1.pdf	460K	CITATIONS_SOURCES	Possible citation/source registry material
/Users/sethadmin/ZZ_ARCHIVE_HOLD_iCloudDriveArchive_DO_NOT_USE_AS_ACTIVE_ROOT_20260524/Documents/MOPTResearch/Capstone/data-sources/Displacement Risk Map - NYC Equitable Development Data Explorer.pdf	2.3M	CITATIONS_SOURCES	Possible citation/source registry material
/Users/sethadmin/ZZ_ARCHIVE_HOLD_iCloudDriveArchive_DO_NOT_USE_AS_ACTIVE_ROOT_20260524/Documents/MOPTResearch/Capstone/data-sources/Offering_Vouchers_to_Families_.pdf	16K	CITATIONS_SOURCES	Possible citation/source registry material
/Users/sethadmin/ZZ_ARCHIVE_HOLD_iCloudDriveArchive_DO_NOT_USE_AS_ACTIVE_ROOT_20260524/Documents/MOPTResearch/Capstone/data-sources/Subsidy Programing Data 2/OUTLINE Comprehensive_Housing_Subsidy_Reform_Proposal_.docx	16K	CITATIONS_SOURCES	Possible citation/source registry material
/Users/sethadmin/ZZ_ARCHIVE_HOLD_iCloudDriveArchive_DO_NOT_USE_AS_ACTIVE_ROOT_20260524/Documents/MOPTResearch/Capstone/data-sources/Subsidy Programing Data 2/Research-Design-Data-Collection-and-Analysis-Plan.pdf	18M	CITATIONS_SOURCES	Possible citation/source registry material
/Users/sethadmin/ZZ_ARCHIVE_HOLD_iCloudDriveArchive_DO_NOT_USE_AS_ACTIVE_ROOT_20260524/Documents/MOPTResearch/Capstone/data-sources/20250903-warehousing-report_compressed.pdf	1.7M	CITATIONS_SOURCES	Possible citation/source registry material
/Users/sethadmin/ZZ_ARCHIVE_HOLD_iCloudDriveArchive_DO_NOT_USE_AS_ACTIVE_ROOT_20260524/Documents/MOPTResearch/Capstone/data-sources/ENDING_HOMELESSNESS_ADDRESSING.pdf	84K	CITATIONS_SOURCES	Possible citation/source registry material
/Users/sethadmin/ZZ_ARCHIVE_HOLD_iCloudDriveArchive_DO_NOT_USE_AS_ACTIVE_ROOT_20260524/Documents/MOPTResearch/Capstone/data-sources/Pay-to-Play-Report.pdf	6.0M	CITATIONS_SOURCES	Possible citation/source registry material
/Users/sethadmin/ZZ_ARCHIVE_HOLD_iCloudDriveArchive_DO_NOT_USE_AS_ACTIVE_ROOT_20260524/Documents/MOPTResearch/Capstone/data-sources/RECOVERY_LEGISLATIONS_HOUSING_.pdf	44K	CITATIONS_SOURCES	Possible citation/source registry material
/Users/sethadmin/ZZ_ARCHIVE_HOLD_iCloudDriveArchive_DO_NOT_USE_AS_ACTIVE_ROOT_20260524/Documents/MOPTResearch/Capstone/data-sources/chernick-2010-redistribution-at-the-state-and-local-level-consequences-for-economic-growth.pdf	240K	CITATIONS_SOURCES	Possible citation/source registry material
/Users/sethadmin/ZZ_ARCHIVE_HOLD_iCloudDriveArchive_DO_NOT_USE_AS_ACTIVE_ROOT_20260524/Documents/MOPTResearch/Capstone/data-sources/demo_2016acs5yr_nyc.xlsx	36K	CITATIONS_SOURCES	Possible citation/source registry material
/Users/sethadmin/ZZ_ARCHIVE_HOLD_iCloudDriveArchive_DO_NOT_USE_AS_ACTIVE_ROOT_20260524/Documents/MOPTResearch/Capstone/data-sources/America's Landlord..pdf	1.0M	CITATIONS_SOURCES	Possible citation/source registry material
/Users/sethadmin/ZZ_ARCHIVE_HOLD_iCloudDriveArchive_DO_NOT_USE_AS_ACTIVE_ROOT_20260524/Documents/MOPTResearch/Capstone/data-sources/What Data Can’t Do_ _ The New Yorker.pdf	6.4M	CITATIONS_SOURCES	Possible citation/source registry material
/Users/sethadmin/ZZ_ARCHIVE_HOLD_iCloudDriveArchive_DO_NOT_USE_AS_ACTIVE_ROOT_20260524/Documents/MOPTResearch/Capstone/data-sources/LISC at 40 - Coming to Terms with the Limits of Markets - Non Profit News - Nonprofit Quarterly.pdf	5.2M	CITATIONS_SOURCES	Possible citation/source registry material
/Users/sethadmin/ZZ_ARCHIVE_HOLD_iCloudDriveArchive_DO_NOT_USE_AS_ACTIVE_ROOT_20260524/Documents/MOPTResearch/Capstone/data-sources/New York’s $215M housing push barely dents crisis.pdf	64K	CITATIONS_SOURCES	Possible citation/source registry material
/Users/sethadmin/ZZ_ARCHIVE_HOLD_iCloudDriveArchive_DO_NOT_USE_AS_ACTIVE_ROOT_20260524/Documents/MOPTResearch/Capstone/data-sources/Broken Promise TIL Program.pdf	324K	CITATIONS_SOURCES	Possible citation/source registry material
/Users/sethadmin/ZZ_ARCHIVE_HOLD_iCloudDriveArchive_DO_NOT_USE_AS_ACTIVE_ROOT_20260524/Documents/MOPTResearch/Capstone/data-sources/When Private Equity Becomes Your Landlord — ProPublica.pdf	6.3M	CITATIONS_SOURCES	Possible citation/source registry material
/Users/sethadmin/ZZ_ARCHIVE_HOLD_iCloudDriveArchive_DO_NOT_USE_AS_ACTIVE_ROOT_20260524/Documents/MOPTResearch/Capstone/data-sources/delivery Should LHAs Return Unused Vouchers to HUD.pdf	736K	CITATIONS_SOURCES	Possible citation/source registry material
/Users/sethadmin/ZZ_ARCHIVE_HOLD_iCloudDriveArchive_DO_NOT_USE_AS_ACTIVE_ROOT_20260524/Documents/MOPTResearch/Capstone/data-sources/Housing solution reports/Shared Housing Roadmap Legislation Details (With Text).pdf	340K	CITATIONS_SOURCES	Possible citation/source registry material
/Users/sethadmin/ZZ_ARCHIVE_HOLD_iCloudDriveArchive_DO_NOT_USE_AS_ACTIVE_ROOT_20260524/Documents/MOPTResearch/Capstone/data-sources/Housing solution reports/shared-housing-roadmap.pdf	3.7M	CITATIONS_SOURCES	Possible citation/source registry material
/Users/sethadmin/ZZ_ARCHIVE_HOLD_iCloudDriveArchive_DO_NOT_USE_AS_ACTIVE_ROOT_20260524/Documents/MOPTResearch/Capstone/data-sources/House_price_determinants_funda.PDF.pdf	5.1M	CITATIONS_SOURCES	Possible citation/source registry material
/Users/sethadmin/ZZ_ARCHIVE_HOLD_iCloudDriveArchive_DO_NOT_USE_AS_ACTIVE_ROOT_20260524/Documents/MOPTResearch/Capstone/data-sources/2021-NYSERDA-Community-Energy-Engagement-Program-Evaluation-Report[3828].pdf	1.5M	CITATIONS_SOURCES	Possible citation/source registry material
/Users/sethadmin/ZZ_ARCHIVE_HOLD_iCloudDriveArchive_DO_NOT_USE_AS_ACTIVE_ROOT_20260524/Documents/MOPTResearch/Capstone/data-sources/Dewald et al., (2010)_The influence of sleep quality, duration, and sleepinesss on school performance in children and adolescents, a meta-analysis.pdf	192K	CITATIONS_SOURCES	Possible citation/source registry material
/Users/sethadmin/ZZ_ARCHIVE_HOLD_iCloudDriveArchive_DO_NOT_USE_AS_ACTIVE_ROOT_20260524/Documents/MOPTResearch/Capstone/data-sources/Devising Alternative Policy Options.pdf	6.3M	CITATIONS_SOURCES	Possible citation/source registry material
/Users/sethadmin/ZZ_ARCHIVE_HOLD_iCloudDriveArchive_DO_NOT_USE_AS_ACTIVE_ROOT_20260524/Documents/MOPTResearch/Capstone/data-sources/NYCHAs_Budget_Cant_be_Balanced.pdf	44K	CITATIONS_SOURCES	Possible citation/source registry material
/Users/sethadmin/ZZ_ARCHIVE_HOLD_iCloudDriveArchive_DO_NOT_USE_AS_ACTIVE_ROOT_20260524/Documents/MOPTResearch/Capstone/data-sources/A Community Ownership Path to Housing Justice - Non Profit News - Nonprofit Quarterly.pdf	7.6M	CITATIONS_SOURCES	Possible citation/source registry material
/Users/sethadmin/ZZ_ARCHIVE_HOLD_iCloudDriveArchive_DO_NOT_USE_AS_ACTIVE_ROOT_20260524/Documents/MOPTResearch/Capstone/data-sources/Opinion - Time for a Shift in NYC’s Affordable Housing Plans - City Limits.pdf	3.9M	CITATIONS_SOURCES	Possible citation/source registry material
/Users/sethadmin/ZZ_ARCHIVE_HOLD_iCloudDriveArchive_DO_NOT_USE_AS_ACTIVE_ROOT_20260524/Documents/MOPTResearch/Capstone/data-sources/Homeowner Assistance Fund FY25 Income Limits/FY 2025 Homeowner Assistance Fund -- 100 % Income Limits for New York, NY HUD Metro FMR Area.pdf	68K	CITATIONS_SOURCES	Possible citation/source registry material
/Users/sethadmin/ZZ_ARCHIVE_HOLD_iCloudDriveArchive_DO_NOT_USE_AS_ACTIVE_ROOT_20260524/Documents/MOPTResearch/Capstone/data-sources/Homeowner Assistance Fund FY25 Income Limits/FY 2024 Homeowner Assistance Fund -- 100 % Income Limits for New York, NY HUD Metro FMR Area.pdf	68K	CITATIONS_SOURCES	Possible citation/source registry material
/Users/sethadmin/ZZ_ARCHIVE_HOLD_iCloudDriveArchive_DO_NOT_USE_AS_ACTIVE_ROOT_20260524/Documents/MOPTResearch/Capstone/data-sources/Center For NYC Neighborhoods – ACCESS NYC.pdf	56K	CITATIONS_SOURCES	Possible citation/source registry material
/Users/sethadmin/ZZ_ARCHIVE_HOLD_iCloudDriveArchive_DO_NOT_USE_AS_ACTIVE_ROOT_20260524/Documents/MOPTResearch/Capstone/data-sources/Rent-Reform-in-Subsidized-Housing.pdf	2.0M	CITATIONS_SOURCES	Possible citation/source registry material
/Users/sethadmin/ZZ_ARCHIVE_HOLD_iCloudDriveArchive_DO_NOT_USE_AS_ACTIVE_ROOT_20260524/Documents/MOPTResearch/Capstone/data-sources/Ansell et al.pdf	364K	CITATIONS_SOURCES	Possible citation/source registry material
/Users/sethadmin/ZZ_ARCHIVE_HOLD_iCloudDriveArchive_DO_NOT_USE_AS_ACTIVE_ROOT_20260524/Documents/MOPTResearch/Capstone/data-sources/BK-9-SOI-NewGuideForRenters.pdf	1.9M	CITATIONS_SOURCES	Possible citation/source registry material
/Users/sethadmin/ZZ_ARCHIVE_HOLD_iCloudDriveArchive_DO_NOT_USE_AS_ACTIVE_ROOT_20260524/Documents/MOPTResearch/Capstone/data-sources/THE_REGION__Pro__Con_Landlords.pdf	48K	CITATIONS_SOURCES	Possible citation/source registry material
/Users/sethadmin/ZZ_ARCHIVE_HOLD_iCloudDriveArchive_DO_NOT_USE_AS_ACTIVE_ROOT_20260524/Documents/MOPTResearch/Capstone/data-sources/Cognitive Pretesting of 2021 American Housing Survey Modules.pdf	1.1M	CITATIONS_SOURCES	Possible citation/source registry material
/Users/sethadmin/ZZ_ARCHIVE_HOLD_iCloudDriveArchive_DO_NOT_USE_AS_ACTIVE_ROOT_20260524/Documents/MOPTResearch/Capstone/data-sources/appendix_7_housing_affordability_and_health_evidence_from_new_york_city.pdf	552K	CITATIONS_SOURCES	Possible citation/source registry material
/Users/sethadmin/ZZ_ARCHIVE_HOLD_iCloudDriveArchive_DO_NOT_USE_AS_ACTIVE_ROOT_20260524/Documents/MOPTResearch/Capstone/data-sources/Brooklyn_Eviction_Cost_Estimates_by_Year.csv	4.0K	CITATIONS_SOURCES	Possible citation/source registry material
/Users/sethadmin/ZZ_ARCHIVE_HOLD_iCloudDriveArchive_DO_NOT_USE_AS_ACTIVE_ROOT_20260524/Documents/MOPTResearch/Capstone/data-sources/Slums_tenants_and_homeownershi.PDF	3.0M	CITATIONS_SOURCES	Possible citation/source registry material
/Users/sethadmin/ZZ_ARCHIVE_HOLD_iCloudDriveArchive_DO_NOT_USE_AS_ACTIVE_ROOT_20260524/Documents/MOPTResearch/Capstone/data-sources/Increase_Government_Support_fo.PDF.pdf	732K	CITATIONS_SOURCES	Possible citation/source registry material
/Users/sethadmin/ZZ_ARCHIVE_HOLD_iCloudDriveArchive_DO_NOT_USE_AS_ACTIVE_ROOT_20260524/Documents/MOPTResearch/Capstone/data-sources/Slums_tenants_and_homeownershi.PDF.pdf	3.0M	CITATIONS_SOURCES	Possible citation/source registry material
/Users/sethadmin/ZZ_ARCHIVE_HOLD_iCloudDriveArchive_DO_NOT_USE_AS_ACTIVE_ROOT_20260524/Documents/MOPTResearch/Capstone/data-sources/The Rebuilding of the South Bronx after the Fiscal Crisis.pdf	7.8M	CITATIONS_SOURCES	Possible citation/source registry material
/Users/sethadmin/ZZ_ARCHIVE_HOLD_iCloudDriveArchive_DO_NOT_USE_AS_ACTIVE_ROOT_20260524/Documents/MOPTResearch/Capstone/data-sources/Allocation of the Limited Subsidies for Affordable Housing copy.pdf	896K	CITATIONS_SOURCES	Possible citation/source registry material
/Users/sethadmin/ZZ_ARCHIVE_HOLD_iCloudDriveArchive_DO_NOT_USE_AS_ACTIVE_ROOT_20260524/Documents/MOPTResearch/Capstone/data-sources/Continued_Health_Statistics_Summary.csv	4.0K	CITATIONS_SOURCES	Possible citation/source registry material
/Users/sethadmin/ZZ_ARCHIVE_HOLD_iCloudDriveArchive_DO_NOT_USE_AS_ACTIVE_ROOT_20260524/Documents/MOPTResearch/Capstone/data-sources/How Vienna found a unique model for low rent - Datawrapper Blog.pdf	724K	CITATIONS_SOURCES	Possible citation/source registry material
/Users/sethadmin/ZZ_ARCHIVE_HOLD_iCloudDriveArchive_DO_NOT_USE_AS_ACTIVE_ROOT_20260524/Documents/MOPTResearch/Capstone/data-sources/Health_Statistics_Summary.csv	4.0K	CITATIONS_SOURCES	Possible citation/source registry material
/Users/sethadmin/ZZ_ARCHIVE_HOLD_iCloudDriveArchive_DO_NOT_USE_AS_ACTIVE_ROOT_20260524/Documents/MOPTResearch/Capstone/data-sources/CNHED_TOPAStudyNov09.pdf	99M	CITATIONS_SOURCES	Possible citation/source registry material
/Users/sethadmin/ZZ_ARCHIVE_HOLD_iCloudDriveArchive_DO_NOT_USE_AS_ACTIVE_ROOT_20260524/Documents/MOPTResearch/Capstone/data-sources/Vale-AffordableHousingAfford-2014.pdf	6.1M	CITATIONS_SOURCES	Possible citation/source registry material
/Users/sethadmin/ZZ_ARCHIVE_HOLD_iCloudDriveArchive_DO_NOT_USE_AS_ACTIVE_ROOT_20260524/Documents/MOPTResearch/Capstone/data-sources/ACFrOgDO_5FfoJO1WmslmQHdwjOJO2DNOJlneS5jAYE9vQa0gYVlRdEWdeCDqS1nCC1JZ-1OGNCA8KtqfMEiqbxokq4mfTqvIClOSluwbFaFnIEtDqJVe6abPyL9B26QzWIc_KXqbDnNCrE7EBlB.pdf	2.2M	CITATIONS_SOURCES	Possible citation/source registry material
/Users/sethadmin/ZZ_ARCHIVE_HOLD_iCloudDriveArchive_DO_NOT_USE_AS_ACTIVE_ROOT_20260524/Documents/MOPTResearch/Capstone/data-sources/New York socialist lawmakers, inspired by Mamdani’s win, aim to seize on new ses.pdf	40K	CITATIONS_SOURCES	Possible citation/source registry material
/Users/sethadmin/ZZ_ARCHIVE_HOLD_iCloudDriveArchive_DO_NOT_USE_AS_ACTIVE_ROOT_20260524/Documents/MOPTResearch/Capstone/data-sources/Housing Access Voucher Program - Housing Justice for All.pdf	80K	CITATIONS_SOURCES	Possible citation/source registry material
/Users/sethadmin/ZZ_ARCHIVE_HOLD_iCloudDriveArchive_DO_NOT_USE_AS_ACTIVE_ROOT_20260524/Documents/MOPTResearch/Capstone/data-sources/PA_Williams_End_homelessness.pdf	3.1M	CITATIONS_SOURCES	Possible citation/source registry material
/Users/sethadmin/ZZ_ARCHIVE_HOLD_iCloudDriveArchive_DO_NOT_USE_AS_ACTIVE_ROOT_20260524/Documents/MOPTResearch/Capstone/data-sources/Impact_of_ownership_transition.pdf	44K	CITATIONS_SOURCES	Possible citation/source registry material
/Users/sethadmin/ZZ_ARCHIVE_HOLD_iCloudDriveArchive_DO_NOT_USE_AS_ACTIVE_ROOT_20260524/Documents/MOPTResearch/Capstone/data-sources/Perpetuating_the_problem_neoli.PDF.pdf	4.9M	CITATIONS_SOURCES	Possible citation/source registry material
/Users/sethadmin/ZZ_ARCHIVE_HOLD_iCloudDriveArchive_DO_NOT_USE_AS_ACTIVE_ROOT_20260524/Documents/MOPTResearch/Capstone/data-sources/Bardachs-Eightfold-Path-1.pdf	2.6M	CITATIONS_SOURCES	Possible citation/source registry material
/Users/sethadmin/ZZ_ARCHIVE_HOLD_iCloudDriveArchive_DO_NOT_USE_AS_ACTIVE_ROOT_20260524/Documents/MOPTResearch/Capstone/data-sources/Comparison of Key Health Statistics Between 1997 NYC-Wide Data and 2000 Manhattan Data.png	260K	CITATIONS_SOURCES	Possible citation/source registry material
/Users/sethadmin/ZZ_ARCHIVE_HOLD_iCloudDriveArchive_DO_NOT_USE_AS_ACTIVE_ROOT_20260524/Documents/MOPTResearch/Capstone/data-sources/NYUFurmanCenter_SOCin2015_9JUNE2016.pdf	1.1M	CITATIONS_SOURCES	Possible citation/source registry material
/Users/sethadmin/ZZ_ARCHIVE_HOLD_iCloudDriveArchive_DO_NOT_USE_AS_ACTIVE_ROOT_20260524/Documents/MOPTResearch/Capstone/data-sources/Homes and Community Renewal Home Page - Homes and Community Renewal.pdf	1.6M	CITATIONS_SOURCES	Possible citation/source registry material
/Users/sethadmin/ZZ_ARCHIVE_HOLD_iCloudDriveArchive_DO_NOT_USE_AS_ACTIVE_ROOT_20260524/Documents/MOPTResearch/Capstone/data-sources/021025_AnnualSurvey2024_2024_Public_Housing_Factsheet_V3_(1)-2.pdf	752K	CITATIONS_SOURCES	Possible citation/source registry material
/Users/sethadmin/ZZ_ARCHIVE_HOLD_iCloudDriveArchive_DO_NOT_USE_AS_ACTIVE_ROOT_20260524/Documents/MOPTResearch/Capstone/data-sources/dictionary_2024.pdf	32K	CITATIONS_SOURCES	Possible citation/source registry material
/Users/sethadmin/ZZ_ARCHIVE_HOLD_iCloudDriveArchive_DO_NOT_USE_AS_ACTIVE_ROOT_20260524/Documents/MOPTResearch/Capstone/data-sources/demo_2016acs5yr_nyc.numbers	872K	CITATIONS_SOURCES	Possible citation/source registry material
/Users/sethadmin/ZZ_ARCHIVE_HOLD_iCloudDriveArchive_DO_NOT_USE_AS_ACTIVE_ROOT_20260524/Documents/MOPTResearch/Capstone/data-sources/Increase_Government_Support_fo.PDF	912K	CITATIONS_SOURCES	Possible citation/source registry material
/Users/sethadmin/ZZ_ARCHIVE_HOLD_iCloudDriveArchive_DO_NOT_USE_AS_ACTIVE_ROOT_20260524/Documents/MOPTResearch/Capstone/data-sources/Health_Statistics_Comparison.pdf	13M	CITATIONS_SOURCES	Possible citation/source registry material
/Users/sethadmin/ZZ_ARCHIVE_HOLD_iCloudDriveArchive_DO_NOT_USE_AS_ACTIVE_ROOT_20260524/Documents/MOPTResearch/Capstone/data-sources/The effect of the housing crisis on the finances of central cities - ScienceDirect.pdf	168K	CITATIONS_SOURCES	Possible citation/source registry material
/Users/sethadmin/ZZ_ARCHIVE_HOLD_iCloudDriveArchive_DO_NOT_USE_AS_ACTIVE_ROOT_20260524/Documents/MOPTResearch/Capstone/data-sources/Housing Inequality in New York City- Racial and Ethnic Disparities in Homeownership and Shelter-Cost Burden.pdf	116K	CITATIONS_SOURCES	Possible citation/source registry material
/Users/sethadmin/ZZ_ARCHIVE_HOLD_iCloudDriveArchive_DO_NOT_USE_AS_ACTIVE_ROOT_20260524/Documents/MOPTResearch/Capstone/data-sources/Opinion - Housing Crisis Is Critical for NYC’s Disabled.pdf	14M	CITATIONS_SOURCES	Possible citation/source registry material
/Users/sethadmin/ZZ_ARCHIVE_HOLD_iCloudDriveArchive_DO_NOT_USE_AS_ACTIVE_ROOT_20260524/Documents/MOPTResearch/Capstone/data-sources/Tenant and Landlord Groups Both Support a Proposed State Housing Voucher - City.pdf	1.5M	CITATIONS_SOURCES	Possible citation/source registry material
/Users/sethadmin/ZZ_ARCHIVE_HOLD_iCloudDriveArchive_DO_NOT_USE_AS_ACTIVE_ROOT_20260524/Documents/MOPTResearch/Capstone/data-sources/The Unacceptable Costs of Appeasing MAGA Nation - The New Republic.pdf	3.3M	CITATIONS_SOURCES	Possible citation/source registry material
/Users/sethadmin/ZZ_ARCHIVE_HOLD_iCloudDriveArchive_DO_NOT_USE_AS_ACTIVE_ROOT_20260524/Documents/MOPTResearch/Capstone/data-sources/demo_2016acs5yr_nyc.csv	24K	CITATIONS_SOURCES	Possible citation/source registry material
/Users/sethadmin/ZZ_ARCHIVE_HOLD_iCloudDriveArchive_DO_NOT_USE_AS_ACTIVE_ROOT_20260524/Documents/MOPTResearch/Capstone/data-sources/1-s2.0-S105113772100019X-main.pdf	2.8M	CITATIONS_SOURCES	Possible citation/source registry material
/Users/sethadmin/ZZ_ARCHIVE_HOLD_iCloudDriveArchive_DO_NOT_USE_AS_ACTIVE_ROOT_20260524/Documents/MOPTResearch/Capstone/data-sources/Budget/Annual-Financial-Report.pdf	876K	CITATIONS_SOURCES	Possible citation/source registry material
/Users/sethadmin/ZZ_ARCHIVE_HOLD_iCloudDriveArchive_DO_NOT_USE_AS_ACTIVE_ROOT_20260524/Documents/MOPTResearch/Capstone/data-sources/Budget/2024-rf-cuny-fs-final.pdf	244K	CITATIONS_SOURCES	Possible citation/source registry material
/Users/sethadmin/ZZ_ARCHIVE_HOLD_iCloudDriveArchive_DO_NOT_USE_AS_ACTIVE_ROOT_20260524/Documents/MOPTResearch/data/sources/primary_authorities_packet_v1.csv	4.0K	CITATIONS_SOURCES	Possible citation/source registry material
/Users/sethadmin/ZZ_ARCHIVE_HOLD_iCloudDriveArchive_DO_NOT_USE_AS_ACTIVE_ROOT_20260524/Documents/GitHub/github-mcp-server/pkg/github/ui_resources.go	4.0K	CITATIONS_SOURCES	Possible citation/source registry material
/Users/sethadmin/ZZ_ARCHIVE_HOLD_iCloudDriveArchive_DO_NOT_USE_AS_ACTIVE_ROOT_20260524/Documents/GitHub/github-mcp-server/pkg/github/resources.go	4.0K	CITATIONS_SOURCES	Possible citation/source registry material
/Users/sethadmin/ZZ_ARCHIVE_HOLD_iCloudDriveArchive_DO_NOT_USE_AS_ACTIVE_ROOT_20260524/Documents/GitHub/github-mcp-server/pkg/inventory/resources.go	4.0K	CITATIONS_SOURCES	Possible citation/source registry material
/Users/sethadmin/ZZ_ARCHIVE_HOLD_iCloudDriveArchive_DO_NOT_USE_AS_ACTIVE_ROOT_20260524/Documents/GitHub/codex/codex-rs/tui/src/citation_regex.rs	4.0K	CITATIONS_SOURCES	Possible citation/source registry material
/Users/sethadmin/ZZ_ARCHIVE_HOLD_iCloudDriveArchive_DO_NOT_USE_AS_ACTIVE_ROOT_20260524/Documents/GitHub/openai-python/tests/api_resources/beta/__init__.py	4.0K	CITATIONS_SOURCES	Possible citation/source registry material
/Users/sethadmin/ZZ_ARCHIVE_HOLD_iCloudDriveArchive_DO_NOT_USE_AS_ACTIVE_ROOT_20260524/Documents/GitHub/openai-python/tests/api_resources/beta/test_realtime.py	4.0K	CITATIONS_SOURCES	Possible citation/source registry material
/Users/sethadmin/ZZ_ARCHIVE_HOLD_iCloudDriveArchive_DO_NOT_USE_AS_ACTIVE_ROOT_20260524/Documents/GitHub/openai-python/tests/api_resources/beta/chatkit/test_sessions.py	12K	CITATIONS_SOURCES	Possible citation/source registry material
/Users/sethadmin/ZZ_ARCHIVE_HOLD_iCloudDriveArchive_DO_NOT_USE_AS_ACTIVE_ROOT_20260524/Documents/GitHub/openai-python/tests/api_resources/beta/chatkit/__init__.py	4.0K	CITATIONS_SOURCES	Possible citation/source registry material
/Users/sethadmin/ZZ_ARCHIVE_HOLD_iCloudDriveArchive_DO_NOT_USE_AS_ACTIVE_ROOT_20260524/Documents/GitHub/openai-python/tests/api_resources/beta/chatkit/test_threads.py	16K	CITATIONS_SOURCES	Possible citation/source registry material
/Users/sethadmin/ZZ_ARCHIVE_HOLD_iCloudDriveArchive_DO_NOT_USE_AS_ACTIVE_ROOT_20260524/Documents/GitHub/openai-python/tests/api_resources/beta/threads/__init__.py	4.0K	CITATIONS_SOURCES	Possible citation/source registry material
/Users/sethadmin/ZZ_ARCHIVE_HOLD_iCloudDriveArchive_DO_NOT_USE_AS_ACTIVE_ROOT_20260524/Documents/GitHub/openai-python/tests/api_resources/beta/threads/runs/__init__.py	4.0K	CITATIONS_SOURCES	Possible citation/source registry material
/Users/sethadmin/ZZ_ARCHIVE_HOLD_iCloudDriveArchive_DO_NOT_USE_AS_ACTIVE_ROOT_20260524/Documents/GitHub/openai-python/tests/api_resources/beta/threads/runs/test_steps.py	16K	CITATIONS_SOURCES	Possible citation/source registry material
/Users/sethadmin/ZZ_ARCHIVE_HOLD_iCloudDriveArchive_DO_NOT_USE_AS_ACTIVE_ROOT_20260524/Documents/GitHub/openai-python/tests/api_resources/beta/threads/test_runs.py	44K	CITATIONS_SOURCES	Possible citation/source registry material
/Users/sethadmin/ZZ_ARCHIVE_HOLD_iCloudDriveArchive_DO_NOT_USE_AS_ACTIVE_ROOT_20260524/Documents/GitHub/openai-python/tests/api_resources/beta/threads/test_messages.py	28K	CITATIONS_SOURCES	Possible citation/source registry material
/Users/sethadmin/ZZ_ARCHIVE_HOLD_iCloudDriveArchive_DO_NOT_USE_AS_ACTIVE_ROOT_20260524/Documents/GitHub/openai-python/tests/api_resources/beta/test_threads.py	36K	CITATIONS_SOURCES	Possible citation/source registry material
/Users/sethadmin/ZZ_ARCHIVE_HOLD_iCloudDriveArchive_DO_NOT_USE_AS_ACTIVE_ROOT_20260524/Documents/GitHub/openai-python/tests/api_resources/beta/test_assistants.py	24K	CITATIONS_SOURCES	Possible citation/source registry material
/Users/sethadmin/ZZ_ARCHIVE_HOLD_iCloudDriveArchive_DO_NOT_USE_AS_ACTIVE_ROOT_20260524/Documents/GitHub/openai-python/tests/api_resources/vector_stores/test_file_batches.py	20K	CITATIONS_SOURCES	Possible citation/source registry material
/Users/sethadmin/ZZ_ARCHIVE_HOLD_iCloudDriveArchive_DO_NOT_USE_AS_ACTIVE_ROOT_20260524/Documents/GitHub/openai-python/tests/api_resources/vector_stores/__init__.py	4.0K	CITATIONS_SOURCES	Possible citation/source registry material
/Users/sethadmin/ZZ_ARCHIVE_HOLD_iCloudDriveArchive_DO_NOT_USE_AS_ACTIVE_ROOT_20260524/Documents/GitHub/openai-python/tests/api_resources/vector_stores/test_files.py	28K	CITATIONS_SOURCES	Possible citation/source registry material
/Users/sethadmin/ZZ_ARCHIVE_HOLD_iCloudDriveArchive_DO_NOT_USE_AS_ACTIVE_ROOT_20260524/Documents/GitHub/openai-python/tests/api_resources/test_moderations.py	4.0K	CITATIONS_SOURCES	Possible citation/source registry material
/Users/sethadmin/ZZ_ARCHIVE_HOLD_iCloudDriveArchive_DO_NOT_USE_AS_ACTIVE_ROOT_20260524/Documents/GitHub/openai-python/tests/api_resources/evals/__init__.py	4.0K	CITATIONS_SOURCES	Possible citation/source registry material
/Users/sethadmin/ZZ_ARCHIVE_HOLD_iCloudDriveArchive_DO_NOT_USE_AS_ACTIVE_ROOT_20260524/Documents/GitHub/openai-python/tests/api_resources/evals/runs/__init__.py	4.0K	CITATIONS_SOURCES	Possible citation/source registry material
/Users/sethadmin/ZZ_ARCHIVE_HOLD_iCloudDriveArchive_DO_NOT_USE_AS_ACTIVE_ROOT_20260524/Documents/GitHub/openai-python/tests/api_resources/evals/runs/test_output_items.py	12K	CITATIONS_SOURCES	Possible citation/source registry material
/Users/sethadmin/ZZ_ARCHIVE_HOLD_iCloudDriveArchive_DO_NOT_USE_AS_ACTIVE_ROOT_20260524/Documents/GitHub/openai-python/tests/api_resources/evals/test_runs.py	24K	CITATIONS_SOURCES	Possible citation/source registry material
/Users/sethadmin/ZZ_ARCHIVE_HOLD_iCloudDriveArchive_DO_NOT_USE_AS_ACTIVE_ROOT_20260524/Documents/GitHub/openai-python/tests/api_resources/test_images.py	20K	CITATIONS_SOURCES	Possible citation/source registry material
/Users/sethadmin/ZZ_ARCHIVE_HOLD_iCloudDriveArchive_DO_NOT_USE_AS_ACTIVE_ROOT_20260524/Documents/GitHub/openai-python/tests/api_resources/fine_tuning/checkpoints/__init__.py	4.0K	CITATIONS_SOURCES	Possible citation/source registry material
/Users/sethadmin/ZZ_ARCHIVE_HOLD_iCloudDriveArchive_DO_NOT_USE_AS_ACTIVE_ROOT_20260524/Documents/GitHub/openai-python/tests/api_resources/fine_tuning/checkpoints/test_permissions.py	20K	CITATIONS_SOURCES	Possible citation/source registry material
/Users/sethadmin/ZZ_ARCHIVE_HOLD_iCloudDriveArchive_DO_NOT_USE_AS_ACTIVE_ROOT_20260524/Documents/GitHub/openai-python/tests/api_resources/fine_tuning/__init__.py	4.0K	CITATIONS_SOURCES	Possible citation/source registry material
/Users/sethadmin/ZZ_ARCHIVE_HOLD_iCloudDriveArchive_DO_NOT_USE_AS_ACTIVE_ROOT_20260524/Documents/GitHub/openai-python/tests/api_resources/fine_tuning/test_jobs.py	28K	CITATIONS_SOURCES	Possible citation/source registry material
/Users/sethadmin/ZZ_ARCHIVE_HOLD_iCloudDriveArchive_DO_NOT_USE_AS_ACTIVE_ROOT_20260524/Documents/GitHub/openai-python/tests/api_resources/fine_tuning/jobs/test_checkpoints.py	8.0K	CITATIONS_SOURCES	Possible citation/source registry material
/Users/sethadmin/ZZ_ARCHIVE_HOLD_iCloudDriveArchive_DO_NOT_USE_AS_ACTIVE_ROOT_20260524/Documents/GitHub/openai-python/tests/api_resources/fine_tuning/jobs/__init__.py	4.0K	CITATIONS_SOURCES	Possible citation/source registry material
/Users/sethadmin/ZZ_ARCHIVE_HOLD_iCloudDriveArchive_DO_NOT_USE_AS_ACTIVE_ROOT_20260524/Documents/GitHub/openai-python/tests/api_resources/fine_tuning/alpha/test_graders.py	12K	CITATIONS_SOURCES	Possible citation/source registry material
/Users/sethadmin/ZZ_ARCHIVE_HOLD_iCloudDriveArchive_DO_NOT_USE_AS_ACTIVE_ROOT_20260524/Documents/GitHub/openai-python/tests/api_resources/fine_tuning/alpha/__init__.py	4.0K	CITATIONS_SOURCES	Possible citation/source registry material
/Users/sethadmin/ZZ_ARCHIVE_HOLD_iCloudDriveArchive_DO_NOT_USE_AS_ACTIVE_ROOT_20260524/Documents/GitHub/openai-python/tests/api_resources/chat/completions/__init__.py	4.0K	CITATIONS_SOURCES	Possible citation/source registry material
/Users/sethadmin/ZZ_ARCHIVE_HOLD_iCloudDriveArchive_DO_NOT_USE_AS_ACTIVE_ROOT_20260524/Documents/GitHub/openai-python/tests/api_resources/chat/completions/test_messages.py	8.0K	CITATIONS_SOURCES	Possible citation/source registry material
/Users/sethadmin/ZZ_ARCHIVE_HOLD_iCloudDriveArchive_DO_NOT_USE_AS_ACTIVE_ROOT_20260524/Documents/GitHub/openai-python/tests/api_resources/chat/__init__.py	4.0K	CITATIONS_SOURCES	Possible citation/source registry material
/Users/sethadmin/ZZ_ARCHIVE_HOLD_iCloudDriveArchive_DO_NOT_USE_AS_ACTIVE_ROOT_20260524/Documents/GitHub/openai-python/tests/api_resources/chat/test_completions.py	32K	CITATIONS_SOURCES	Possible citation/source registry material
/Users/sethadmin/ZZ_ARCHIVE_HOLD_iCloudDriveArchive_DO_NOT_USE_AS_ACTIVE_ROOT_20260524/Documents/GitHub/openai-python/tests/api_resources/test_embeddings.py	8.0K	CITATIONS_SOURCES	Possible citation/source registry material
/Users/sethadmin/ZZ_ARCHIVE_HOLD_iCloudDriveArchive_DO_NOT_USE_AS_ACTIVE_ROOT_20260524/Documents/GitHub/openai-python/tests/api_resources/responses/__init__.py	4.0K	CITATIONS_SOURCES	Possible citation/source registry material
/Users/sethadmin/ZZ_ARCHIVE_HOLD_iCloudDriveArchive_DO_NOT_USE_AS_ACTIVE_ROOT_20260524/Documents/GitHub/openai-python/tests/api_resources/responses/test_input_items.py	8.0K	CITATIONS_SOURCES	Possible citation/source registry material
/Users/sethadmin/ZZ_ARCHIVE_HOLD_iCloudDriveArchive_DO_NOT_USE_AS_ACTIVE_ROOT_20260524/Documents/GitHub/openai-python/tests/api_resources/responses/test_input_tokens.py	8.0K	CITATIONS_SOURCES	Possible citation/source registry material
/Users/sethadmin/ZZ_ARCHIVE_HOLD_iCloudDriveArchive_DO_NOT_USE_AS_ACTIVE_ROOT_20260524/Documents/GitHub/openai-python/tests/api_resources/test_vector_stores.py	24K	CITATIONS_SOURCES	Possible citation/source registry material
/Users/sethadmin/ZZ_ARCHIVE_HOLD_iCloudDriveArchive_DO_NOT_USE_AS_ACTIVE_ROOT_20260524/Documents/GitHub/openai-python/tests/api_resources/__init__.py	4.0K	CITATIONS_SOURCES	Possible citation/source registry material
/Users/sethadmin/ZZ_ARCHIVE_HOLD_iCloudDriveArchive_DO_NOT_USE_AS_ACTIVE_ROOT_20260524/Documents/GitHub/openai-python/tests/api_resources/uploads/test_parts.py	4.0K	CITATIONS_SOURCES	Possible citation/source registry material
/Users/sethadmin/ZZ_ARCHIVE_HOLD_iCloudDriveArchive_DO_NOT_USE_AS_ACTIVE_ROOT_20260524/Documents/GitHub/openai-python/tests/api_resources/uploads/__init__.py	4.0K	CITATIONS_SOURCES	Possible citation/source registry material
/Users/sethadmin/ZZ_ARCHIVE_HOLD_iCloudDriveArchive_DO_NOT_USE_AS_ACTIVE_ROOT_20260524/Documents/GitHub/openai-python/tests/api_resources/test_videos.py	32K	CITATIONS_SOURCES	Possible citation/source registry material
/Users/sethadmin/ZZ_ARCHIVE_HOLD_iCloudDriveArchive_DO_NOT_USE_AS_ACTIVE_ROOT_20260524/Documents/GitHub/openai-python/tests/api_resources/test_realtime.py	4.0K	CITATIONS_SOURCES	Possible citation/source registry material
/Users/sethadmin/ZZ_ARCHIVE_HOLD_iCloudDriveArchive_DO_NOT_USE_AS_ACTIVE_ROOT_20260524/Documents/GitHub/openai-python/tests/api_resources/test_webhooks.py	16K	CITATIONS_SOURCES	Possible citation/source registry material
/Users/sethadmin/ZZ_ARCHIVE_HOLD_iCloudDriveArchive_DO_NOT_USE_AS_ACTIVE_ROOT_20260524/Documents/GitHub/openai-python/tests/api_resources/realtime/__init__.py	4.0K	CITATIONS_SOURCES	Possible citation/source registry material
/Users/sethadmin/ZZ_ARCHIVE_HOLD_iCloudDriveArchive_DO_NOT_USE_AS_ACTIVE_ROOT_20260524/Documents/GitHub/openai-python/tests/api_resources/realtime/test_calls.py	28K	CITATIONS_SOURCES	Possible citation/source registry material
/Users/sethadmin/ZZ_ARCHIVE_HOLD_iCloudDriveArchive_DO_NOT_USE_AS_ACTIVE_ROOT_20260524/Documents/GitHub/openai-python/tests/api_resources/realtime/test_client_secrets.py	8.0K	CITATIONS_SOURCES	Possible citation/source registry material
/Users/sethadmin/ZZ_ARCHIVE_HOLD_iCloudDriveArchive_DO_NOT_USE_AS_ACTIVE_ROOT_20260524/Documents/GitHub/openai-python/tests/api_resources/test_containers.py	16K	CITATIONS_SOURCES	Possible citation/source registry material
/Users/sethadmin/ZZ_ARCHIVE_HOLD_iCloudDriveArchive_DO_NOT_USE_AS_ACTIVE_ROOT_20260524/Documents/GitHub/openai-python/tests/api_resources/audio/test_transcriptions.py	12K	CITATIONS_SOURCES	Possible citation/source registry material
/Users/sethadmin/ZZ_ARCHIVE_HOLD_iCloudDriveArchive_DO_NOT_USE_AS_ACTIVE_ROOT_20260524/Documents/GitHub/openai-python/tests/api_resources/audio/test_speech.py	8.0K	CITATIONS_SOURCES	Possible citation/source registry material
/Users/sethadmin/ZZ_ARCHIVE_HOLD_iCloudDriveArchive_DO_NOT_USE_AS_ACTIVE_ROOT_20260524/Documents/GitHub/openai-python/tests/api_resources/audio/__init__.py	4.0K	CITATIONS_SOURCES	Possible citation/source registry material
/Users/sethadmin/ZZ_ARCHIVE_HOLD_iCloudDriveArchive_DO_NOT_USE_AS_ACTIVE_ROOT_20260524/Documents/GitHub/openai-python/tests/api_resources/audio/test_translations.py	8.0K	CITATIONS_SOURCES	Possible citation/source registry material
/Users/sethadmin/ZZ_ARCHIVE_HOLD_iCloudDriveArchive_DO_NOT_USE_AS_ACTIVE_ROOT_20260524/Documents/GitHub/openai-python/tests/api_resources/test_files.py	20K	CITATIONS_SOURCES	Possible citation/source registry material
/Users/sethadmin/ZZ_ARCHIVE_HOLD_iCloudDriveArchive_DO_NOT_USE_AS_ACTIVE_ROOT_20260524/Documents/GitHub/openai-python/tests/api_resources/conversations/__init__.py	4.0K	CITATIONS_SOURCES	Possible citation/source registry material
/Users/sethadmin/ZZ_ARCHIVE_HOLD_iCloudDriveArchive_DO_NOT_USE_AS_ACTIVE_ROOT_20260524/Documents/GitHub/openai-python/tests/api_resources/conversations/test_items.py	20K	CITATIONS_SOURCES	Possible citation/source registry material
/Users/sethadmin/ZZ_ARCHIVE_HOLD_iCloudDriveArchive_DO_NOT_USE_AS_ACTIVE_ROOT_20260524/Documents/GitHub/openai-python/tests/api_resources/test_responses.py	32K	CITATIONS_SOURCES	Possible citation/source registry material
/Users/sethadmin/ZZ_ARCHIVE_HOLD_iCloudDriveArchive_DO_NOT_USE_AS_ACTIVE_ROOT_20260524/Documents/GitHub/openai-python/tests/api_resources/test_skills.py	16K	CITATIONS_SOURCES	Possible citation/source registry material
/Users/sethadmin/ZZ_ARCHIVE_HOLD_iCloudDriveArchive_DO_NOT_USE_AS_ACTIVE_ROOT_20260524/Documents/GitHub/openai-python/tests/api_resources/test_models.py	12K	CITATIONS_SOURCES	Possible citation/source registry material
/Users/sethadmin/ZZ_ARCHIVE_HOLD_iCloudDriveArchive_DO_NOT_USE_AS_ACTIVE_ROOT_20260524/Documents/GitHub/openai-python/tests/api_resources/skills/versions/__init__.py	4.0K	CITATIONS_SOURCES	Possible citation/source registry material
/Users/sethadmin/ZZ_ARCHIVE_HOLD_iCloudDriveArchive_DO_NOT_USE_AS_ACTIVE_ROOT_20260524/Documents/GitHub/openai-python/tests/api_resources/skills/versions/test_content.py	8.0K	CITATIONS_SOURCES	Possible citation/source registry material
/Users/sethadmin/ZZ_ARCHIVE_HOLD_iCloudDriveArchive_DO_NOT_USE_AS_ACTIVE_ROOT_20260524/Documents/GitHub/openai-python/tests/api_resources/skills/__init__.py	4.0K	CITATIONS_SOURCES	Possible citation/source registry material
/Users/sethadmin/ZZ_ARCHIVE_HOLD_iCloudDriveArchive_DO_NOT_USE_AS_ACTIVE_ROOT_20260524/Documents/GitHub/openai-python/tests/api_resources/skills/test_versions.py	16K	CITATIONS_SOURCES	Possible citation/source registry material
/Users/sethadmin/ZZ_ARCHIVE_HOLD_iCloudDriveArchive_DO_NOT_USE_AS_ACTIVE_ROOT_20260524/Documents/GitHub/openai-python/tests/api_resources/skills/test_content.py	8.0K	CITATIONS_SOURCES	Possible citation/source registry material
/Users/sethadmin/ZZ_ARCHIVE_HOLD_iCloudDriveArchive_DO_NOT_USE_AS_ACTIVE_ROOT_20260524/Documents/GitHub/openai-python/tests/api_resources/containers/__init__.py	4.0K	CITATIONS_SOURCES	Possible citation/source registry material
/Users/sethadmin/ZZ_ARCHIVE_HOLD_iCloudDriveArchive_DO_NOT_USE_AS_ACTIVE_ROOT_20260524/Documents/GitHub/openai-python/tests/api_resources/containers/test_files.py	16K	CITATIONS_SOURCES	Possible citation/source registry material
/Users/sethadmin/ZZ_ARCHIVE_HOLD_iCloudDriveArchive_DO_NOT_USE_AS_ACTIVE_ROOT_20260524/Documents/GitHub/openai-python/tests/api_resources/containers/files/__init__.py	4.0K	CITATIONS_SOURCES	Possible citation/source registry material
/Users/sethadmin/ZZ_ARCHIVE_HOLD_iCloudDriveArchive_DO_NOT_USE_AS_ACTIVE_ROOT_20260524/Documents/GitHub/openai-python/tests/api_resources/containers/files/test_content.py	8.0K	CITATIONS_SOURCES	Possible citation/source registry material
/Users/sethadmin/ZZ_ARCHIVE_HOLD_iCloudDriveArchive_DO_NOT_USE_AS_ACTIVE_ROOT_20260524/Documents/GitHub/openai-python/tests/api_resources/test_completions.py	12K	CITATIONS_SOURCES	Possible citation/source registry material
/Users/sethadmin/ZZ_ARCHIVE_HOLD_iCloudDriveArchive_DO_NOT_USE_AS_ACTIVE_ROOT_20260524/Documents/GitHub/openai-python/tests/api_resources/test_conversations.py	16K	CITATIONS_SOURCES	Possible citation/source registry material
/Users/sethadmin/ZZ_ARCHIVE_HOLD_iCloudDriveArchive_DO_NOT_USE_AS_ACTIVE_ROOT_20260524/Documents/GitHub/openai-python/tests/api_resources/webhooks/__init__.py	4.0K	CITATIONS_SOURCES	Possible citation/source registry material
/Users/sethadmin/ZZ_ARCHIVE_HOLD_iCloudDriveArchive_DO_NOT_USE_AS_ACTIVE_ROOT_20260524/Documents/GitHub/openai-python/tests/api_resources/test_evals.py	24K	CITATIONS_SOURCES	Possible citation/source registry material
/Users/sethadmin/ZZ_ARCHIVE_HOLD_iCloudDriveArchive_DO_NOT_USE_AS_ACTIVE_ROOT_20260524/Documents/GitHub/openai-python/tests/api_resources/test_uploads.py	12K	CITATIONS_SOURCES	Possible citation/source registry material
/Users/sethadmin/ZZ_ARCHIVE_HOLD_iCloudDriveArchive_DO_NOT_USE_AS_ACTIVE_ROOT_20260524/Documents/GitHub/openai-python/tests/api_resources/test_batches.py	16K	CITATIONS_SOURCES	Possible citation/source registry material
/Users/sethadmin/ZZ_ARCHIVE_HOLD_iCloudDriveArchive_DO_NOT_USE_AS_ACTIVE_ROOT_20260524/Documents/GitHub/openai-python/src/openai/_utils/_resources_proxy.py	4.0K	CITATIONS_SOURCES	Possible citation/source registry material
/Users/sethadmin/ZZ_ARCHIVE_HOLD_iCloudDriveArchive_DO_NOT_USE_AS_ACTIVE_ROOT_20260524/Documents/GitHub/openai-python/src/openai/types/beta/threads/file_citation_delta_annotation.py	4.0K	CITATIONS_SOURCES	Possible citation/source registry material
/Users/sethadmin/ZZ_ARCHIVE_HOLD_iCloudDriveArchive_DO_NOT_USE_AS_ACTIVE_ROOT_20260524/Documents/GitHub/openai-python/src/openai/types/beta/threads/file_citation_annotation.py	4.0K	CITATIONS_SOURCES	Possible citation/source registry material
/Users/sethadmin/ZZ_ARCHIVE_HOLD_iCloudDriveArchive_DO_NOT_USE_AS_ACTIVE_ROOT_20260524/Documents/GitHub/openai-python/src/openai/resources/beta/assistants.py	52K	CITATIONS_SOURCES	Possible citation/source registry material
/Users/sethadmin/ZZ_ARCHIVE_HOLD_iCloudDriveArchive_DO_NOT_USE_AS_ACTIVE_ROOT_20260524/Documents/GitHub/openai-python/src/openai/resources/beta/beta.py	8.0K	CITATIONS_SOURCES	Possible citation/source registry material
/Users/sethadmin/ZZ_ARCHIVE_HOLD_iCloudDriveArchive_DO_NOT_USE_AS_ACTIVE_ROOT_20260524/Documents/GitHub/openai-python/src/openai/resources/beta/__init__.py	4.0K	CITATIONS_SOURCES	Possible citation/source registry material
/Users/sethadmin/ZZ_ARCHIVE_HOLD_iCloudDriveArchive_DO_NOT_USE_AS_ACTIVE_ROOT_20260524/Documents/GitHub/openai-python/src/openai/resources/beta/realtime/sessions.py	24K	CITATIONS_SOURCES	Possible citation/source registry material
/Users/sethadmin/ZZ_ARCHIVE_HOLD_iCloudDriveArchive_DO_NOT_USE_AS_ACTIVE_ROOT_20260524/Documents/GitHub/openai-python/src/openai/resources/beta/realtime/realtime.py	44K	CITATIONS_SOURCES	Possible citation/source registry material
/Users/sethadmin/ZZ_ARCHIVE_HOLD_iCloudDriveArchive_DO_NOT_USE_AS_ACTIVE_ROOT_20260524/Documents/GitHub/openai-python/src/openai/resources/beta/realtime/__init__.py	4.0K	CITATIONS_SOURCES	Possible citation/source registry material
/Users/sethadmin/ZZ_ARCHIVE_HOLD_iCloudDriveArchive_DO_NOT_USE_AS_ACTIVE_ROOT_20260524/Documents/GitHub/openai-python/src/openai/resources/beta/realtime/transcription_sessions.py	16K	CITATIONS_SOURCES	Possible citation/source registry material
/Users/sethadmin/ZZ_ARCHIVE_HOLD_iCloudDriveArchive_DO_NOT_USE_AS_ACTIVE_ROOT_20260524/Documents/GitHub/openai-python/src/openai/resources/beta/chatkit/sessions.py	12K	CITATIONS_SOURCES	Possible citation/source registry material
/Users/sethadmin/ZZ_ARCHIVE_HOLD_iCloudDriveArchive_DO_NOT_USE_AS_ACTIVE_ROOT_20260524/Documents/GitHub/openai-python/src/openai/resources/beta/chatkit/chatkit.py	8.0K	CITATIONS_SOURCES	Possible citation/source registry material
/Users/sethadmin/ZZ_ARCHIVE_HOLD_iCloudDriveArchive_DO_NOT_USE_AS_ACTIVE_ROOT_20260524/Documents/GitHub/openai-python/src/openai/resources/beta/chatkit/__init__.py	4.0K	CITATIONS_SOURCES	Possible citation/source registry material
/Users/sethadmin/ZZ_ARCHIVE_HOLD_iCloudDriveArchive_DO_NOT_USE_AS_ACTIVE_ROOT_20260524/Documents/GitHub/openai-python/src/openai/resources/beta/chatkit/threads.py	24K	CITATIONS_SOURCES	Possible citation/source registry material
/Users/sethadmin/ZZ_ARCHIVE_HOLD_iCloudDriveArchive_DO_NOT_USE_AS_ACTIVE_ROOT_20260524/Documents/GitHub/openai-python/src/openai/resources/beta/threads/__init__.py	4.0K	CITATIONS_SOURCES	Possible citation/source registry material
/Users/sethadmin/ZZ_ARCHIVE_HOLD_iCloudDriveArchive_DO_NOT_USE_AS_ACTIVE_ROOT_20260524/Documents/GitHub/openai-python/src/openai/resources/beta/threads/threads.py	100K	CITATIONS_SOURCES	Possible citation/source registry material
/Users/sethadmin/ZZ_ARCHIVE_HOLD_iCloudDriveArchive_DO_NOT_USE_AS_ACTIVE_ROOT_20260524/Documents/GitHub/openai-python/src/openai/resources/beta/threads/messages.py	32K	CITATIONS_SOURCES	Possible citation/source registry material
/Users/sethadmin/ZZ_ARCHIVE_HOLD_iCloudDriveArchive_DO_NOT_USE_AS_ACTIVE_ROOT_20260524/Documents/GitHub/openai-python/src/openai/resources/beta/threads/runs/steps.py	20K	CITATIONS_SOURCES	Possible citation/source registry material
/Users/sethadmin/ZZ_ARCHIVE_HOLD_iCloudDriveArchive_DO_NOT_USE_AS_ACTIVE_ROOT_20260524/Documents/GitHub/openai-python/src/openai/resources/beta/threads/runs/__init__.py	4.0K	CITATIONS_SOURCES	Possible citation/source registry material
/Users/sethadmin/ZZ_ARCHIVE_HOLD_iCloudDriveArchive_DO_NOT_USE_AS_ACTIVE_ROOT_20260524/Documents/GitHub/openai-python/src/openai/resources/beta/threads/runs/runs.py	156K	CITATIONS_SOURCES	Possible citation/source registry material
/Users/sethadmin/ZZ_ARCHIVE_HOLD_iCloudDriveArchive_DO_NOT_USE_AS_ACTIVE_ROOT_20260524/Documents/GitHub/openai-python/src/openai/resources/vector_stores/files.py	44K	CITATIONS_SOURCES	Possible citation/source registry material
/Users/sethadmin/ZZ_ARCHIVE_HOLD_iCloudDriveArchive_DO_NOT_USE_AS_ACTIVE_ROOT_20260524/Documents/GitHub/openai-python/src/openai/resources/vector_stores/vector_stores.py	36K	CITATIONS_SOURCES	Possible citation/source registry material
/Users/sethadmin/ZZ_ARCHIVE_HOLD_iCloudDriveArchive_DO_NOT_USE_AS_ACTIVE_ROOT_20260524/Documents/GitHub/openai-python/src/openai/resources/vector_stores/__init__.py	4.0K	CITATIONS_SOURCES	Possible citation/source registry material
/Users/sethadmin/ZZ_ARCHIVE_HOLD_iCloudDriveArchive_DO_NOT_USE_AS_ACTIVE_ROOT_20260524/Documents/GitHub/openai-python/src/openai/resources/vector_stores/file_batches.py	40K	CITATIONS_SOURCES	Possible citation/source registry material
/Users/sethadmin/ZZ_ARCHIVE_HOLD_iCloudDriveArchive_DO_NOT_USE_AS_ACTIVE_ROOT_20260524/Documents/GitHub/openai-python/src/openai/resources/files.py	32K	CITATIONS_SOURCES	Possible citation/source registry material
/Users/sethadmin/ZZ_ARCHIVE_HOLD_iCloudDriveArchive_DO_NOT_USE_AS_ACTIVE_ROOT_20260524/Documents/GitHub/openai-python/src/openai/resources/evals/__init__.py	4.0K	CITATIONS_SOURCES	Possible citation/source registry material
/Users/sethadmin/ZZ_ARCHIVE_HOLD_iCloudDriveArchive_DO_NOT_USE_AS_ACTIVE_ROOT_20260524/Documents/GitHub/openai-python/src/openai/resources/evals/evals.py	28K	CITATIONS_SOURCES	Possible citation/source registry material
/Users/sethadmin/ZZ_ARCHIVE_HOLD_iCloudDriveArchive_DO_NOT_USE_AS_ACTIVE_ROOT_20260524/Documents/GitHub/openai-python/src/openai/resources/evals/runs/output_items.py	16K	CITATIONS_SOURCES	Possible citation/source registry material
/Users/sethadmin/ZZ_ARCHIVE_HOLD_iCloudDriveArchive_DO_NOT_USE_AS_ACTIVE_ROOT_20260524/Documents/GitHub/openai-python/src/openai/resources/evals/runs/__init__.py	4.0K	CITATIONS_SOURCES	Possible citation/source registry material
/Users/sethadmin/ZZ_ARCHIVE_HOLD_iCloudDriveArchive_DO_NOT_USE_AS_ACTIVE_ROOT_20260524/Documents/GitHub/openai-python/src/openai/resources/evals/runs/runs.py	28K	CITATIONS_SOURCES	Possible citation/source registry material
/Users/sethadmin/ZZ_ARCHIVE_HOLD_iCloudDriveArchive_DO_NOT_USE_AS_ACTIVE_ROOT_20260524/Documents/GitHub/openai-python/src/openai/resources/models.py	12K	CITATIONS_SOURCES	Possible citation/source registry material
/Users/sethadmin/ZZ_ARCHIVE_HOLD_iCloudDriveArchive_DO_NOT_USE_AS_ACTIVE_ROOT_20260524/Documents/GitHub/openai-python/src/openai/resources/fine_tuning/fine_tuning.py	8.0K	CITATIONS_SOURCES	Possible citation/source registry material
/Users/sethadmin/ZZ_ARCHIVE_HOLD_iCloudDriveArchive_DO_NOT_USE_AS_ACTIVE_ROOT_20260524/Documents/GitHub/openai-python/src/openai/resources/fine_tuning/checkpoints/__init__.py	4.0K	CITATIONS_SOURCES	Possible citation/source registry material
/Users/sethadmin/ZZ_ARCHIVE_HOLD_iCloudDriveArchive_DO_NOT_USE_AS_ACTIVE_ROOT_20260524/Documents/GitHub/openai-python/src/openai/resources/fine_tuning/checkpoints/checkpoints.py	8.0K	CITATIONS_SOURCES	Possible citation/source registry material
/Users/sethadmin/ZZ_ARCHIVE_HOLD_iCloudDriveArchive_DO_NOT_USE_AS_ACTIVE_ROOT_20260524/Documents/GitHub/openai-python/src/openai/resources/fine_tuning/checkpoints/permissions.py	28K	CITATIONS_SOURCES	Possible citation/source registry material
/Users/sethadmin/ZZ_ARCHIVE_HOLD_iCloudDriveArchive_DO_NOT_USE_AS_ACTIVE_ROOT_20260524/Documents/GitHub/openai-python/src/openai/resources/fine_tuning/__init__.py	4.0K	CITATIONS_SOURCES	Possible citation/source registry material
/Users/sethadmin/ZZ_ARCHIVE_HOLD_iCloudDriveArchive_DO_NOT_USE_AS_ACTIVE_ROOT_20260524/Documents/GitHub/openai-python/src/openai/resources/fine_tuning/jobs/__init__.py	4.0K	CITATIONS_SOURCES	Possible citation/source registry material
/Users/sethadmin/ZZ_ARCHIVE_HOLD_iCloudDriveArchive_DO_NOT_USE_AS_ACTIVE_ROOT_20260524/Documents/GitHub/openai-python/src/openai/resources/fine_tuning/jobs/checkpoints.py	8.0K	CITATIONS_SOURCES	Possible citation/source registry material
/Users/sethadmin/ZZ_ARCHIVE_HOLD_iCloudDriveArchive_DO_NOT_USE_AS_ACTIVE_ROOT_20260524/Documents/GitHub/openai-python/src/openai/resources/fine_tuning/jobs/jobs.py	40K	CITATIONS_SOURCES	Possible citation/source registry material
/Users/sethadmin/ZZ_ARCHIVE_HOLD_iCloudDriveArchive_DO_NOT_USE_AS_ACTIVE_ROOT_20260524/Documents/GitHub/openai-python/src/openai/resources/fine_tuning/alpha/__init__.py	4.0K	CITATIONS_SOURCES	Possible citation/source registry material
/Users/sethadmin/ZZ_ARCHIVE_HOLD_iCloudDriveArchive_DO_NOT_USE_AS_ACTIVE_ROOT_20260524/Documents/GitHub/openai-python/src/openai/resources/fine_tuning/alpha/graders.py	12K	CITATIONS_SOURCES	Possible citation/source registry material
/Users/sethadmin/ZZ_ARCHIVE_HOLD_iCloudDriveArchive_DO_NOT_USE_AS_ACTIVE_ROOT_20260524/Documents/GitHub/openai-python/src/openai/resources/fine_tuning/alpha/alpha.py	4.0K	CITATIONS_SOURCES	Possible citation/source registry material
/Users/sethadmin/ZZ_ARCHIVE_HOLD_iCloudDriveArchive_DO_NOT_USE_AS_ACTIVE_ROOT_20260524/Documents/GitHub/openai-python/src/openai/resources/chat/completions/__init__.py	4.0K	CITATIONS_SOURCES	Possible citation/source registry material
/Users/sethadmin/ZZ_ARCHIVE_HOLD_iCloudDriveArchive_DO_NOT_USE_AS_ACTIVE_ROOT_20260524/Documents/GitHub/openai-python/src/openai/resources/chat/completions/completions.py	164K	CITATIONS_SOURCES	Possible citation/source registry material
/Users/sethadmin/ZZ_ARCHIVE_HOLD_iCloudDriveArchive_DO_NOT_USE_AS_ACTIVE_ROOT_20260524/Documents/GitHub/openai-python/src/openai/resources/chat/completions/messages.py	12K	CITATIONS_SOURCES	Possible citation/source registry material
/Users/sethadmin/ZZ_ARCHIVE_HOLD_iCloudDriveArchive_DO_NOT_USE_AS_ACTIVE_ROOT_20260524/Documents/GitHub/openai-python/src/openai/resources/chat/__init__.py	4.0K	CITATIONS_SOURCES	Possible citation/source registry material
/Users/sethadmin/ZZ_ARCHIVE_HOLD_iCloudDriveArchive_DO_NOT_USE_AS_ACTIVE_ROOT_20260524/Documents/GitHub/openai-python/src/openai/resources/chat/chat.py	4.0K	CITATIONS_SOURCES	Possible citation/source registry material
/Users/sethadmin/ZZ_ARCHIVE_HOLD_iCloudDriveArchive_DO_NOT_USE_AS_ACTIVE_ROOT_20260524/Documents/GitHub/openai-python/src/openai/resources/moderations.py	8.0K	CITATIONS_SOURCES	Possible citation/source registry material
/Users/sethadmin/ZZ_ARCHIVE_HOLD_iCloudDriveArchive_DO_NOT_USE_AS_ACTIVE_ROOT_20260524/Documents/GitHub/openai-python/src/openai/resources/responses/responses.py	220K	CITATIONS_SOURCES	Possible citation/source registry material
/Users/sethadmin/ZZ_ARCHIVE_HOLD_iCloudDriveArchive_DO_NOT_USE_AS_ACTIVE_ROOT_20260524/Documents/GitHub/openai-python/src/openai/resources/responses/api.md	8.0K	CITATIONS_SOURCES	Possible citation/source registry material
/Users/sethadmin/ZZ_ARCHIVE_HOLD_iCloudDriveArchive_DO_NOT_USE_AS_ACTIVE_ROOT_20260524/Documents/GitHub/openai-python/src/openai/resources/responses/__init__.py	4.0K	CITATIONS_SOURCES	Possible citation/source registry material
/Users/sethadmin/ZZ_ARCHIVE_HOLD_iCloudDriveArchive_DO_NOT_USE_AS_ACTIVE_ROOT_20260524/Documents/GitHub/openai-python/src/openai/resources/responses/input_tokens.py	16K	CITATIONS_SOURCES	Possible citation/source registry material
/Users/sethadmin/ZZ_ARCHIVE_HOLD_iCloudDriveArchive_DO_NOT_USE_AS_ACTIVE_ROOT_20260524/Documents/GitHub/openai-python/src/openai/resources/responses/input_items.py	12K	CITATIONS_SOURCES	Possible citation/source registry material
/Users/sethadmin/ZZ_ARCHIVE_HOLD_iCloudDriveArchive_DO_NOT_USE_AS_ACTIVE_ROOT_20260524/Documents/GitHub/openai-python/src/openai/resources/__init__.py	8.0K	CITATIONS_SOURCES	Possible citation/source registry material
/Users/sethadmin/ZZ_ARCHIVE_HOLD_iCloudDriveArchive_DO_NOT_USE_AS_ACTIVE_ROOT_20260524/Documents/GitHub/openai-python/src/openai/resources/uploads/__init__.py	4.0K	CITATIONS_SOURCES	Possible citation/source registry material
/Users/sethadmin/ZZ_ARCHIVE_HOLD_iCloudDriveArchive_DO_NOT_USE_AS_ACTIVE_ROOT_20260524/Documents/GitHub/openai-python/src/openai/resources/uploads/parts.py	12K	CITATIONS_SOURCES	Possible citation/source registry material
/Users/sethadmin/ZZ_ARCHIVE_HOLD_iCloudDriveArchive_DO_NOT_USE_AS_ACTIVE_ROOT_20260524/Documents/GitHub/openai-python/src/openai/resources/uploads/uploads.py	28K	CITATIONS_SOURCES	Possible citation/source registry material
/Users/sethadmin/ZZ_ARCHIVE_HOLD_iCloudDriveArchive_DO_NOT_USE_AS_ACTIVE_ROOT_20260524/Documents/GitHub/openai-python/src/openai/resources/realtime/client_secrets.py	12K	CITATIONS_SOURCES	Possible citation/source registry material
/Users/sethadmin/ZZ_ARCHIVE_HOLD_iCloudDriveArchive_DO_NOT_USE_AS_ACTIVE_ROOT_20260524/Documents/GitHub/openai-python/src/openai/resources/realtime/api.md	8.0K	CITATIONS_SOURCES	Possible citation/source registry material
/Users/sethadmin/ZZ_ARCHIVE_HOLD_iCloudDriveArchive_DO_NOT_USE_AS_ACTIVE_ROOT_20260524/Documents/GitHub/openai-python/src/openai/resources/realtime/realtime.py	68K	CITATIONS_SOURCES	Possible citation/source registry material
/Users/sethadmin/ZZ_ARCHIVE_HOLD_iCloudDriveArchive_DO_NOT_USE_AS_ACTIVE_ROOT_20260524/Documents/GitHub/openai-python/src/openai/resources/realtime/__init__.py	4.0K	CITATIONS_SOURCES	Possible citation/source registry material
/Users/sethadmin/ZZ_ARCHIVE_HOLD_iCloudDriveArchive_DO_NOT_USE_AS_ACTIVE_ROOT_20260524/Documents/GitHub/openai-python/src/openai/resources/realtime/calls.py	36K	CITATIONS_SOURCES	Possible citation/source registry material
/Users/sethadmin/ZZ_ARCHIVE_HOLD_iCloudDriveArchive_DO_NOT_USE_AS_ACTIVE_ROOT_20260524/Documents/GitHub/openai-python/src/openai/resources/completions.py	60K	CITATIONS_SOURCES	Possible citation/source registry material
/Users/sethadmin/ZZ_ARCHIVE_HOLD_iCloudDriveArchive_DO_NOT_USE_AS_ACTIVE_ROOT_20260524/Documents/GitHub/openai-python/src/openai/resources/audio/translations.py	16K	CITATIONS_SOURCES	Possible citation/source registry material
/Users/sethadmin/ZZ_ARCHIVE_HOLD_iCloudDriveArchive_DO_NOT_USE_AS_ACTIVE_ROOT_20260524/Documents/GitHub/openai-python/src/openai/resources/audio/__init__.py	4.0K	CITATIONS_SOURCES	Possible citation/source registry material
/Users/sethadmin/ZZ_ARCHIVE_HOLD_iCloudDriveArchive_DO_NOT_USE_AS_ACTIVE_ROOT_20260524/Documents/GitHub/openai-python/src/openai/resources/audio/audio.py	8.0K	CITATIONS_SOURCES	Possible citation/source registry material
/Users/sethadmin/ZZ_ARCHIVE_HOLD_iCloudDriveArchive_DO_NOT_USE_AS_ACTIVE_ROOT_20260524/Documents/GitHub/openai-python/src/openai/resources/audio/transcriptions.py	52K	CITATIONS_SOURCES	Possible citation/source registry material
/Users/sethadmin/ZZ_ARCHIVE_HOLD_iCloudDriveArchive_DO_NOT_USE_AS_ACTIVE_ROOT_20260524/Documents/GitHub/openai-python/src/openai/resources/audio/speech.py	12K	CITATIONS_SOURCES	Possible citation/source registry material
/Users/sethadmin/ZZ_ARCHIVE_HOLD_iCloudDriveArchive_DO_NOT_USE_AS_ACTIVE_ROOT_20260524/Documents/GitHub/openai-python/src/openai/resources/embeddings.py	16K	CITATIONS_SOURCES	Possible citation/source registry material
/Users/sethadmin/ZZ_ARCHIVE_HOLD_iCloudDriveArchive_DO_NOT_USE_AS_ACTIVE_ROOT_20260524/Documents/GitHub/openai-python/src/openai/resources/conversations/api.md	4.0K	CITATIONS_SOURCES	Possible citation/source registry material
/Users/sethadmin/ZZ_ARCHIVE_HOLD_iCloudDriveArchive_DO_NOT_USE_AS_ACTIVE_ROOT_20260524/Documents/GitHub/openai-python/src/openai/resources/conversations/__init__.py	4.0K	CITATIONS_SOURCES	Possible citation/source registry material
/Users/sethadmin/ZZ_ARCHIVE_HOLD_iCloudDriveArchive_DO_NOT_USE_AS_ACTIVE_ROOT_20260524/Documents/GitHub/openai-python/src/openai/resources/conversations/items.py	28K	CITATIONS_SOURCES	Possible citation/source registry material
/Users/sethadmin/ZZ_ARCHIVE_HOLD_iCloudDriveArchive_DO_NOT_USE_AS_ACTIVE_ROOT_20260524/Documents/GitHub/openai-python/src/openai/resources/conversations/conversations.py	20K	CITATIONS_SOURCES	Possible citation/source registry material
/Users/sethadmin/ZZ_ARCHIVE_HOLD_iCloudDriveArchive_DO_NOT_USE_AS_ACTIVE_ROOT_20260524/Documents/GitHub/openai-python/src/openai/resources/images.py	96K	CITATIONS_SOURCES	Possible citation/source registry material
/Users/sethadmin/ZZ_ARCHIVE_HOLD_iCloudDriveArchive_DO_NOT_USE_AS_ACTIVE_ROOT_20260524/Documents/GitHub/openai-python/src/openai/resources/skills/skills.py	24K	CITATIONS_SOURCES	Possible citation/source registry material
/Users/sethadmin/ZZ_ARCHIVE_HOLD_iCloudDriveArchive_DO_NOT_USE_AS_ACTIVE_ROOT_20260524/Documents/GitHub/openai-python/src/openai/resources/skills/versions/__init__.py	4.0K	CITATIONS_SOURCES	Possible citation/source registry material
/Users/sethadmin/ZZ_ARCHIVE_HOLD_iCloudDriveArchive_DO_NOT_USE_AS_ACTIVE_ROOT_20260524/Documents/GitHub/openai-python/src/openai/resources/skills/versions/content.py	8.0K	CITATIONS_SOURCES	Possible citation/source registry material
/Users/sethadmin/ZZ_ARCHIVE_HOLD_iCloudDriveArchive_DO_NOT_USE_AS_ACTIVE_ROOT_20260524/Documents/GitHub/openai-python/src/openai/resources/skills/versions/versions.py	24K	CITATIONS_SOURCES	Possible citation/source registry material
/Users/sethadmin/ZZ_ARCHIVE_HOLD_iCloudDriveArchive_DO_NOT_USE_AS_ACTIVE_ROOT_20260524/Documents/GitHub/openai-python/src/openai/resources/skills/__init__.py	4.0K	CITATIONS_SOURCES	Possible citation/source registry material
/Users/sethadmin/ZZ_ARCHIVE_HOLD_iCloudDriveArchive_DO_NOT_USE_AS_ACTIVE_ROOT_20260524/Documents/GitHub/openai-python/src/openai/resources/skills/content.py	8.0K	CITATIONS_SOURCES	Possible citation/source registry material
/Users/sethadmin/ZZ_ARCHIVE_HOLD_iCloudDriveArchive_DO_NOT_USE_AS_ACTIVE_ROOT_20260524/Documents/GitHub/openai-python/src/openai/resources/containers/containers.py	24K	CITATIONS_SOURCES	Possible citation/source registry material
/Users/sethadmin/ZZ_ARCHIVE_HOLD_iCloudDriveArchive_DO_NOT_USE_AS_ACTIVE_ROOT_20260524/Documents/GitHub/openai-python/src/openai/resources/containers/__init__.py	4.0K	CITATIONS_SOURCES	Possible citation/source registry material
/Users/sethadmin/ZZ_ARCHIVE_HOLD_iCloudDriveArchive_DO_NOT_USE_AS_ACTIVE_ROOT_20260524/Documents/GitHub/openai-python/src/openai/resources/containers/files/files.py	24K	CITATIONS_SOURCES	Possible citation/source registry material
/Users/sethadmin/ZZ_ARCHIVE_HOLD_iCloudDriveArchive_DO_NOT_USE_AS_ACTIVE_ROOT_20260524/Documents/GitHub/openai-python/src/openai/resources/containers/files/__init__.py	4.0K	CITATIONS_SOURCES	Possible citation/source registry material
/Users/sethadmin/ZZ_ARCHIVE_HOLD_iCloudDriveArchive_DO_NOT_USE_AS_ACTIVE_ROOT_20260524/Documents/GitHub/openai-python/src/openai/resources/containers/files/content.py	8.0K	CITATIONS_SOURCES	Possible citation/source registry material
/Users/sethadmin/ZZ_ARCHIVE_HOLD_iCloudDriveArchive_DO_NOT_USE_AS_ACTIVE_ROOT_20260524/Documents/GitHub/openai-python/src/openai/resources/batches.py	24K	CITATIONS_SOURCES	Possible citation/source registry material
/Users/sethadmin/ZZ_ARCHIVE_HOLD_iCloudDriveArchive_DO_NOT_USE_AS_ACTIVE_ROOT_20260524/Documents/GitHub/openai-python/src/openai/resources/webhooks/api.md	4.0K	CITATIONS_SOURCES	Possible citation/source registry material
/Users/sethadmin/ZZ_ARCHIVE_HOLD_iCloudDriveArchive_DO_NOT_USE_AS_ACTIVE_ROOT_20260524/Documents/GitHub/openai-python/src/openai/resources/webhooks/__init__.py	4.0K	CITATIONS_SOURCES	Possible citation/source registry material
/Users/sethadmin/ZZ_ARCHIVE_HOLD_iCloudDriveArchive_DO_NOT_USE_AS_ACTIVE_ROOT_20260524/Documents/GitHub/openai-python/src/openai/resources/webhooks/webhooks.py	8.0K	CITATIONS_SOURCES	Possible citation/source registry material
/Users/sethadmin/ZZ_ARCHIVE_HOLD_iCloudDriveArchive_DO_NOT_USE_AS_ACTIVE_ROOT_20260524/Documents/GitHub/openai-python/src/openai/resources/videos.py	52K	CITATIONS_SOURCES	Possible citation/source registry material
/Users/sethadmin/ZZ_ARCHIVE_HOLD_iCloudDriveArchive_DO_NOT_USE_AS_ACTIVE_ROOT_20260524/Documents/Seth_Ops/03_POLICY_WORK/Housing_Subsidy_Research/Active_Repo_Candidates/MOPTResearch/section10_works_cited_and_source_control.md	16K	CITATIONS_SOURCES	Possible citation/source registry material
/Users/sethadmin/ZZ_ARCHIVE_HOLD_iCloudDriveArchive_DO_NOT_USE_AS_ACTIVE_ROOT_20260524/Documents/Seth_Ops/03_POLICY_WORK/Housing_Subsidy_Research/Active_Repo_Candidates/MOPTResearch/references/.gitkeep	0B	CITATIONS_SOURCES	Possible citation/source registry material
/Users/sethadmin/ZZ_ARCHIVE_HOLD_iCloudDriveArchive_DO_NOT_USE_AS_ACTIVE_ROOT_20260524/Documents/Seth_Ops/03_POLICY_WORK/Housing_Subsidy_Research/Active_Repo_Candidates/MOPTResearch/references/Fair-Housing-Framework.pdf	896K	CITATIONS_SOURCES	Possible citation/source registry material
/Users/sethadmin/ZZ_ARCHIVE_HOLD_iCloudDriveArchive_DO_NOT_USE_AS_ACTIVE_ROOT_20260524/Documents/Seth_Ops/03_POLICY_WORK/Housing_Subsidy_Research/Active_Repo_Candidates/MOPTResearch/docs/.gitkeep_resources	4.0K	CITATIONS_SOURCES	Possible citation/source registry material
/Users/sethadmin/ZZ_ARCHIVE_HOLD_iCloudDriveArchive_DO_NOT_USE_AS_ACTIVE_ROOT_20260524/Documents/Seth_Ops/03_POLICY_WORK/Housing_Subsidy_Research/Active_Repo_Candidates/MOPTResearch/docs/sections/housing-policy-framework/10-complete-works-cited-apa.md	16K	CITATIONS_SOURCES	Possible citation/source registry material
/Users/sethadmin/ZZ_ARCHIVE_HOLD_iCloudDriveArchive_DO_NOT_USE_AS_ACTIVE_ROOT_20260524/Documents/Seth_Ops/03_POLICY_WORK/Housing_Subsidy_Research/Active_Repo_Candidates/MOPTResearch/docs/resources.csv	8.0K	CITATIONS_SOURCES	Possible citation/source registry material
/Users/sethadmin/ZZ_ARCHIVE_HOLD_iCloudDriveArchive_DO_NOT_USE_AS_ACTIVE_ROOT_20260524/Documents/Seth_Ops/03_POLICY_WORK/Housing_Subsidy_Research/Active_Repo_Candidates/MOPTResearch/docs/resources-summary.md	16K	CITATIONS_SOURCES	Possible citation/source registry material
/Users/sethadmin/ZZ_ARCHIVE_HOLD_iCloudDriveArchive_DO_NOT_USE_AS_ACTIVE_ROOT_20260524/Documents/Seth_Ops/03_POLICY_WORK/Housing_Subsidy_Research/Active_Repo_Candidates/MOPTResearch/docs/resources-index.md	20K	CITATIONS_SOURCES	Possible citation/source registry material
/Users/sethadmin/ZZ_ARCHIVE_HOLD_iCloudDriveArchive_DO_NOT_USE_AS_ACTIVE_ROOT_20260524/Documents/Seth_Ops/03_POLICY_WORK/Housing_Subsidy_Research/Active_Repo_Candidates/MOPTResearch/docs/exports/legal-frameworks/PART_V_Legal_Framework_With_APA_Citations 2.md	36K	CITATIONS_SOURCES	Possible citation/source registry material
/Users/sethadmin/ZZ_ARCHIVE_HOLD_iCloudDriveArchive_DO_NOT_USE_AS_ACTIVE_ROOT_20260524/Documents/Seth_Ops/03_POLICY_WORK/Housing_Subsidy_Research/Active_Repo_Candidates/MOPTResearch/docs/exports/legal-frameworks/PART_V_Legal_Framework_With_APA_Citations.md	36K	CITATIONS_SOURCES	Possible citation/source registry material
/Users/sethadmin/ZZ_ARCHIVE_HOLD_iCloudDriveArchive_DO_NOT_USE_AS_ACTIVE_ROOT_20260524/Documents/Seth_Ops/03_POLICY_WORK/Housing_Subsidy_Research/Active_Repo_Candidates/MOPTResearch/docs/exports/policy-reports/MASTER_Works_Cited_APA_7th 2.md	16K	CITATIONS_SOURCES	Possible citation/source registry material
/Users/sethadmin/ZZ_ARCHIVE_HOLD_iCloudDriveArchive_DO_NOT_USE_AS_ACTIVE_ROOT_20260524/Documents/Seth_Ops/03_POLICY_WORK/Housing_Subsidy_Research/Active_Repo_Candidates/MOPTResearch/docs/exports/policy-reports/MASTER_Works_Cited_APA_7th.md	16K	CITATIONS_SOURCES	Possible citation/source registry material
/Users/sethadmin/ZZ_ARCHIVE_HOLD_iCloudDriveArchive_DO_NOT_USE_AS_ACTIVE_ROOT_20260524/Documents/Seth_Ops/03_POLICY_WORK/Housing_Subsidy_Research/Active_Repo_Candidates/MOPTResearch/docs/sources/primary-authorities-packet.md	8.0K	CITATIONS_SOURCES	Possible citation/source registry material
/Users/sethadmin/ZZ_ARCHIVE_HOLD_iCloudDriveArchive_DO_NOT_USE_AS_ACTIVE_ROOT_20260524/Documents/Seth_Ops/03_POLICY_WORK/Housing_Subsidy_Research/Active_Repo_Candidates/MOPTResearch/docs/sources/nyc-hra/cityfheps-fheps-authorities.md	12K	CITATIONS_SOURCES	Possible citation/source registry material
/Users/sethadmin/ZZ_ARCHIVE_HOLD_iCloudDriveArchive_DO_NOT_USE_AS_ACTIVE_ROOT_20260524/Documents/Seth_Ops/03_POLICY_WORK/Housing_Subsidy_Research/Active_Repo_Candidates/MOPTResearch/docs/sources/hud/hcv-coop-homeownership-authorities.md	16K	CITATIONS_SOURCES	Possible citation/source registry material
/Users/sethadmin/ZZ_ARCHIVE_HOLD_iCloudDriveArchive_DO_NOT_USE_AS_ACTIVE_ROOT_20260524/Documents/Seth_Ops/03_POLICY_WORK/Housing_Subsidy_Research/Active_Repo_Candidates/MOPTResearch/Capstone/Final Drafts/Housing_Subsidy_Research_Works_Cited 2.docx	40K	CITATIONS_SOURCES	Possible citation/source registry material
/Users/sethadmin/ZZ_ARCHIVE_HOLD_iCloudDriveArchive_DO_NOT_USE_AS_ACTIVE_ROOT_20260524/Documents/Seth_Ops/03_POLICY_WORK/Housing_Subsidy_Research/Active_Repo_Candidates/MOPTResearch/Capstone/Final Drafts/Housing_Subsidy_Research_Works_Cited.docx	40K	CITATIONS_SOURCES	Possible citation/source registry material
/Users/sethadmin/ZZ_ARCHIVE_HOLD_iCloudDriveArchive_DO_NOT_USE_AS_ACTIVE_ROOT_20260524/Documents/Seth_Ops/03_POLICY_WORK/Housing_Subsidy_Research/Active_Repo_Candidates/MOPTResearch/Capstone/data-sources/Data Sets 2/DOF__Cooperative_Comparable_Rental_Income__Citywide__20250415.csv	26M	CITATIONS_SOURCES	Possible citation/source registry material
/Users/sethadmin/ZZ_ARCHIVE_HOLD_iCloudDriveArchive_DO_NOT_USE_AS_ACTIVE_ROOT_20260524/Documents/Seth_Ops/03_POLICY_WORK/Housing_Subsidy_Research/Active_Repo_Candidates/MOPTResearch/Capstone/data-sources/Data Sets 2/citywide.xlsx	128K	CITATIONS_SOURCES	Possible citation/source registry material
/Users/sethadmin/ZZ_ARCHIVE_HOLD_iCloudDriveArchive_DO_NOT_USE_AS_ACTIVE_ROOT_20260524/Documents/Seth_Ops/03_POLICY_WORK/Housing_Subsidy_Research/Active_Repo_Candidates/MOPTResearch/Capstone/data-sources/Data Sets 2/MN.xlsx	128K	CITATIONS_SOURCES	Possible citation/source registry material
/Users/sethadmin/ZZ_ARCHIVE_HOLD_iCloudDriveArchive_DO_NOT_USE_AS_ACTIVE_ROOT_20260524/Documents/Seth_Ops/03_POLICY_WORK/Housing_Subsidy_Research/Active_Repo_Candidates/MOPTResearch/Capstone/data-sources/Data Sets 2/Housing_Reform_Proposal_Draft_2025-03-27.docx	40K	CITATIONS_SOURCES	Possible citation/source registry material
/Users/sethadmin/ZZ_ARCHIVE_HOLD_iCloudDriveArchive_DO_NOT_USE_AS_ACTIVE_ROOT_20260524/Documents/Seth_Ops/03_POLICY_WORK/Housing_Subsidy_Research/Active_Repo_Candidates/MOPTResearch/Capstone/data-sources/Data Sets 2/Demographic_Data.csv	4.0K	CITATIONS_SOURCES	Possible citation/source registry material
/Users/sethadmin/ZZ_ARCHIVE_HOLD_iCloudDriveArchive_DO_NOT_USE_AS_ACTIVE_ROOT_20260524/Documents/Seth_Ops/03_POLICY_WORK/Housing_Subsidy_Research/Active_Repo_Candidates/MOPTResearch/Capstone/data-sources/Data Sets 2/Properties_by_Borough_and_Council_District.csv	4.0K	CITATIONS_SOURCES	Possible citation/source registry material
/Users/sethadmin/ZZ_ARCHIVE_HOLD_iCloudDriveArchive_DO_NOT_USE_AS_ACTIVE_ROOT_20260524/Documents/Seth_Ops/03_POLICY_WORK/Housing_Subsidy_Research/Active_Repo_Candidates/MOPTResearch/Capstone/data-sources/Data Sets 2/3809.xlsx	128K	CITATIONS_SOURCES	Possible citation/source registry material
/Users/sethadmin/ZZ_ARCHIVE_HOLD_iCloudDriveArchive_DO_NOT_USE_AS_ACTIVE_ROOT_20260524/Documents/Seth_Ops/03_POLICY_WORK/Housing_Subsidy_Research/Active_Repo_Candidates/MOPTResearch/Capstone/data-sources/Housing Inequality in New York City- Racial and Ethnic Disparities in Homeownership and Shelter-Cost Burden.html	28K	CITATIONS_SOURCES	Possible citation/source registry material
/Users/sethadmin/ZZ_ARCHIVE_HOLD_iCloudDriveArchive_DO_NOT_USE_AS_ACTIVE_ROOT_20260524/Documents/Seth_Ops/03_POLICY_WORK/Housing_Subsidy_Research/Active_Repo_Candidates/MOPTResearch/Capstone/data-sources/gothamist.com.pdf	9.7M	CITATIONS_SOURCES	Possible citation/source registry material
/Users/sethadmin/ZZ_ARCHIVE_HOLD_iCloudDriveArchive_DO_NOT_USE_AS_ACTIVE_ROOT_20260524/Documents/Seth_Ops/03_POLICY_WORK/Housing_Subsidy_Research/Active_Repo_Candidates/MOPTResearch/Capstone/data-sources/NYC by Bourough Pofiles.csv	24K	CITATIONS_SOURCES	Possible citation/source registry material
/Users/sethadmin/ZZ_ARCHIVE_HOLD_iCloudDriveArchive_DO_NOT_USE_AS_ACTIVE_ROOT_20260524/Documents/Seth_Ops/03_POLICY_WORK/Housing_Subsidy_Research/Active_Repo_Candidates/MOPTResearch/Capstone/data-sources/This is real we did it - Bronx tenants become their own landlord - CBS New York.pdf	15M	CITATIONS_SOURCES	Possible citation/source registry material
/Users/sethadmin/ZZ_ARCHIVE_HOLD_iCloudDriveArchive_DO_NOT_USE_AS_ACTIVE_ROOT_20260524/Documents/Seth_Ops/03_POLICY_WORK/Housing_Subsidy_Research/Active_Repo_Candidates/MOPTResearch/Capstone/data-sources/Continued_Health_Statistics_Comparison.csv	4.0K	CITATIONS_SOURCES	Possible citation/source registry material
/Users/sethadmin/ZZ_ARCHIVE_HOLD_iCloudDriveArchive_DO_NOT_USE_AS_ACTIVE_ROOT_20260524/Documents/Seth_Ops/03_POLICY_WORK/Housing_Subsidy_Research/Active_Repo_Candidates/MOPTResearch/Capstone/data-sources/NYC Public Advocate Argues To Strengthen Housing Protections Against Federal Budget Cuts.pdf	200K	CITATIONS_SOURCES	Possible citation/source registry material
/Users/sethadmin/ZZ_ARCHIVE_HOLD_iCloudDriveArchive_DO_NOT_USE_AS_ACTIVE_ROOT_20260524/Documents/Seth_Ops/03_POLICY_WORK/Housing_Subsidy_Research/Active_Repo_Candidates/MOPTResearch/Capstone/data-sources/CityFHEPSreimbursementgrantHRAandHPD.pdf	348K	CITATIONS_SOURCES	Possible citation/source registry material
/Users/sethadmin/ZZ_ARCHIVE_HOLD_iCloudDriveArchive_DO_NOT_USE_AS_ACTIVE_ROOT_20260524/Documents/Seth_Ops/03_POLICY_WORK/Housing_Subsidy_Research/Active_Repo_Candidates/MOPTResearch/Capstone/data-sources/who_owns_what_export.csv	80K	CITATIONS_SOURCES	Possible citation/source registry material
/Users/sethadmin/ZZ_ARCHIVE_HOLD_iCloudDriveArchive_DO_NOT_USE_AS_ACTIVE_ROOT_20260524/Documents/Seth_Ops/03_POLICY_WORK/Housing_Subsidy_Research/Active_Repo_Candidates/MOPTResearch/Capstone/data-sources/Longevity_by_Design.pdf	980K	CITATIONS_SOURCES	Possible citation/source registry material
/Users/sethadmin/ZZ_ARCHIVE_HOLD_iCloudDriveArchive_DO_NOT_USE_AS_ACTIVE_ROOT_20260524/Documents/Seth_Ops/03_POLICY_WORK/Housing_Subsidy_Research/Active_Repo_Candidates/MOPTResearch/Capstone/data-sources/Copy-of-Fight-Your-Rent-Hike.pdf	3.8M	CITATIONS_SOURCES	Possible citation/source registry material
/Users/sethadmin/ZZ_ARCHIVE_HOLD_iCloudDriveArchive_DO_NOT_USE_AS_ACTIVE_ROOT_20260524/Documents/Seth_Ops/03_POLICY_WORK/Housing_Subsidy_Research/Active_Repo_Candidates/MOPTResearch/Capstone/data-sources/Affordable_housing_what_role_f.PDF	3.2M	CITATIONS_SOURCES	Possible citation/source registry material
/Users/sethadmin/ZZ_ARCHIVE_HOLD_iCloudDriveArchive_DO_NOT_USE_AS_ACTIVE_ROOT_20260524/Documents/Seth_Ops/03_POLICY_WORK/Housing_Subsidy_Research/Active_Repo_Candidates/MOPTResearch/Capstone/data-sources/Why States Localitie Should Use Property  Rights to Fix Vouchers.pdf	880K	CITATIONS_SOURCES	Possible citation/source registry material
/Users/sethadmin/ZZ_ARCHIVE_HOLD_iCloudDriveArchive_DO_NOT_USE_AS_ACTIVE_ROOT_20260524/Documents/Seth_Ops/03_POLICY_WORK/Housing_Subsidy_Research/Active_Repo_Candidates/MOPTResearch/Capstone/data-sources/2024-10-10 Release Local Law 1 of 2024 Implentation.docx	200K	CITATIONS_SOURCES	Possible citation/source registry material
/Users/sethadmin/ZZ_ARCHIVE_HOLD_iCloudDriveArchive_DO_NOT_USE_AS_ACTIVE_ROOT_20260524/Documents/Seth_Ops/03_POLICY_WORK/Housing_Subsidy_Research/Active_Repo_Candidates/MOPTResearch/Capstone/data-sources/Lack of Funding Continues to Jeopardize Right to Counsel Providers’ Ability to Represent Low-Income Tenants in NYC Housing Court   - New York Legal Assistance Group.pdf	1.3M	CITATIONS_SOURCES	Possible citation/source registry material
/Users/sethadmin/ZZ_ARCHIVE_HOLD_iCloudDriveArchive_DO_NOT_USE_AS_ACTIVE_ROOT_20260524/Documents/Seth_Ops/03_POLICY_WORK/Housing_Subsidy_Research/Active_Repo_Candidates/MOPTResearch/Capstone/data-sources/Affordable_housing_what_role_f.PDF.pdf	3.2M	CITATIONS_SOURCES	Possible citation/source registry material
/Users/sethadmin/ZZ_ARCHIVE_HOLD_iCloudDriveArchive_DO_NOT_USE_AS_ACTIVE_ROOT_20260524/Documents/Seth_Ops/03_POLICY_WORK/Housing_Subsidy_Research/Active_Repo_Candidates/MOPTResearch/Capstone/data-sources/Mental health and wellness/Cognitive_Toolkit_Housing_Political_Strategy.docx	40K	CITATIONS_SOURCES	Possible citation/source registry material
/Users/sethadmin/ZZ_ARCHIVE_HOLD_iCloudDriveArchive_DO_NOT_USE_AS_ACTIVE_ROOT_20260524/Documents/Seth_Ops/03_POLICY_WORK/Housing_Subsidy_Research/Active_Repo_Candidates/MOPTResearch/Capstone/data-sources/23 WEEK TWO Notes.ppt	1.0M	CITATIONS_SOURCES	Possible citation/source registry material
/Users/sethadmin/ZZ_ARCHIVE_HOLD_iCloudDriveArchive_DO_NOT_USE_AS_ACTIVE_ROOT_20260524/Documents/Seth_Ops/03_POLICY_WORK/Housing_Subsidy_Research/Active_Repo_Candidates/MOPTResearch/Capstone/data-sources/WHY_EXPANDING_HOUSING_CHOICE_V.pdf	68K	CITATIONS_SOURCES	Possible citation/source registry material
/Users/sethadmin/ZZ_ARCHIVE_HOLD_iCloudDriveArchive_DO_NOT_USE_AS_ACTIVE_ROOT_20260524/Documents/Seth_Ops/03_POLICY_WORK/Housing_Subsidy_Research/Active_Repo_Candidates/MOPTResearch/Capstone/data-sources/We've Been Thinking About America's Trust Collapse All Wrong - The Atlantic.pdf	540K	CITATIONS_SOURCES	Possible citation/source registry material
/Users/sethadmin/ZZ_ARCHIVE_HOLD_iCloudDriveArchive_DO_NOT_USE_AS_ACTIVE_ROOT_20260524/Documents/Seth_Ops/03_POLICY_WORK/Housing_Subsidy_Research/Active_Repo_Candidates/MOPTResearch/Capstone/data-sources/Comprehensive_Housing_Subsidy_Reform_Proposal_CITED.docx	40K	CITATIONS_SOURCES	Possible citation/source registry material
/Users/sethadmin/ZZ_ARCHIVE_HOLD_iCloudDriveArchive_DO_NOT_USE_AS_ACTIVE_ROOT_20260524/Documents/Seth_Ops/03_POLICY_WORK/Housing_Subsidy_Research/Active_Repo_Candidates/MOPTResearch/Capstone/data-sources/021025_AnnualSurvey2024_2024_Public_Housing_Factsheet_V3_(1).pdf	752K	CITATIONS_SOURCES	Possible citation/source registry material
/Users/sethadmin/ZZ_ARCHIVE_HOLD_iCloudDriveArchive_DO_NOT_USE_AS_ACTIVE_ROOT_20260524/Documents/Seth_Ops/03_POLICY_WORK/Housing_Subsidy_Research/Active_Repo_Candidates/MOPTResearch/Capstone/data-sources/HJ4A_FactSheet_r2-1.pdf	460K	CITATIONS_SOURCES	Possible citation/source registry material
/Users/sethadmin/ZZ_ARCHIVE_HOLD_iCloudDriveArchive_DO_NOT_USE_AS_ACTIVE_ROOT_20260524/Documents/Seth_Ops/03_POLICY_WORK/Housing_Subsidy_Research/Active_Repo_Candidates/MOPTResearch/Capstone/data-sources/Displacement Risk Map - NYC Equitable Development Data Explorer.pdf	2.3M	CITATIONS_SOURCES	Possible citation/source registry material
/Users/sethadmin/ZZ_ARCHIVE_HOLD_iCloudDriveArchive_DO_NOT_USE_AS_ACTIVE_ROOT_20260524/Documents/Seth_Ops/03_POLICY_WORK/Housing_Subsidy_Research/Active_Repo_Candidates/MOPTResearch/Capstone/data-sources/Offering_Vouchers_to_Families_.pdf	16K	CITATIONS_SOURCES	Possible citation/source registry material
/Users/sethadmin/ZZ_ARCHIVE_HOLD_iCloudDriveArchive_DO_NOT_USE_AS_ACTIVE_ROOT_20260524/Documents/Seth_Ops/03_POLICY_WORK/Housing_Subsidy_Research/Active_Repo_Candidates/MOPTResearch/Capstone/data-sources/Subsidy Programing Data 2/OUTLINE Comprehensive_Housing_Subsidy_Reform_Proposal_.docx	16K	CITATIONS_SOURCES	Possible citation/source registry material
/Users/sethadmin/ZZ_ARCHIVE_HOLD_iCloudDriveArchive_DO_NOT_USE_AS_ACTIVE_ROOT_20260524/Documents/Seth_Ops/03_POLICY_WORK/Housing_Subsidy_Research/Active_Repo_Candidates/MOPTResearch/Capstone/data-sources/Subsidy Programing Data 2/Research-Design-Data-Collection-and-Analysis-Plan.pdf	18M	CITATIONS_SOURCES	Possible citation/source registry material
/Users/sethadmin/ZZ_ARCHIVE_HOLD_iCloudDriveArchive_DO_NOT_USE_AS_ACTIVE_ROOT_20260524/Documents/Seth_Ops/03_POLICY_WORK/Housing_Subsidy_Research/Active_Repo_Candidates/MOPTResearch/Capstone/data-sources/20250903-warehousing-report_compressed.pdf	1.7M	CITATIONS_SOURCES	Possible citation/source registry material
/Users/sethadmin/ZZ_ARCHIVE_HOLD_iCloudDriveArchive_DO_NOT_USE_AS_ACTIVE_ROOT_20260524/Documents/Seth_Ops/03_POLICY_WORK/Housing_Subsidy_Research/Active_Repo_Candidates/MOPTResearch/Capstone/data-sources/ENDING_HOMELESSNESS_ADDRESSING.pdf	84K	CITATIONS_SOURCES	Possible citation/source registry material
/Users/sethadmin/ZZ_ARCHIVE_HOLD_iCloudDriveArchive_DO_NOT_USE_AS_ACTIVE_ROOT_20260524/Documents/Seth_Ops/03_POLICY_WORK/Housing_Subsidy_Research/Active_Repo_Candidates/MOPTResearch/Capstone/data-sources/Pay-to-Play-Report.pdf	6.0M	CITATIONS_SOURCES	Possible citation/source registry material
/Users/sethadmin/ZZ_ARCHIVE_HOLD_iCloudDriveArchive_DO_NOT_USE_AS_ACTIVE_ROOT_20260524/Documents/Seth_Ops/03_POLICY_WORK/Housing_Subsidy_Research/Active_Repo_Candidates/MOPTResearch/Capstone/data-sources/RECOVERY_LEGISLATIONS_HOUSING_.pdf	44K	CITATIONS_SOURCES	Possible citation/source registry material
/Users/sethadmin/ZZ_ARCHIVE_HOLD_iCloudDriveArchive_DO_NOT_USE_AS_ACTIVE_ROOT_20260524/Documents/Seth_Ops/03_POLICY_WORK/Housing_Subsidy_Research/Active_Repo_Candidates/MOPTResearch/Capstone/data-sources/chernick-2010-redistribution-at-the-state-and-local-level-consequences-for-economic-growth.pdf	240K	CITATIONS_SOURCES	Possible citation/source registry material
/Users/sethadmin/ZZ_ARCHIVE_HOLD_iCloudDriveArchive_DO_NOT_USE_AS_ACTIVE_ROOT_20260524/Documents/Seth_Ops/03_POLICY_WORK/Housing_Subsidy_Research/Active_Repo_Candidates/MOPTResearch/Capstone/data-sources/demo_2016acs5yr_nyc.xlsx	36K	CITATIONS_SOURCES	Possible citation/source registry material
/Users/sethadmin/ZZ_ARCHIVE_HOLD_iCloudDriveArchive_DO_NOT_USE_AS_ACTIVE_ROOT_20260524/Documents/Seth_Ops/03_POLICY_WORK/Housing_Subsidy_Research/Active_Repo_Candidates/MOPTResearch/Capstone/data-sources/America's Landlord..pdf	1.0M	CITATIONS_SOURCES	Possible citation/source registry material
/Users/sethadmin/ZZ_ARCHIVE_HOLD_iCloudDriveArchive_DO_NOT_USE_AS_ACTIVE_ROOT_20260524/Documents/Seth_Ops/03_POLICY_WORK/Housing_Subsidy_Research/Active_Repo_Candidates/MOPTResearch/Capstone/data-sources/What Data Can’t Do_ _ The New Yorker.pdf	6.4M	CITATIONS_SOURCES	Possible citation/source registry material
/Users/sethadmin/ZZ_ARCHIVE_HOLD_iCloudDriveArchive_DO_NOT_USE_AS_ACTIVE_ROOT_20260524/Documents/Seth_Ops/03_POLICY_WORK/Housing_Subsidy_Research/Active_Repo_Candidates/MOPTResearch/Capstone/data-sources/LISC at 40 - Coming to Terms with the Limits of Markets - Non Profit News - Nonprofit Quarterly.pdf	5.2M	CITATIONS_SOURCES	Possible citation/source registry material
/Users/sethadmin/ZZ_ARCHIVE_HOLD_iCloudDriveArchive_DO_NOT_USE_AS_ACTIVE_ROOT_20260524/Documents/Seth_Ops/03_POLICY_WORK/Housing_Subsidy_Research/Active_Repo_Candidates/MOPTResearch/Capstone/data-sources/New York’s $215M housing push barely dents crisis.pdf	64K	CITATIONS_SOURCES	Possible citation/source registry material
/Users/sethadmin/ZZ_ARCHIVE_HOLD_iCloudDriveArchive_DO_NOT_USE_AS_ACTIVE_ROOT_20260524/Documents/Seth_Ops/03_POLICY_WORK/Housing_Subsidy_Research/Active_Repo_Candidates/MOPTResearch/Capstone/data-sources/Broken Promise TIL Program.pdf	324K	CITATIONS_SOURCES	Possible citation/source registry material
/Users/sethadmin/ZZ_ARCHIVE_HOLD_iCloudDriveArchive_DO_NOT_USE_AS_ACTIVE_ROOT_20260524/Documents/Seth_Ops/03_POLICY_WORK/Housing_Subsidy_Research/Active_Repo_Candidates/MOPTResearch/Capstone/data-sources/When Private Equity Becomes Your Landlord — ProPublica.pdf	6.3M	CITATIONS_SOURCES	Possible citation/source registry material
/Users/sethadmin/ZZ_ARCHIVE_HOLD_iCloudDriveArchive_DO_NOT_USE_AS_ACTIVE_ROOT_20260524/Documents/Seth_Ops/03_POLICY_WORK/Housing_Subsidy_Research/Active_Repo_Candidates/MOPTResearch/Capstone/data-sources/delivery Should LHAs Return Unused Vouchers to HUD.pdf	736K	CITATIONS_SOURCES	Possible citation/source registry material
/Users/sethadmin/ZZ_ARCHIVE_HOLD_iCloudDriveArchive_DO_NOT_USE_AS_ACTIVE_ROOT_20260524/Documents/Seth_Ops/03_POLICY_WORK/Housing_Subsidy_Research/Active_Repo_Candidates/MOPTResearch/Capstone/data-sources/Housing solution reports/Shared Housing Roadmap Legislation Details (With Text).pdf	340K	CITATIONS_SOURCES	Possible citation/source registry material
/Users/sethadmin/ZZ_ARCHIVE_HOLD_iCloudDriveArchive_DO_NOT_USE_AS_ACTIVE_ROOT_20260524/Documents/Seth_Ops/03_POLICY_WORK/Housing_Subsidy_Research/Active_Repo_Candidates/MOPTResearch/Capstone/data-sources/Housing solution reports/shared-housing-roadmap.pdf	3.7M	CITATIONS_SOURCES	Possible citation/source registry material
/Users/sethadmin/ZZ_ARCHIVE_HOLD_iCloudDriveArchive_DO_NOT_USE_AS_ACTIVE_ROOT_20260524/Documents/Seth_Ops/03_POLICY_WORK/Housing_Subsidy_Research/Active_Repo_Candidates/MOPTResearch/Capstone/data-sources/House_price_determinants_funda.PDF.pdf	5.1M	CITATIONS_SOURCES	Possible citation/source registry material
/Users/sethadmin/ZZ_ARCHIVE_HOLD_iCloudDriveArchive_DO_NOT_USE_AS_ACTIVE_ROOT_20260524/Documents/Seth_Ops/03_POLICY_WORK/Housing_Subsidy_Research/Active_Repo_Candidates/MOPTResearch/Capstone/data-sources/2021-NYSERDA-Community-Energy-Engagement-Program-Evaluation-Report[3828].pdf	1.5M	CITATIONS_SOURCES	Possible citation/source registry material
/Users/sethadmin/ZZ_ARCHIVE_HOLD_iCloudDriveArchive_DO_NOT_USE_AS_ACTIVE_ROOT_20260524/Documents/Seth_Ops/03_POLICY_WORK/Housing_Subsidy_Research/Active_Repo_Candidates/MOPTResearch/Capstone/data-sources/Dewald et al., (2010)_The influence of sleep quality, duration, and sleepinesss on school performance in children and adolescents, a meta-analysis.pdf	192K	CITATIONS_SOURCES	Possible citation/source registry material
/Users/sethadmin/ZZ_ARCHIVE_HOLD_iCloudDriveArchive_DO_NOT_USE_AS_ACTIVE_ROOT_20260524/Documents/Seth_Ops/03_POLICY_WORK/Housing_Subsidy_Research/Active_Repo_Candidates/MOPTResearch/Capstone/data-sources/Devising Alternative Policy Options.pdf	6.3M	CITATIONS_SOURCES	Possible citation/source registry material
/Users/sethadmin/ZZ_ARCHIVE_HOLD_iCloudDriveArchive_DO_NOT_USE_AS_ACTIVE_ROOT_20260524/Documents/Seth_Ops/03_POLICY_WORK/Housing_Subsidy_Research/Active_Repo_Candidates/MOPTResearch/Capstone/data-sources/NYCHAs_Budget_Cant_be_Balanced.pdf	44K	CITATIONS_SOURCES	Possible citation/source registry material
/Users/sethadmin/ZZ_ARCHIVE_HOLD_iCloudDriveArchive_DO_NOT_USE_AS_ACTIVE_ROOT_20260524/Documents/Seth_Ops/03_POLICY_WORK/Housing_Subsidy_Research/Active_Repo_Candidates/MOPTResearch/Capstone/data-sources/A Community Ownership Path to Housing Justice - Non Profit News - Nonprofit Quarterly.pdf	7.6M	CITATIONS_SOURCES	Possible citation/source registry material
/Users/sethadmin/ZZ_ARCHIVE_HOLD_iCloudDriveArchive_DO_NOT_USE_AS_ACTIVE_ROOT_20260524/Documents/Seth_Ops/03_POLICY_WORK/Housing_Subsidy_Research/Active_Repo_Candidates/MOPTResearch/Capstone/data-sources/Opinion - Time for a Shift in NYC’s Affordable Housing Plans - City Limits.pdf	3.9M	CITATIONS_SOURCES	Possible citation/source registry material
/Users/sethadmin/ZZ_ARCHIVE_HOLD_iCloudDriveArchive_DO_NOT_USE_AS_ACTIVE_ROOT_20260524/Documents/Seth_Ops/03_POLICY_WORK/Housing_Subsidy_Research/Active_Repo_Candidates/MOPTResearch/Capstone/data-sources/Homeowner Assistance Fund FY25 Income Limits/FY 2025 Homeowner Assistance Fund -- 100 % Income Limits for New York, NY HUD Metro FMR Area.pdf	68K	CITATIONS_SOURCES	Possible citation/source registry material
/Users/sethadmin/ZZ_ARCHIVE_HOLD_iCloudDriveArchive_DO_NOT_USE_AS_ACTIVE_ROOT_20260524/Documents/Seth_Ops/03_POLICY_WORK/Housing_Subsidy_Research/Active_Repo_Candidates/MOPTResearch/Capstone/data-sources/Homeowner Assistance Fund FY25 Income Limits/FY 2024 Homeowner Assistance Fund -- 100 % Income Limits for New York, NY HUD Metro FMR Area.pdf	68K	CITATIONS_SOURCES	Possible citation/source registry material
/Users/sethadmin/ZZ_ARCHIVE_HOLD_iCloudDriveArchive_DO_NOT_USE_AS_ACTIVE_ROOT_20260524/Documents/Seth_Ops/03_POLICY_WORK/Housing_Subsidy_Research/Active_Repo_Candidates/MOPTResearch/Capstone/data-sources/Center For NYC Neighborhoods – ACCESS NYC.pdf	56K	CITATIONS_SOURCES	Possible citation/source registry material
/Users/sethadmin/ZZ_ARCHIVE_HOLD_iCloudDriveArchive_DO_NOT_USE_AS_ACTIVE_ROOT_20260524/Documents/Seth_Ops/03_POLICY_WORK/Housing_Subsidy_Research/Active_Repo_Candidates/MOPTResearch/Capstone/data-sources/Rent-Reform-in-Subsidized-Housing.pdf	2.0M	CITATIONS_SOURCES	Possible citation/source registry material
/Users/sethadmin/ZZ_ARCHIVE_HOLD_iCloudDriveArchive_DO_NOT_USE_AS_ACTIVE_ROOT_20260524/Documents/Seth_Ops/03_POLICY_WORK/Housing_Subsidy_Research/Active_Repo_Candidates/MOPTResearch/Capstone/data-sources/Ansell et al.pdf	364K	CITATIONS_SOURCES	Possible citation/source registry material
/Users/sethadmin/ZZ_ARCHIVE_HOLD_iCloudDriveArchive_DO_NOT_USE_AS_ACTIVE_ROOT_20260524/Documents/Seth_Ops/03_POLICY_WORK/Housing_Subsidy_Research/Active_Repo_Candidates/MOPTResearch/Capstone/data-sources/BK-9-SOI-NewGuideForRenters.pdf	1.9M	CITATIONS_SOURCES	Possible citation/source registry material
/Users/sethadmin/ZZ_ARCHIVE_HOLD_iCloudDriveArchive_DO_NOT_USE_AS_ACTIVE_ROOT_20260524/Documents/Seth_Ops/03_POLICY_WORK/Housing_Subsidy_Research/Active_Repo_Candidates/MOPTResearch/Capstone/data-sources/THE_REGION__Pro__Con_Landlords.pdf	48K	CITATIONS_SOURCES	Possible citation/source registry material
/Users/sethadmin/ZZ_ARCHIVE_HOLD_iCloudDriveArchive_DO_NOT_USE_AS_ACTIVE_ROOT_20260524/Documents/Seth_Ops/03_POLICY_WORK/Housing_Subsidy_Research/Active_Repo_Candidates/MOPTResearch/Capstone/data-sources/Cognitive Pretesting of 2021 American Housing Survey Modules.pdf	1.1M	CITATIONS_SOURCES	Possible citation/source registry material
/Users/sethadmin/ZZ_ARCHIVE_HOLD_iCloudDriveArchive_DO_NOT_USE_AS_ACTIVE_ROOT_20260524/Documents/Seth_Ops/03_POLICY_WORK/Housing_Subsidy_Research/Active_Repo_Candidates/MOPTResearch/Capstone/data-sources/appendix_7_housing_affordability_and_health_evidence_from_new_york_city.pdf	552K	CITATIONS_SOURCES	Possible citation/source registry material
/Users/sethadmin/ZZ_ARCHIVE_HOLD_iCloudDriveArchive_DO_NOT_USE_AS_ACTIVE_ROOT_20260524/Documents/Seth_Ops/03_POLICY_WORK/Housing_Subsidy_Research/Active_Repo_Candidates/MOPTResearch/Capstone/data-sources/Brooklyn_Eviction_Cost_Estimates_by_Year.csv	4.0K	CITATIONS_SOURCES	Possible citation/source registry material
/Users/sethadmin/ZZ_ARCHIVE_HOLD_iCloudDriveArchive_DO_NOT_USE_AS_ACTIVE_ROOT_20260524/Documents/Seth_Ops/03_POLICY_WORK/Housing_Subsidy_Research/Active_Repo_Candidates/MOPTResearch/Capstone/data-sources/Slums_tenants_and_homeownershi.PDF	3.0M	CITATIONS_SOURCES	Possible citation/source registry material
/Users/sethadmin/ZZ_ARCHIVE_HOLD_iCloudDriveArchive_DO_NOT_USE_AS_ACTIVE_ROOT_20260524/Documents/Seth_Ops/03_POLICY_WORK/Housing_Subsidy_Research/Active_Repo_Candidates/MOPTResearch/Capstone/data-sources/Increase_Government_Support_fo.PDF.pdf	732K	CITATIONS_SOURCES	Possible citation/source registry material
/Users/sethadmin/ZZ_ARCHIVE_HOLD_iCloudDriveArchive_DO_NOT_USE_AS_ACTIVE_ROOT_20260524/Documents/Seth_Ops/03_POLICY_WORK/Housing_Subsidy_Research/Active_Repo_Candidates/MOPTResearch/Capstone/data-sources/Slums_tenants_and_homeownershi.PDF.pdf	3.0M	CITATIONS_SOURCES	Possible citation/source registry material
/Users/sethadmin/ZZ_ARCHIVE_HOLD_iCloudDriveArchive_DO_NOT_USE_AS_ACTIVE_ROOT_20260524/Documents/Seth_Ops/03_POLICY_WORK/Housing_Subsidy_Research/Active_Repo_Candidates/MOPTResearch/Capstone/data-sources/The Rebuilding of the South Bronx after the Fiscal Crisis.pdf	7.8M	CITATIONS_SOURCES	Possible citation/source registry material
/Users/sethadmin/ZZ_ARCHIVE_HOLD_iCloudDriveArchive_DO_NOT_USE_AS_ACTIVE_ROOT_20260524/Documents/Seth_Ops/03_POLICY_WORK/Housing_Subsidy_Research/Active_Repo_Candidates/MOPTResearch/Capstone/data-sources/Allocation of the Limited Subsidies for Affordable Housing copy.pdf	896K	CITATIONS_SOURCES	Possible citation/source registry material
/Users/sethadmin/ZZ_ARCHIVE_HOLD_iCloudDriveArchive_DO_NOT_USE_AS_ACTIVE_ROOT_20260524/Documents/Seth_Ops/03_POLICY_WORK/Housing_Subsidy_Research/Active_Repo_Candidates/MOPTResearch/Capstone/data-sources/Continued_Health_Statistics_Summary.csv	4.0K	CITATIONS_SOURCES	Possible citation/source registry material
/Users/sethadmin/ZZ_ARCHIVE_HOLD_iCloudDriveArchive_DO_NOT_USE_AS_ACTIVE_ROOT_20260524/Documents/Seth_Ops/03_POLICY_WORK/Housing_Subsidy_Research/Active_Repo_Candidates/MOPTResearch/Capstone/data-sources/How Vienna found a unique model for low rent - Datawrapper Blog.pdf	724K	CITATIONS_SOURCES	Possible citation/source registry material
/Users/sethadmin/ZZ_ARCHIVE_HOLD_iCloudDriveArchive_DO_NOT_USE_AS_ACTIVE_ROOT_20260524/Documents/Seth_Ops/03_POLICY_WORK/Housing_Subsidy_Research/Active_Repo_Candidates/MOPTResearch/Capstone/data-sources/Health_Statistics_Summary.csv	4.0K	CITATIONS_SOURCES	Possible citation/source registry material
/Users/sethadmin/ZZ_ARCHIVE_HOLD_iCloudDriveArchive_DO_NOT_USE_AS_ACTIVE_ROOT_20260524/Documents/Seth_Ops/03_POLICY_WORK/Housing_Subsidy_Research/Active_Repo_Candidates/MOPTResearch/Capstone/data-sources/Vale-AffordableHousingAfford-2014.pdf	6.1M	CITATIONS_SOURCES	Possible citation/source registry material
/Users/sethadmin/ZZ_ARCHIVE_HOLD_iCloudDriveArchive_DO_NOT_USE_AS_ACTIVE_ROOT_20260524/Documents/Seth_Ops/03_POLICY_WORK/Housing_Subsidy_Research/Active_Repo_Candidates/MOPTResearch/Capstone/data-sources/ACFrOgDO_5FfoJO1WmslmQHdwjOJO2DNOJlneS5jAYE9vQa0gYVlRdEWdeCDqS1nCC1JZ-1OGNCA8KtqfMEiqbxokq4mfTqvIClOSluwbFaFnIEtDqJVe6abPyL9B26QzWIc_KXqbDnNCrE7EBlB.pdf	2.2M	CITATIONS_SOURCES	Possible citation/source registry material
/Users/sethadmin/ZZ_ARCHIVE_HOLD_iCloudDriveArchive_DO_NOT_USE_AS_ACTIVE_ROOT_20260524/Documents/Seth_Ops/03_POLICY_WORK/Housing_Subsidy_Research/Active_Repo_Candidates/MOPTResearch/Capstone/data-sources/New York socialist lawmakers, inspired by Mamdani’s win, aim to seize on new ses.pdf	40K	CITATIONS_SOURCES	Possible citation/source registry material
/Users/sethadmin/ZZ_ARCHIVE_HOLD_iCloudDriveArchive_DO_NOT_USE_AS_ACTIVE_ROOT_20260524/Documents/Seth_Ops/03_POLICY_WORK/Housing_Subsidy_Research/Active_Repo_Candidates/MOPTResearch/Capstone/data-sources/Housing Access Voucher Program - Housing Justice for All.pdf	80K	CITATIONS_SOURCES	Possible citation/source registry material
/Users/sethadmin/ZZ_ARCHIVE_HOLD_iCloudDriveArchive_DO_NOT_USE_AS_ACTIVE_ROOT_20260524/Documents/Seth_Ops/03_POLICY_WORK/Housing_Subsidy_Research/Active_Repo_Candidates/MOPTResearch/Capstone/data-sources/PA_Williams_End_homelessness.pdf	3.1M	CITATIONS_SOURCES	Possible citation/source registry material
/Users/sethadmin/ZZ_ARCHIVE_HOLD_iCloudDriveArchive_DO_NOT_USE_AS_ACTIVE_ROOT_20260524/Documents/Seth_Ops/03_POLICY_WORK/Housing_Subsidy_Research/Active_Repo_Candidates/MOPTResearch/Capstone/data-sources/Impact_of_ownership_transition.pdf	44K	CITATIONS_SOURCES	Possible citation/source registry material
/Users/sethadmin/ZZ_ARCHIVE_HOLD_iCloudDriveArchive_DO_NOT_USE_AS_ACTIVE_ROOT_20260524/Documents/Seth_Ops/03_POLICY_WORK/Housing_Subsidy_Research/Active_Repo_Candidates/MOPTResearch/Capstone/data-sources/Perpetuating_the_problem_neoli.PDF.pdf	4.9M	CITATIONS_SOURCES	Possible citation/source registry material
/Users/sethadmin/ZZ_ARCHIVE_HOLD_iCloudDriveArchive_DO_NOT_USE_AS_ACTIVE_ROOT_20260524/Documents/Seth_Ops/03_POLICY_WORK/Housing_Subsidy_Research/Active_Repo_Candidates/MOPTResearch/Capstone/data-sources/Bardachs-Eightfold-Path-1.pdf	2.6M	CITATIONS_SOURCES	Possible citation/source registry material
/Users/sethadmin/ZZ_ARCHIVE_HOLD_iCloudDriveArchive_DO_NOT_USE_AS_ACTIVE_ROOT_20260524/Documents/Seth_Ops/03_POLICY_WORK/Housing_Subsidy_Research/Active_Repo_Candidates/MOPTResearch/Capstone/data-sources/Comparison of Key Health Statistics Between 1997 NYC-Wide Data and 2000 Manhattan Data.png	260K	CITATIONS_SOURCES	Possible citation/source registry material
/Users/sethadmin/ZZ_ARCHIVE_HOLD_iCloudDriveArchive_DO_NOT_USE_AS_ACTIVE_ROOT_20260524/Documents/Seth_Ops/03_POLICY_WORK/Housing_Subsidy_Research/Active_Repo_Candidates/MOPTResearch/Capstone/data-sources/NYUFurmanCenter_SOCin2015_9JUNE2016.pdf	1.1M	CITATIONS_SOURCES	Possible citation/source registry material
/Users/sethadmin/ZZ_ARCHIVE_HOLD_iCloudDriveArchive_DO_NOT_USE_AS_ACTIVE_ROOT_20260524/Documents/Seth_Ops/03_POLICY_WORK/Housing_Subsidy_Research/Active_Repo_Candidates/MOPTResearch/Capstone/data-sources/Homes and Community Renewal Home Page - Homes and Community Renewal.pdf	1.6M	CITATIONS_SOURCES	Possible citation/source registry material
/Users/sethadmin/ZZ_ARCHIVE_HOLD_iCloudDriveArchive_DO_NOT_USE_AS_ACTIVE_ROOT_20260524/Documents/Seth_Ops/03_POLICY_WORK/Housing_Subsidy_Research/Active_Repo_Candidates/MOPTResearch/Capstone/data-sources/021025_AnnualSurvey2024_2024_Public_Housing_Factsheet_V3_(1)-2.pdf	752K	CITATIONS_SOURCES	Possible citation/source registry material
/Users/sethadmin/ZZ_ARCHIVE_HOLD_iCloudDriveArchive_DO_NOT_USE_AS_ACTIVE_ROOT_20260524/Documents/Seth_Ops/03_POLICY_WORK/Housing_Subsidy_Research/Active_Repo_Candidates/MOPTResearch/Capstone/data-sources/dictionary_2024.pdf	32K	CITATIONS_SOURCES	Possible citation/source registry material
/Users/sethadmin/ZZ_ARCHIVE_HOLD_iCloudDriveArchive_DO_NOT_USE_AS_ACTIVE_ROOT_20260524/Documents/Seth_Ops/03_POLICY_WORK/Housing_Subsidy_Research/Active_Repo_Candidates/MOPTResearch/Capstone/data-sources/demo_2016acs5yr_nyc.numbers	872K	CITATIONS_SOURCES	Possible citation/source registry material
/Users/sethadmin/ZZ_ARCHIVE_HOLD_iCloudDriveArchive_DO_NOT_USE_AS_ACTIVE_ROOT_20260524/Documents/Seth_Ops/03_POLICY_WORK/Housing_Subsidy_Research/Active_Repo_Candidates/MOPTResearch/Capstone/data-sources/Increase_Government_Support_fo.PDF	912K	CITATIONS_SOURCES	Possible citation/source registry material
/Users/sethadmin/ZZ_ARCHIVE_HOLD_iCloudDriveArchive_DO_NOT_USE_AS_ACTIVE_ROOT_20260524/Documents/Seth_Ops/03_POLICY_WORK/Housing_Subsidy_Research/Active_Repo_Candidates/MOPTResearch/Capstone/data-sources/Health_Statistics_Comparison.pdf	13M	CITATIONS_SOURCES	Possible citation/source registry material
/Users/sethadmin/ZZ_ARCHIVE_HOLD_iCloudDriveArchive_DO_NOT_USE_AS_ACTIVE_ROOT_20260524/Documents/Seth_Ops/03_POLICY_WORK/Housing_Subsidy_Research/Active_Repo_Candidates/MOPTResearch/Capstone/data-sources/The effect of the housing crisis on the finances of central cities - ScienceDirect.pdf	168K	CITATIONS_SOURCES	Possible citation/source registry material
/Users/sethadmin/ZZ_ARCHIVE_HOLD_iCloudDriveArchive_DO_NOT_USE_AS_ACTIVE_ROOT_20260524/Documents/Seth_Ops/03_POLICY_WORK/Housing_Subsidy_Research/Active_Repo_Candidates/MOPTResearch/Capstone/data-sources/Housing Inequality in New York City- Racial and Ethnic Disparities in Homeownership and Shelter-Cost Burden.pdf	116K	CITATIONS_SOURCES	Possible citation/source registry material
/Users/sethadmin/ZZ_ARCHIVE_HOLD_iCloudDriveArchive_DO_NOT_USE_AS_ACTIVE_ROOT_20260524/Documents/Seth_Ops/03_POLICY_WORK/Housing_Subsidy_Research/Active_Repo_Candidates/MOPTResearch/Capstone/data-sources/Opinion - Housing Crisis Is Critical for NYC’s Disabled.pdf	14M	CITATIONS_SOURCES	Possible citation/source registry material
/Users/sethadmin/ZZ_ARCHIVE_HOLD_iCloudDriveArchive_DO_NOT_USE_AS_ACTIVE_ROOT_20260524/Documents/Seth_Ops/03_POLICY_WORK/Housing_Subsidy_Research/Active_Repo_Candidates/MOPTResearch/Capstone/data-sources/Tenant and Landlord Groups Both Support a Proposed State Housing Voucher - City.pdf	1.5M	CITATIONS_SOURCES	Possible citation/source registry material
/Users/sethadmin/ZZ_ARCHIVE_HOLD_iCloudDriveArchive_DO_NOT_USE_AS_ACTIVE_ROOT_20260524/Documents/Seth_Ops/03_POLICY_WORK/Housing_Subsidy_Research/Active_Repo_Candidates/MOPTResearch/Capstone/data-sources/The Unacceptable Costs of Appeasing MAGA Nation - The New Republic.pdf	3.3M	CITATIONS_SOURCES	Possible citation/source registry material
/Users/sethadmin/ZZ_ARCHIVE_HOLD_iCloudDriveArchive_DO_NOT_USE_AS_ACTIVE_ROOT_20260524/Documents/Seth_Ops/03_POLICY_WORK/Housing_Subsidy_Research/Active_Repo_Candidates/MOPTResearch/Capstone/data-sources/demo_2016acs5yr_nyc.csv	24K	CITATIONS_SOURCES	Possible citation/source registry material
/Users/sethadmin/ZZ_ARCHIVE_HOLD_iCloudDriveArchive_DO_NOT_USE_AS_ACTIVE_ROOT_20260524/Documents/Seth_Ops/03_POLICY_WORK/Housing_Subsidy_Research/Active_Repo_Candidates/MOPTResearch/Capstone/data-sources/1-s2.0-S105113772100019X-main.pdf	2.8M	CITATIONS_SOURCES	Possible citation/source registry material
/Users/sethadmin/ZZ_ARCHIVE_HOLD_iCloudDriveArchive_DO_NOT_USE_AS_ACTIVE_ROOT_20260524/Documents/Seth_Ops/03_POLICY_WORK/Housing_Subsidy_Research/Active_Repo_Candidates/MOPTResearch/Capstone/data-sources/Budget/Annual-Financial-Report.pdf	876K	CITATIONS_SOURCES	Possible citation/source registry material
/Users/sethadmin/ZZ_ARCHIVE_HOLD_iCloudDriveArchive_DO_NOT_USE_AS_ACTIVE_ROOT_20260524/Documents/Seth_Ops/03_POLICY_WORK/Housing_Subsidy_Research/Active_Repo_Candidates/MOPTResearch/Capstone/data-sources/Budget/2024-rf-cuny-fs-final.pdf	244K	CITATIONS_SOURCES	Possible citation/source registry material
/Users/sethadmin/ZZ_ARCHIVE_HOLD_iCloudDriveArchive_DO_NOT_USE_AS_ACTIVE_ROOT_20260524/Documents/Seth_Ops/03_POLICY_WORK/Housing_Subsidy_Research/Active_Repo_Candidates/MOPTResearch/data/sources/primary_authorities_packet_v1.csv	4.0K	CITATIONS_SOURCES	Possible citation/source registry material
/Users/sethadmin/ZZ_ARCHIVE_HOLD_iCloudDriveArchive_DO_NOT_USE_AS_ACTIVE_ROOT_20260524/Documents/Documents - SFMacBook Pro M5/LEGAL_AUTOMATION/watermelon-vscode/.vscode-test/vscode-darwin-arm64-1.109.5/Visual Studio Code.app/Contents/CodeResources	4.0K	CITATIONS_SOURCES	Possible citation/source registry material
/Users/sethadmin/ZZ_ARCHIVE_HOLD_iCloudDriveArchive_DO_NOT_USE_AS_ACTIVE_ROOT_20260524/Documents/Documents - SFMacBook Pro M5/LEGAL_AUTOMATION/watermelon-vscode/.vscode-test/vscode-darwin-arm64-1.109.5/Visual Studio Code.app/Contents/_CodeSignature/CodeResources	1.2M	CITATIONS_SOURCES	Possible citation/source registry material
/Users/sethadmin/ZZ_ARCHIVE_HOLD_iCloudDriveArchive_DO_NOT_USE_AS_ACTIVE_ROOT_20260524/Documents/Documents - SFMacBook Pro M5/LEGAL_AUTOMATION/watermelon-vscode/.vscode-test/vscode-darwin-arm64-1.109.5/Visual Studio Code.app/Contents/Resources/javascript.icns	68K	CITATIONS_SOURCES	Possible citation/source registry material
/Users/sethadmin/ZZ_ARCHIVE_HOLD_iCloudDriveArchive_DO_NOT_USE_AS_ACTIVE_ROOT_20260524/Documents/Documents - SFMacBook Pro M5/LEGAL_AUTOMATION/watermelon-vscode/.vscode-test/vscode-darwin-arm64-1.109.5/Visual Studio Code.app/Contents/Resources/shell.icns	60K	CITATIONS_SOURCES	Possible citation/source registry material
/Users/sethadmin/ZZ_ARCHIVE_HOLD_iCloudDriveArchive_DO_NOT_USE_AS_ACTIVE_ROOT_20260524/Documents/Documents - SFMacBook Pro M5/LEGAL_AUTOMATION/watermelon-vscode/.vscode-test/vscode-darwin-arm64-1.109.5/Visual Studio Code.app/Contents/Resources/css.icns	68K	CITATIONS_SOURCES	Possible citation/source registry material
/Users/sethadmin/ZZ_ARCHIVE_HOLD_iCloudDriveArchive_DO_NOT_USE_AS_ACTIVE_ROOT_20260524/Documents/Documents - SFMacBook Pro M5/LEGAL_AUTOMATION/watermelon-vscode/.vscode-test/vscode-darwin-arm64-1.109.5/Visual Studio Code.app/Contents/Resources/json.icns	68K	CITATIONS_SOURCES	Possible citation/source registry material
/Users/sethadmin/ZZ_ARCHIVE_HOLD_iCloudDriveArchive_DO_NOT_USE_AS_ACTIVE_ROOT_20260524/Documents/Documents - SFMacBook Pro M5/LEGAL_AUTOMATION/watermelon-vscode/.vscode-test/vscode-darwin-arm64-1.109.5/Visual Studio Code.app/Contents/Resources/sql.icns	68K	CITATIONS_SOURCES	Possible citation/source registry material
/Users/sethadmin/ZZ_ARCHIVE_HOLD_iCloudDriveArchive_DO_NOT_USE_AS_ACTIVE_ROOT_20260524/Documents/Documents - SFMacBook Pro M5/LEGAL_AUTOMATION/watermelon-vscode/.vscode-test/vscode-darwin-arm64-1.109.5/Visual Studio Code.app/Contents/Resources/php.icns	72K	CITATIONS_SOURCES	Possible citation/source registry material
/Users/sethadmin/ZZ_ARCHIVE_HOLD_iCloudDriveArchive_DO_NOT_USE_AS_ACTIVE_ROOT_20260524/Documents/Documents - SFMacBook Pro M5/LEGAL_AUTOMATION/watermelon-vscode/.vscode-test/vscode-darwin-arm64-1.109.5/Visual Studio Code.app/Contents/Resources/app/telemetry-core.json	328K	CITATIONS_SOURCES	Possible citation/source registry material
/Users/sethadmin/ZZ_ARCHIVE_HOLD_iCloudDriveArchive_DO_NOT_USE_AS_ACTIVE_ROOT_20260524/Documents/Documents - SFMacBook Pro M5/LEGAL_AUTOMATION/watermelon-vscode/.vscode-test/vscode-darwin-arm64-1.109.5/Visual Studio Code.app/Contents/Resources/app/ThirdPartyNotices.txt	1.8M	CITATIONS_SOURCES	Possible citation/source registry material
/Users/sethadmin/ZZ_ARCHIVE_HOLD_iCloudDriveArchive_DO_NOT_USE_AS_ACTIVE_ROOT_20260524/Documents/Documents - SFMacBook Pro M5/LEGAL_AUTOMATION/watermelon-vscode/.vscode-test/vscode-darwin-arm64-1.109.5/Visual Studio Code.app/Contents/Resources/app/node_modules.asar.unpacked/vsda/rust/web/vsda_bg.wasm	64K	CITATIONS_SOURCES	Possible citation/source registry material
/Users/sethadmin/ZZ_ARCHIVE_HOLD_iCloudDriveArchive_DO_NOT_USE_AS_ACTIVE_ROOT_20260524/Documents/Documents - SFMacBook Pro M5/LEGAL_AUTOMATION/watermelon-vscode/.vscode-test/vscode-darwin-arm64-1.109.5/Visual Studio Code.app/Contents/Resources/app/node_modules.asar.unpacked/vsda/build/Release/vsda.node	116K	CITATIONS_SOURCES	Possible citation/source registry material
/Users/sethadmin/ZZ_ARCHIVE_HOLD_iCloudDriveArchive_DO_NOT_USE_AS_ACTIVE_ROOT_20260524/Documents/Documents - SFMacBook Pro M5/LEGAL_AUTOMATION/watermelon-vscode/.vscode-test/vscode-darwin-arm64-1.109.5/Visual Studio Code.app/Contents/Resources/app/bin/code	4.0K	CITATIONS_SOURCES	Possible citation/source registry material
/Users/sethadmin/ZZ_ARCHIVE_HOLD_iCloudDriveArchive_DO_NOT_USE_AS_ACTIVE_ROOT_20260524/Documents/Documents - SFMacBook Pro M5/LEGAL_AUTOMATION/watermelon-vscode/.vscode-test/vscode-darwin-arm64-1.109.5/Visual Studio Code.app/Contents/Resources/app/bin/code-tunnel	14M	CITATIONS_SOURCES	Possible citation/source registry material
/Users/sethadmin/ZZ_ARCHIVE_HOLD_iCloudDriveArchive_DO_NOT_USE_AS_ACTIVE_ROOT_20260524/Documents/Documents - SFMacBook Pro M5/LEGAL_AUTOMATION/watermelon-vscode/.vscode-test/vscode-darwin-arm64-1.109.5/Visual Studio Code.app/Contents/Resources/app/licenses/LICENSE-deu.rtf	156K	CITATIONS_SOURCES	Possible citation/source registry material
/Users/sethadmin/ZZ_ARCHIVE_HOLD_iCloudDriveArchive_DO_NOT_USE_AS_ACTIVE_ROOT_20260524/Documents/Documents - SFMacBook Pro M5/LEGAL_AUTOMATION/watermelon-vscode/.vscode-test/vscode-darwin-arm64-1.109.5/Visual Studio Code.app/Contents/Resources/app/licenses/LICENSE-jpn.rtf	240K	CITATIONS_SOURCES	Possible citation/source registry material
/Users/sethadmin/ZZ_ARCHIVE_HOLD_iCloudDriveArchive_DO_NOT_USE_AS_ACTIVE_ROOT_20260524/Documents/Documents - SFMacBook Pro M5/LEGAL_AUTOMATION/watermelon-vscode/.vscode-test/vscode-darwin-arm64-1.109.5/Visual Studio Code.app/Contents/Resources/app/licenses/LICENSE-ita.rtf	172K	CITATIONS_SOURCES	Possible citation/source registry material
/Users/sethadmin/ZZ_ARCHIVE_HOLD_iCloudDriveArchive_DO_NOT_USE_AS_ACTIVE_ROOT_20260524/Documents/Documents - SFMacBook Pro M5/LEGAL_AUTOMATION/watermelon-vscode/.vscode-test/vscode-darwin-arm64-1.109.5/Visual Studio Code.app/Contents/Resources/app/licenses/LICENSE-ptb.rtf	160K	CITATIONS_SOURCES	Possible citation/source registry material
/Users/sethadmin/ZZ_ARCHIVE_HOLD_iCloudDriveArchive_DO_NOT_USE_AS_ACTIVE_ROOT_20260524/Documents/Documents - SFMacBook Pro M5/LEGAL_AUTOMATION/watermelon-vscode/.vscode-test/vscode-darwin-arm64-1.109.5/Visual Studio Code.app/Contents/Resources/app/licenses/LICENSE-rus.rtf	480K	CITATIONS_SOURCES	Possible citation/source registry material
/Users/sethadmin/ZZ_ARCHIVE_HOLD_iCloudDriveArchive_DO_NOT_USE_AS_ACTIVE_ROOT_20260524/Documents/Documents - SFMacBook Pro M5/LEGAL_AUTOMATION/watermelon-vscode/.vscode-test/vscode-darwin-arm64-1.109.5/Visual Studio Code.app/Contents/Resources/app/licenses/LICENSE-cht.rtf	200K	CITATIONS_SOURCES	Possible citation/source registry material
/Users/sethadmin/ZZ_ARCHIVE_HOLD_iCloudDriveArchive_DO_NOT_USE_AS_ACTIVE_ROOT_20260524/Documents/Documents - SFMacBook Pro M5/LEGAL_AUTOMATION/watermelon-vscode/.vscode-test/vscode-darwin-arm64-1.109.5/Visual Studio Code.app/Contents/Resources/app/licenses/LICENSE-bul.rtf	480K	CITATIONS_SOURCES	Possible citation/source registry material
/Users/sethadmin/ZZ_ARCHIVE_HOLD_iCloudDriveArchive_DO_NOT_USE_AS_ACTIVE_ROOT_20260524/Documents/Documents - SFMacBook Pro M5/LEGAL_AUTOMATION/watermelon-vscode/.vscode-test/vscode-darwin-arm64-1.109.5/Visual Studio Code.app/Contents/Resources/app/licenses/LICENSE-chs.rtf	184K	CITATIONS_SOURCES	Possible citation/source registry material
/Users/sethadmin/ZZ_ARCHIVE_HOLD_iCloudDriveArchive_DO_NOT_USE_AS_ACTIVE_ROOT_20260524/Documents/Documents - SFMacBook Pro M5/LEGAL_AUTOMATION/watermelon-vscode/.vscode-test/vscode-darwin-arm64-1.109.5/Visual Studio Code.app/Contents/Resources/app/licenses/LICENSE-trk.rtf	308K	CITATIONS_SOURCES	Possible citation/source registry material
/Users/sethadmin/ZZ_ARCHIVE_HOLD_iCloudDriveArchive_DO_NOT_USE_AS_ACTIVE_ROOT_20260524/Documents/Documents - SFMacBook Pro M5/LEGAL_AUTOMATION/watermelon-vscode/.vscode-test/vscode-darwin-arm64-1.109.5/Visual Studio Code.app/Contents/Resources/app/licenses/LICENSE-esp.rtf	160K	CITATIONS_SOURCES	Possible citation/source registry material
/Users/sethadmin/ZZ_ARCHIVE_HOLD_iCloudDriveArchive_DO_NOT_USE_AS_ACTIVE_ROOT_20260524/Documents/Documents - SFMacBook Pro M5/LEGAL_AUTOMATION/watermelon-vscode/.vscode-test/vscode-darwin-arm64-1.109.5/Visual Studio Code.app/Contents/Resources/app/licenses/LICENSE-hun.rtf	180K	CITATIONS_SOURCES	Possible citation/source registry material
/Users/sethadmin/ZZ_ARCHIVE_HOLD_iCloudDriveArchive_DO_NOT_USE_AS_ACTIVE_ROOT_20260524/Documents/Documents - SFMacBook Pro M5/LEGAL_AUTOMATION/watermelon-vscode/.vscode-test/vscode-darwin-arm64-1.109.5/Visual Studio Code.app/Contents/Resources/app/licenses/LICENSE-fra.rtf	176K	CITATIONS_SOURCES	Possible citation/source registry material
/Users/sethadmin/ZZ_ARCHIVE_HOLD_iCloudDriveArchive_DO_NOT_USE_AS_ACTIVE_ROOT_20260524/Documents/Documents - SFMacBook Pro M5/LEGAL_AUTOMATION/watermelon-vscode/.vscode-test/vscode-darwin-arm64-1.109.5/Visual Studio Code.app/Contents/Resources/app/licenses/LICENSE-kor.rtf	508K	CITATIONS_SOURCES	Possible citation/source registry material
/Users/sethadmin/ZZ_ARCHIVE_HOLD_iCloudDriveArchive_DO_NOT_USE_AS_ACTIVE_ROOT_20260524/Documents/Documents - SFMacBook Pro M5/LEGAL_AUTOMATION/watermelon-vscode/.vscode-test/vscode-darwin-arm64-1.109.5/Visual Studio Code.app/Contents/Resources/app/out/vs/platform/terminal/node/ptyHostMain.js	324K	CITATIONS_SOURCES	Possible citation/source registry material
/Users/sethadmin/ZZ_ARCHIVE_HOLD_iCloudDriveArchive_DO_NOT_USE_AS_ACTIVE_ROOT_20260524/Documents/Documents - SFMacBook Pro M5/LEGAL_AUTOMATION/watermelon-vscode/.vscode-test/vscode-darwin-arm64-1.109.5/Visual Studio Code.app/Contents/Resources/app/out/vs/platform/profiling/electron-browser/profileAnalysisWorkerMain.js	132K	CITATIONS_SOURCES	Possible citation/source registry material
/Users/sethadmin/ZZ_ARCHIVE_HOLD_iCloudDriveArchive_DO_NOT_USE_AS_ACTIVE_ROOT_20260524/Documents/Documents - SFMacBook Pro M5/LEGAL_AUTOMATION/watermelon-vscode/.vscode-test/vscode-darwin-arm64-1.109.5/Visual Studio Code.app/Contents/Resources/app/out/vs/platform/files/node/watcher/watcherMain.js	204K	CITATIONS_SOURCES	Possible citation/source registry material
/Users/sethadmin/ZZ_ARCHIVE_HOLD_iCloudDriveArchive_DO_NOT_USE_AS_ACTIVE_ROOT_20260524/Documents/Documents - SFMacBook Pro M5/LEGAL_AUTOMATION/watermelon-vscode/.vscode-test/vscode-darwin-arm64-1.109.5/Visual Studio Code.app/Contents/Resources/app/out/vs/platform/accessibilitySignal/browser/media/voiceRecordingStopped.mp3	28K	CITATIONS_SOURCES	Possible citation/source registry material
/Users/sethadmin/ZZ_ARCHIVE_HOLD_iCloudDriveArchive_DO_NOT_USE_AS_ACTIVE_ROOT_20260524/Documents/Documents - SFMacBook Pro M5/LEGAL_AUTOMATION/watermelon-vscode/.vscode-test/vscode-darwin-arm64-1.109.5/Visual Studio Code.app/Contents/Resources/app/out/vs/platform/accessibilitySignal/browser/media/editsUndone.mp3	36K	CITATIONS_SOURCES	Possible citation/source registry material
/Users/sethadmin/ZZ_ARCHIVE_HOLD_iCloudDriveArchive_DO_NOT_USE_AS_ACTIVE_ROOT_20260524/Documents/Documents - SFMacBook Pro M5/LEGAL_AUTOMATION/watermelon-vscode/.vscode-test/vscode-darwin-arm64-1.109.5/Visual Studio Code.app/Contents/Resources/app/out/vs/platform/accessibilitySignal/browser/media/break.mp3	40K	CITATIONS_SOURCES	Possible citation/source registry material
/Users/sethadmin/ZZ_ARCHIVE_HOLD_iCloudDriveArchive_DO_NOT_USE_AS_ACTIVE_ROOT_20260524/Documents/Documents - SFMacBook Pro M5/LEGAL_AUTOMATION/watermelon-vscode/.vscode-test/vscode-darwin-arm64-1.109.5/Visual Studio Code.app/Contents/Resources/app/out/vs/platform/accessibilitySignal/browser/media/editsKept.mp3	52K	CITATIONS_SOURCES	Possible citation/source registry material
/Users/sethadmin/ZZ_ARCHIVE_HOLD_iCloudDriveArchive_DO_NOT_USE_AS_ACTIVE_ROOT_20260524/Documents/Documents - SFMacBook Pro M5/LEGAL_AUTOMATION/watermelon-vscode/.vscode-test/vscode-darwin-arm64-1.109.5/Visual Studio Code.app/Contents/Resources/app/out/vs/platform/accessibilitySignal/browser/media/nextEditSuggestion.mp3	36K	CITATIONS_SOURCES	Possible citation/source registry material
/Users/sethadmin/ZZ_ARCHIVE_HOLD_iCloudDriveArchive_DO_NOT_USE_AS_ACTIVE_ROOT_20260524/Documents/Documents - SFMacBook Pro M5/LEGAL_AUTOMATION/watermelon-vscode/.vscode-test/vscode-darwin-arm64-1.109.5/Visual Studio Code.app/Contents/Resources/app/out/vs/platform/accessibilitySignal/browser/media/format.mp3	40K	CITATIONS_SOURCES	Possible citation/source registry material
/Users/sethadmin/ZZ_ARCHIVE_HOLD_iCloudDriveArchive_DO_NOT_USE_AS_ACTIVE_ROOT_20260524/Documents/Documents - SFMacBook Pro M5/LEGAL_AUTOMATION/watermelon-vscode/.vscode-test/vscode-darwin-arm64-1.109.5/Visual Studio Code.app/Contents/Resources/app/out/vs/platform/accessibilitySignal/browser/media/save.mp3	32K	CITATIONS_SOURCES	Possible citation/source registry material
/Users/sethadmin/ZZ_ARCHIVE_HOLD_iCloudDriveArchive_DO_NOT_USE_AS_ACTIVE_ROOT_20260524/Documents/Documents - SFMacBook Pro M5/LEGAL_AUTOMATION/watermelon-vscode/.vscode-test/vscode-darwin-arm64-1.109.5/Visual Studio Code.app/Contents/Resources/app/out/vs/platform/accessibilitySignal/browser/media/codeActionTriggered.mp3	48K	CITATIONS_SOURCES	Possible citation/source registry material
/Users/sethadmin/ZZ_ARCHIVE_HOLD_iCloudDriveArchive_DO_NOT_USE_AS_ACTIVE_ROOT_20260524/Documents/Documents - SFMacBook Pro M5/LEGAL_AUTOMATION/watermelon-vscode/.vscode-test/vscode-darwin-arm64-1.109.5/Visual Studio Code.app/Contents/Resources/app/out/vs/platform/accessibilitySignal/browser/media/foldedAreas.mp3	24K	CITATIONS_SOURCES	Possible citation/source registry material
/Users/sethadmin/ZZ_ARCHIVE_HOLD_iCloudDriveArchive_DO_NOT_USE_AS_ACTIVE_ROOT_20260524/Documents/Documents - SFMacBook Pro M5/LEGAL_AUTOMATION/watermelon-vscode/.vscode-test/vscode-darwin-arm64-1.109.5/Visual Studio Code.app/Contents/Resources/app/out/vs/platform/accessibilitySignal/browser/media/terminalBell.mp3	28K	CITATIONS_SOURCES	Possible citation/source registry material
/Users/sethadmin/ZZ_ARCHIVE_HOLD_iCloudDriveArchive_DO_NOT_USE_AS_ACTIVE_ROOT_20260524/Documents/Documents - SFMacBook Pro M5/LEGAL_AUTOMATION/watermelon-vscode/.vscode-test/vscode-darwin-arm64-1.109.5/Visual Studio Code.app/Contents/Resources/app/out/vs/platform/accessibilitySignal/browser/media/error.mp3	40K	CITATIONS_SOURCES	Possible citation/source registry material
/Users/sethadmin/ZZ_ARCHIVE_HOLD_iCloudDriveArchive_DO_NOT_USE_AS_ACTIVE_ROOT_20260524/Documents/Documents - SFMacBook Pro M5/LEGAL_AUTOMATION/watermelon-vscode/.vscode-test/vscode-darwin-arm64-1.109.5/Visual Studio Code.app/Contents/Resources/app/out/vs/platform/accessibilitySignal/browser/media/chatEditModifiedFile.mp3	24K	CITATIONS_SOURCES	Possible citation/source registry material
/Users/sethadmin/ZZ_ARCHIVE_HOLD_iCloudDriveArchive_DO_NOT_USE_AS_ACTIVE_ROOT_20260524/Documents/Documents - SFMacBook Pro M5/LEGAL_AUTOMATION/watermelon-vscode/.vscode-test/vscode-darwin-arm64-1.109.5/Visual Studio Code.app/Contents/Resources/app/out/vs/platform/accessibilitySignal/browser/media/diffLineModified.mp3	40K	CITATIONS_SOURCES	Possible citation/source registry material
/Users/sethadmin/ZZ_ARCHIVE_HOLD_iCloudDriveArchive_DO_NOT_USE_AS_ACTIVE_ROOT_20260524/Documents/Documents - SFMacBook Pro M5/LEGAL_AUTOMATION/watermelon-vscode/.vscode-test/vscode-darwin-arm64-1.109.5/Visual Studio Code.app/Contents/Resources/app/out/vs/platform/accessibilitySignal/browser/media/responseReceived4.mp3	32K	CITATIONS_SOURCES	Possible citation/source registry material
/Users/sethadmin/ZZ_ARCHIVE_HOLD_iCloudDriveArchive_DO_NOT_USE_AS_ACTIVE_ROOT_20260524/Documents/Documents - SFMacBook Pro M5/LEGAL_AUTOMATION/watermelon-vscode/.vscode-test/vscode-darwin-arm64-1.109.5/Visual Studio Code.app/Contents/Resources/app/out/vs/platform/accessibilitySignal/browser/media/quickFixes.mp3	32K	CITATIONS_SOURCES	Possible citation/source registry material
/Users/sethadmin/ZZ_ARCHIVE_HOLD_iCloudDriveArchive_DO_NOT_USE_AS_ACTIVE_ROOT_20260524/Documents/Documents - SFMacBook Pro M5/LEGAL_AUTOMATION/watermelon-vscode/.vscode-test/vscode-darwin-arm64-1.109.5/Visual Studio Code.app/Contents/Resources/app/out/vs/platform/accessibilitySignal/browser/media/taskFailed.mp3	72K	CITATIONS_SOURCES	Possible citation/source registry material
/Users/sethadmin/ZZ_ARCHIVE_HOLD_iCloudDriveArchive_DO_NOT_USE_AS_ACTIVE_ROOT_20260524/Documents/Documents - SFMacBook Pro M5/LEGAL_AUTOMATION/watermelon-vscode/.vscode-test/vscode-darwin-arm64-1.109.5/Visual Studio Code.app/Contents/Resources/app/out/vs/platform/accessibilitySignal/browser/media/success.mp3	28K	CITATIONS_SOURCES	Possible citation/source registry material
/Users/sethadmin/ZZ_ARCHIVE_HOLD_iCloudDriveArchive_DO_NOT_USE_AS_ACTIVE_ROOT_20260524/Documents/Documents - SFMacBook Pro M5/LEGAL_AUTOMATION/watermelon-vscode/.vscode-test/vscode-darwin-arm64-1.109.5/Visual Studio Code.app/Contents/Resources/app/out/vs/platform/accessibilitySignal/browser/media/responseReceived1.mp3	36K	CITATIONS_SOURCES	Possible citation/source registry material
/Users/sethadmin/ZZ_ARCHIVE_HOLD_iCloudDriveArchive_DO_NOT_USE_AS_ACTIVE_ROOT_20260524/Documents/Documents - SFMacBook Pro M5/LEGAL_AUTOMATION/watermelon-vscode/.vscode-test/vscode-darwin-arm64-1.109.5/Visual Studio Code.app/Contents/Resources/app/out/vs/platform/accessibilitySignal/browser/media/responseReceived3.mp3	36K	CITATIONS_SOURCES	Possible citation/source registry material
/Users/sethadmin/ZZ_ARCHIVE_HOLD_iCloudDriveArchive_DO_NOT_USE_AS_ACTIVE_ROOT_20260524/Documents/Documents - SFMacBook Pro M5/LEGAL_AUTOMATION/watermelon-vscode/.vscode-test/vscode-darwin-arm64-1.109.5/Visual Studio Code.app/Contents/Resources/app/out/vs/platform/accessibilitySignal/browser/media/responseReceived2.mp3	36K	CITATIONS_SOURCES	Possible citation/source registry material
/Users/sethadmin/ZZ_ARCHIVE_HOLD_iCloudDriveArchive_DO_NOT_USE_AS_ACTIVE_ROOT_20260524/Documents/Documents - SFMacBook Pro M5/LEGAL_AUTOMATION/watermelon-vscode/.vscode-test/vscode-darwin-arm64-1.109.5/Visual Studio Code.app/Contents/Resources/app/out/vs/platform/accessibilitySignal/browser/media/voiceRecordingStarted.mp3	36K	CITATIONS_SOURCES	Possible citation/source registry material
/Users/sethadmin/ZZ_ARCHIVE_HOLD_iCloudDriveArchive_DO_NOT_USE_AS_ACTIVE_ROOT_20260524/Documents/Documents - SFMacBook Pro M5/LEGAL_AUTOMATION/watermelon-vscode/.vscode-test/vscode-darwin-arm64-1.109.5/Visual Studio Code.app/Contents/Resources/app/out/vs/platform/accessibilitySignal/browser/media/clear.mp3	28K	CITATIONS_SOURCES	Possible citation/source registry material
/Users/sethadmin/ZZ_ARCHIVE_HOLD_iCloudDriveArchive_DO_NOT_USE_AS_ACTIVE_ROOT_20260524/Documents/Documents - SFMacBook Pro M5/LEGAL_AUTOMATION/watermelon-vscode/.vscode-test/vscode-darwin-arm64-1.109.5/Visual Studio Code.app/Contents/Resources/app/out/vs/platform/accessibilitySignal/browser/media/codeActionApplied.mp3	52K	CITATIONS_SOURCES	Possible citation/source registry material
/Users/sethadmin/ZZ_ARCHIVE_HOLD_iCloudDriveArchive_DO_NOT_USE_AS_ACTIVE_ROOT_20260524/Documents/Documents - SFMacBook Pro M5/LEGAL_AUTOMATION/watermelon-vscode/.vscode-test/vscode-darwin-arm64-1.109.5/Visual Studio Code.app/Contents/Resources/app/out/vs/platform/accessibilitySignal/browser/media/diffLineDeleted.mp3	40K	CITATIONS_SOURCES	Possible citation/source registry material
/Users/sethadmin/ZZ_ARCHIVE_HOLD_iCloudDriveArchive_DO_NOT_USE_AS_ACTIVE_ROOT_20260524/Documents/Documents - SFMacBook Pro M5/LEGAL_AUTOMATION/watermelon-vscode/.vscode-test/vscode-darwin-arm64-1.109.5/Visual Studio Code.app/Contents/Resources/app/out/vs/platform/accessibilitySignal/browser/media/terminalCommandSucceeded.mp3	32K	CITATIONS_SOURCES	Possible citation/source registry material
/Users/sethadmin/ZZ_ARCHIVE_HOLD_iCloudDriveArchive_DO_NOT_USE_AS_ACTIVE_ROOT_20260524/Documents/Documents - SFMacBook Pro M5/LEGAL_AUTOMATION/watermelon-vscode/.vscode-test/vscode-darwin-arm64-1.109.5/Visual Studio Code.app/Contents/Resources/app/out/vs/platform/accessibilitySignal/browser/media/diffLineInserted.mp3	40K	CITATIONS_SOURCES	Possible citation/source registry material
/Users/sethadmin/ZZ_ARCHIVE_HOLD_iCloudDriveArchive_DO_NOT_USE_AS_ACTIVE_ROOT_20260524/Documents/Documents - SFMacBook Pro M5/LEGAL_AUTOMATION/watermelon-vscode/.vscode-test/vscode-darwin-arm64-1.109.5/Visual Studio Code.app/Contents/Resources/app/out/vs/platform/accessibilitySignal/browser/media/progress.mp3	32K	CITATIONS_SOURCES	Possible citation/source registry material
/Users/sethadmin/ZZ_ARCHIVE_HOLD_iCloudDriveArchive_DO_NOT_USE_AS_ACTIVE_ROOT_20260524/Documents/Documents - SFMacBook Pro M5/LEGAL_AUTOMATION/watermelon-vscode/.vscode-test/vscode-darwin-arm64-1.109.5/Visual Studio Code.app/Contents/Resources/app/out/vs/platform/accessibilitySignal/browser/media/warning.mp3	40K	CITATIONS_SOURCES	Possible citation/source registry material
/Users/sethadmin/ZZ_ARCHIVE_HOLD_iCloudDriveArchive_DO_NOT_USE_AS_ACTIVE_ROOT_20260524/Documents/Documents - SFMacBook Pro M5/LEGAL_AUTOMATION/watermelon-vscode/.vscode-test/vscode-darwin-arm64-1.109.5/Visual Studio Code.app/Contents/Resources/app/out/vs/platform/accessibilitySignal/browser/media/requestSent.mp3	44K	CITATIONS_SOURCES	Possible citation/source registry material
/Users/sethadmin/ZZ_ARCHIVE_HOLD_iCloudDriveArchive_DO_NOT_USE_AS_ACTIVE_ROOT_20260524/Documents/Documents - SFMacBook Pro M5/LEGAL_AUTOMATION/watermelon-vscode/.vscode-test/vscode-darwin-arm64-1.109.5/Visual Studio Code.app/Contents/Resources/app/out/vs/platform/accessibilitySignal/browser/media/taskCompleted.mp3	60K	CITATIONS_SOURCES	Possible citation/source registry material
/Users/sethadmin/ZZ_ARCHIVE_HOLD_iCloudDriveArchive_DO_NOT_USE_AS_ACTIVE_ROOT_20260524/Documents/Documents - SFMacBook Pro M5/LEGAL_AUTOMATION/watermelon-vscode/.vscode-test/vscode-darwin-arm64-1.109.5/Visual Studio Code.app/Contents/Resources/app/out/vs/platform/accessibilitySignal/browser/media/chatUserActionRequired.mp3	32K	CITATIONS_SOURCES	Possible citation/source registry material
/Users/sethadmin/ZZ_ARCHIVE_HOLD_iCloudDriveArchive_DO_NOT_USE_AS_ACTIVE_ROOT_20260524/Documents/Documents - SFMacBook Pro M5/LEGAL_AUTOMATION/watermelon-vscode/.vscode-test/vscode-darwin-arm64-1.109.5/Visual Studio Code.app/Contents/Resources/app/out/vs/code/electron-utility/sharedProcess/sharedProcessMain.js	888K	CITATIONS_SOURCES	Possible citation/source registry material
/Users/sethadmin/ZZ_ARCHIVE_HOLD_iCloudDriveArchive_DO_NOT_USE_AS_ACTIVE_ROOT_20260524/Documents/Documents - SFMacBook Pro M5/LEGAL_AUTOMATION/watermelon-vscode/.vscode-test/vscode-darwin-arm64-1.109.5/Visual Studio Code.app/Contents/Resources/app/out/vs/code/electron-browser/workbench/workbench.html	4.0K	CITATIONS_SOURCES	Possible citation/source registry material
/Users/sethadmin/ZZ_ARCHIVE_HOLD_iCloudDriveArchive_DO_NOT_USE_AS_ACTIVE_ROOT_20260524/Documents/Documents - SFMacBook Pro M5/LEGAL_AUTOMATION/watermelon-vscode/.vscode-test/vscode-darwin-arm64-1.109.5/Visual Studio Code.app/Contents/Resources/app/out/vs/code/electron-browser/workbench/workbench.js	12K	CITATIONS_SOURCES	Possible citation/source registry material
/Users/sethadmin/ZZ_ARCHIVE_HOLD_iCloudDriveArchive_DO_NOT_USE_AS_ACTIVE_ROOT_20260524/Documents/Documents - SFMacBook Pro M5/LEGAL_AUTOMATION/watermelon-vscode/.vscode-test/vscode-darwin-arm64-1.109.5/Visual Studio Code.app/Contents/Resources/app/out/vs/code/node/cliProcessMain.js	636K	CITATIONS_SOURCES	Possible citation/source registry material
/Users/sethadmin/ZZ_ARCHIVE_HOLD_iCloudDriveArchive_DO_NOT_USE_AS_ACTIVE_ROOT_20260524/Documents/Documents - SFMacBook Pro M5/LEGAL_AUTOMATION/watermelon-vscode/.vscode-test/vscode-darwin-arm64-1.109.5/Visual Studio Code.app/Contents/Resources/app/out/vs/workbench/workbench.desktop.main.js	12M	CITATIONS_SOURCES	Possible citation/source registry material
/Users/sethadmin/ZZ_ARCHIVE_HOLD_iCloudDriveArchive_DO_NOT_USE_AS_ACTIVE_ROOT_20260524/Documents/Documents - SFMacBook Pro M5/LEGAL_AUTOMATION/watermelon-vscode/.vscode-test/vscode-darwin-arm64-1.109.5/Visual Studio Code.app/Contents/Resources/app/out/vs/workbench/contrib/webview/browser/pre/index.html	44K	CITATIONS_SOURCES	Possible citation/source registry material
/Users/sethadmin/ZZ_ARCHIVE_HOLD_iCloudDriveArchive_DO_NOT_USE_AS_ACTIVE_ROOT_20260524/Documents/Documents - SFMacBook Pro M5/LEGAL_AUTOMATION/watermelon-vscode/.vscode-test/vscode-darwin-arm64-1.109.5/Visual Studio Code.app/Contents/Resources/app/out/vs/workbench/contrib/webview/browser/pre/fake.html	4.0K	CITATIONS_SOURCES	Possible citation/source registry material
/Users/sethadmin/ZZ_ARCHIVE_HOLD_iCloudDriveArchive_DO_NOT_USE_AS_ACTIVE_ROOT_20260524/Documents/Documents - SFMacBook Pro M5/LEGAL_AUTOMATION/watermelon-vscode/.vscode-test/vscode-darwin-arm64-1.109.5/Visual Studio Code.app/Contents/Resources/app/out/vs/workbench/contrib/webview/browser/pre/service-worker.js	8.0K	CITATIONS_SOURCES	Possible citation/source registry material
/Users/sethadmin/ZZ_ARCHIVE_HOLD_iCloudDriveArchive_DO_NOT_USE_AS_ACTIVE_ROOT_20260524/Documents/Documents - SFMacBook Pro M5/LEGAL_AUTOMATION/watermelon-vscode/.vscode-test/vscode-darwin-arm64-1.109.5/Visual Studio Code.app/Contents/Resources/app/out/vs/workbench/contrib/output/common/outputLinkComputerMain.js	144K	CITATIONS_SOURCES	Possible citation/source registry material
/Users/sethadmin/ZZ_ARCHIVE_HOLD_iCloudDriveArchive_DO_NOT_USE_AS_ACTIVE_ROOT_20260524/Documents/Documents - SFMacBook Pro M5/LEGAL_AUTOMATION/watermelon-vscode/.vscode-test/vscode-darwin-arm64-1.109.5/Visual Studio Code.app/Contents/Resources/app/out/vs/workbench/contrib/terminal/common/scripts/shellIntegration-rc.zsh	12K	CITATIONS_SOURCES	Possible citation/source registry material
/Users/sethadmin/ZZ_ARCHIVE_HOLD_iCloudDriveArchive_DO_NOT_USE_AS_ACTIVE_ROOT_20260524/Documents/Documents - SFMacBook Pro M5/LEGAL_AUTOMATION/watermelon-vscode/.vscode-test/vscode-darwin-arm64-1.109.5/Visual Studio Code.app/Contents/Resources/app/out/vs/workbench/contrib/terminal/common/scripts/shellIntegration-login.zsh	4.0K	CITATIONS_SOURCES	Possible citation/source registry material
/Users/sethadmin/ZZ_ARCHIVE_HOLD_iCloudDriveArchive_DO_NOT_USE_AS_ACTIVE_ROOT_20260524/Documents/Documents - SFMacBook Pro M5/LEGAL_AUTOMATION/watermelon-vscode/.vscode-test/vscode-darwin-arm64-1.109.5/Visual Studio Code.app/Contents/Resources/app/out/vs/workbench/contrib/terminal/common/scripts/shellIntegration.ps1	12K	CITATIONS_SOURCES	Possible citation/source registry material
/Users/sethadmin/ZZ_ARCHIVE_HOLD_iCloudDriveArchive_DO_NOT_USE_AS_ACTIVE_ROOT_20260524/Documents/Documents - SFMacBook Pro M5/LEGAL_AUTOMATION/watermelon-vscode/.vscode-test/vscode-darwin-arm64-1.109.5/Visual Studio Code.app/Contents/Resources/app/out/vs/workbench/contrib/terminal/common/scripts/shellIntegration.fish	8.0K	CITATIONS_SOURCES	Possible citation/source registry material
/Users/sethadmin/ZZ_ARCHIVE_HOLD_iCloudDriveArchive_DO_NOT_USE_AS_ACTIVE_ROOT_20260524/Documents/Documents - SFMacBook Pro M5/LEGAL_AUTOMATION/watermelon-vscode/.vscode-test/vscode-darwin-arm64-1.109.5/Visual Studio Code.app/Contents/Resources/app/out/vs/workbench/contrib/terminal/common/scripts/shellIntegration-profile.zsh	4.0K	CITATIONS_SOURCES	Possible citation/source registry material
/Users/sethadmin/ZZ_ARCHIVE_HOLD_iCloudDriveArchive_DO_NOT_USE_AS_ACTIVE_ROOT_20260524/Documents/Documents - SFMacBook Pro M5/LEGAL_AUTOMATION/watermelon-vscode/.vscode-test/vscode-darwin-arm64-1.109.5/Visual Studio Code.app/Contents/Resources/app/out/vs/workbench/contrib/terminal/common/scripts/shellIntegration-bash.sh	16K	CITATIONS_SOURCES	Possible citation/source registry material
/Users/sethadmin/ZZ_ARCHIVE_HOLD_iCloudDriveArchive_DO_NOT_USE_AS_ACTIVE_ROOT_20260524/Documents/Documents - SFMacBook Pro M5/LEGAL_AUTOMATION/watermelon-vscode/.vscode-test/vscode-darwin-arm64-1.109.5/Visual Studio Code.app/Contents/Resources/app/out/vs/workbench/contrib/terminal/common/scripts/shellIntegration-env.zsh	4.0K	CITATIONS_SOURCES	Possible citation/source registry material
/Users/sethadmin/ZZ_ARCHIVE_HOLD_iCloudDriveArchive_DO_NOT_USE_AS_ACTIVE_ROOT_20260524/Documents/Documents - SFMacBook Pro M5/LEGAL_AUTOMATION/watermelon-vscode/.vscode-test/vscode-darwin-arm64-1.109.5/Visual Studio Code.app/Contents/Resources/app/out/vs/workbench/contrib/externalTerminal/node/TerminalHelper.scpt	16K	CITATIONS_SOURCES	Possible citation/source registry material
/Users/sethadmin/ZZ_ARCHIVE_HOLD_iCloudDriveArchive_DO_NOT_USE_AS_ACTIVE_ROOT_20260524/Documents/Documents - SFMacBook Pro M5/LEGAL_AUTOMATION/watermelon-vscode/.vscode-test/vscode-darwin-arm64-1.109.5/Visual Studio Code.app/Contents/Resources/app/out/vs/workbench/contrib/externalTerminal/node/iTermHelper.scpt	8.0K	CITATIONS_SOURCES	Possible citation/source registry material
/Users/sethadmin/ZZ_ARCHIVE_HOLD_iCloudDriveArchive_DO_NOT_USE_AS_ACTIVE_ROOT_20260524/Documents/Documents - SFMacBook Pro M5/LEGAL_AUTOMATION/watermelon-vscode/.vscode-test/vscode-darwin-arm64-1.109.5/Visual Studio Code.app/Contents/Resources/app/out/vs/workbench/contrib/extensions/browser/media/theme-icon.png	8.0K	CITATIONS_SOURCES	Possible citation/source registry material
/Users/sethadmin/ZZ_ARCHIVE_HOLD_iCloudDriveArchive_DO_NOT_USE_AS_ACTIVE_ROOT_20260524/Documents/Documents - SFMacBook Pro M5/LEGAL_AUTOMATION/watermelon-vscode/.vscode-test/vscode-darwin-arm64-1.109.5/Visual Studio Code.app/Contents/Resources/app/out/vs/workbench/contrib/extensions/browser/media/language-icon.svg	4.0K	CITATIONS_SOURCES	Possible citation/source registry material
/Users/sethadmin/ZZ_ARCHIVE_HOLD_iCloudDriveArchive_DO_NOT_USE_AS_ACTIVE_ROOT_20260524/Documents/Documents - SFMacBook Pro M5/LEGAL_AUTOMATION/watermelon-vscode/.vscode-test/vscode-darwin-arm64-1.109.5/Visual Studio Code.app/Contents/Resources/app/out/vs/workbench/contrib/welcomeGettingStarted/common/media/search.svg	20K	CITATIONS_SOURCES	Possible citation/source registry material
/Users/sethadmin/ZZ_ARCHIVE_HOLD_iCloudDriveArchive_DO_NOT_USE_AS_ACTIVE_ROOT_20260524/Documents/Documents - SFMacBook Pro M5/LEGAL_AUTOMATION/watermelon-vscode/.vscode-test/vscode-darwin-arm64-1.109.5/Visual Studio Code.app/Contents/Resources/app/out/vs/workbench/contrib/welcomeGettingStarted/common/media/debug.svg	44K	CITATIONS_SOURCES	Possible citation/source registry material
/Users/sethadmin/ZZ_ARCHIVE_HOLD_iCloudDriveArchive_DO_NOT_USE_AS_ACTIVE_ROOT_20260524/Documents/Documents - SFMacBook Pro M5/LEGAL_AUTOMATION/watermelon-vscode/.vscode-test/vscode-darwin-arm64-1.109.5/Visual Studio Code.app/Contents/Resources/app/out/vs/workbench/contrib/welcomeGettingStarted/common/media/customize-ai.svg	52K	CITATIONS_SOURCES	Possible citation/source registry material
/Users/sethadmin/ZZ_ARCHIVE_HOLD_iCloudDriveArchive_DO_NOT_USE_AS_ACTIVE_ROOT_20260524/Documents/Documents - SFMacBook Pro M5/LEGAL_AUTOMATION/watermelon-vscode/.vscode-test/vscode-darwin-arm64-1.109.5/Visual Studio Code.app/Contents/Resources/app/out/vs/workbench/contrib/welcomeGettingStarted/common/media/settingsSync.svg	16K	CITATIONS_SOURCES	Possible citation/source registry material
/Users/sethadmin/ZZ_ARCHIVE_HOLD_iCloudDriveArchive_DO_NOT_USE_AS_ACTIVE_ROOT_20260524/Documents/Documents - SFMacBook Pro M5/LEGAL_AUTOMATION/watermelon-vscode/.vscode-test/vscode-darwin-arm64-1.109.5/Visual Studio Code.app/Contents/Resources/app/out/vs/workbench/contrib/welcomeGettingStarted/common/media/notebookThemes/colab.png	4.0K	CITATIONS_SOURCES	Possible citation/source registry material
/Users/sethadmin/ZZ_ARCHIVE_HOLD_iCloudDriveArchive_DO_NOT_USE_AS_ACTIVE_ROOT_20260524/Documents/Documents - SFMacBook Pro M5/LEGAL_AUTOMATION/watermelon-vscode/.vscode-test/vscode-darwin-arm64-1.109.5/Visual Studio Code.app/Contents/Resources/app/out/vs/workbench/contrib/welcomeGettingStarted/common/media/notebookThemes/jupyter.png	4.0K	CITATIONS_SOURCES	Possible citation/source registry material
/Users/sethadmin/ZZ_ARCHIVE_HOLD_iCloudDriveArchive_DO_NOT_USE_AS_ACTIVE_ROOT_20260524/Documents/Documents - SFMacBook Pro M5/LEGAL_AUTOMATION/watermelon-vscode/.vscode-test/vscode-darwin-arm64-1.109.5/Visual Studio Code.app/Contents/Resources/app/out/vs/workbench/contrib/welcomeGettingStarted/common/media/notebookThemes/default.png	4.0K	CITATIONS_SOURCES	Possible citation/source registry material
/Users/sethadmin/ZZ_ARCHIVE_HOLD_iCloudDriveArchive_DO_NOT_USE_AS_ACTIVE_ROOT_20260524/Documents/Documents - SFMacBook Pro M5/LEGAL_AUTOMATION/watermelon-vscode/.vscode-test/vscode-darwin-arm64-1.109.5/Visual Studio Code.app/Contents/Resources/app/out/vs/workbench/contrib/welcomeGettingStarted/common/media/runTask.svg	12K	CITATIONS_SOURCES	Possible citation/source registry material
/Users/sethadmin/ZZ_ARCHIVE_HOLD_iCloudDriveArchive_DO_NOT_USE_AS_ACTIVE_ROOT_20260524/Documents/Documents - SFMacBook Pro M5/LEGAL_AUTOMATION/watermelon-vscode/.vscode-test/vscode-darwin-arm64-1.109.5/Visual Studio Code.app/Contents/Resources/app/out/vs/workbench/contrib/welcomeGettingStarted/common/media/dark.png	12K	CITATIONS_SOURCES	Possible citation/source registry material
/Users/sethadmin/ZZ_ARCHIVE_HOLD_iCloudDriveArchive_DO_NOT_USE_AS_ACTIVE_ROOT_20260524/Documents/Documents - SFMacBook Pro M5/LEGAL_AUTOMATION/watermelon-vscode/.vscode-test/vscode-darwin-arm64-1.109.5/Visual Studio Code.app/Contents/Resources/app/out/vs/workbench/contrib/welcomeGettingStarted/common/media/terminal.svg	64K	CITATIONS_SOURCES	Possible citation/source registry material
/Users/sethadmin/ZZ_ARCHIVE_HOLD_iCloudDriveArchive_DO_NOT_USE_AS_ACTIVE_ROOT_20260524/Documents/Documents - SFMacBook Pro M5/LEGAL_AUTOMATION/watermelon-vscode/.vscode-test/vscode-darwin-arm64-1.109.5/Visual Studio Code.app/Contents/Resources/app/out/vs/workbench/contrib/welcomeGettingStarted/common/media/languages.svg	48K	CITATIONS_SOURCES	Possible citation/source registry material
/Users/sethadmin/ZZ_ARCHIVE_HOLD_iCloudDriveArchive_DO_NOT_USE_AS_ACTIVE_ROOT_20260524/Documents/Documents - SFMacBook Pro M5/LEGAL_AUTOMATION/watermelon-vscode/.vscode-test/vscode-darwin-arm64-1.109.5/Visual Studio Code.app/Contents/Resources/app/out/vs/workbench/contrib/welcomeGettingStarted/common/media/extensions-web.svg	156K	CITATIONS_SOURCES	Possible citation/source registry material
/Users/sethadmin/ZZ_ARCHIVE_HOLD_iCloudDriveArchive_DO_NOT_USE_AS_ACTIVE_ROOT_20260524/Documents/Documents - SFMacBook Pro M5/LEGAL_AUTOMATION/watermelon-vscode/.vscode-test/vscode-darwin-arm64-1.109.5/Visual Studio Code.app/Contents/Resources/app/out/vs/workbench/contrib/welcomeGettingStarted/common/media/settings.svg	40K	CITATIONS_SOURCES	Possible citation/source registry material
/Users/sethadmin/ZZ_ARCHIVE_HOLD_iCloudDriveArchive_DO_NOT_USE_AS_ACTIVE_ROOT_20260524/Documents/Documents - SFMacBook Pro M5/LEGAL_AUTOMATION/watermelon-vscode/.vscode-test/vscode-darwin-arm64-1.109.5/Visual Studio Code.app/Contents/Resources/app/out/vs/workbench/contrib/welcomeGettingStarted/common/media/git.svg	48K	CITATIONS_SOURCES	Possible citation/source registry material
/Users/sethadmin/ZZ_ARCHIVE_HOLD_iCloudDriveArchive_DO_NOT_USE_AS_ACTIVE_ROOT_20260524/Documents/Documents - SFMacBook Pro M5/LEGAL_AUTOMATION/watermelon-vscode/.vscode-test/vscode-darwin-arm64-1.109.5/Visual Studio Code.app/Contents/Resources/app/out/vs/workbench/contrib/welcomeGettingStarted/common/media/workspaceTrust.svg	20K	CITATIONS_SOURCES	Possible citation/source registry material
/Users/sethadmin/ZZ_ARCHIVE_HOLD_iCloudDriveArchive_DO_NOT_USE_AS_ACTIVE_ROOT_20260524/Documents/Documents - SFMacBook Pro M5/LEGAL_AUTOMATION/watermelon-vscode/.vscode-test/vscode-darwin-arm64-1.109.5/Visual Studio Code.app/Contents/Resources/app/out/vs/workbench/contrib/welcomeGettingStarted/common/media/ai-powered-suggestions.svg	44K	CITATIONS_SOURCES	Possible citation/source registry material
/Users/sethadmin/ZZ_ARCHIVE_HOLD_iCloudDriveArchive_DO_NOT_USE_AS_ACTIVE_ROOT_20260524/Documents/Documents - SFMacBook Pro M5/LEGAL_AUTOMATION/watermelon-vscode/.vscode-test/vscode-darwin-arm64-1.109.5/Visual Studio Code.app/Contents/Resources/app/out/vs/workbench/contrib/welcomeGettingStarted/common/media/commandPalette.svg	8.0K	CITATIONS_SOURCES	Possible citation/source registry material
/Users/sethadmin/ZZ_ARCHIVE_HOLD_iCloudDriveArchive_DO_NOT_USE_AS_ACTIVE_ROOT_20260524/Documents/Documents - SFMacBook Pro M5/LEGAL_AUTOMATION/watermelon-vscode/.vscode-test/vscode-darwin-arm64-1.109.5/Visual Studio Code.app/Contents/Resources/app/out/vs/workbench/contrib/welcomeGettingStarted/common/media/light.png	12K	CITATIONS_SOURCES	Possible citation/source registry material
/Users/sethadmin/ZZ_ARCHIVE_HOLD_iCloudDriveArchive_DO_NOT_USE_AS_ACTIVE_ROOT_20260524/Documents/Documents - SFMacBook Pro M5/LEGAL_AUTOMATION/watermelon-vscode/.vscode-test/vscode-darwin-arm64-1.109.5/Visual Studio Code.app/Contents/Resources/app/out/vs/workbench/contrib/welcomeGettingStarted/common/media/openFolder.svg	24K	CITATIONS_SOURCES	Possible citation/source registry material
/Users/sethadmin/ZZ_ARCHIVE_HOLD_iCloudDriveArchive_DO_NOT_USE_AS_ACTIVE_ROOT_20260524/Documents/Documents - SFMacBook Pro M5/LEGAL_AUTOMATION/watermelon-vscode/.vscode-test/vscode-darwin-arm64-1.109.5/Visual Studio Code.app/Contents/Resources/app/out/vs/workbench/contrib/welcomeGettingStarted/common/media/extensions.svg	424K	CITATIONS_SOURCES	Possible citation/source registry material
/Users/sethadmin/ZZ_ARCHIVE_HOLD_iCloudDriveArchive_DO_NOT_USE_AS_ACTIVE_ROOT_20260524/Documents/Documents - SFMacBook Pro M5/LEGAL_AUTOMATION/watermelon-vscode/.vscode-test/vscode-darwin-arm64-1.109.5/Visual Studio Code.app/Contents/Resources/app/out/vs/workbench/contrib/welcomeGettingStarted/common/media/profiles.svg	12K	CITATIONS_SOURCES	Possible citation/source registry material
/Users/sethadmin/ZZ_ARCHIVE_HOLD_iCloudDriveArchive_DO_NOT_USE_AS_ACTIVE_ROOT_20260524/Documents/Documents - SFMacBook Pro M5/LEGAL_AUTOMATION/watermelon-vscode/.vscode-test/vscode-darwin-arm64-1.109.5/Visual Studio Code.app/Contents/Resources/app/out/vs/workbench/contrib/welcomeGettingStarted/common/media/shortcuts.svg	32K	CITATIONS_SOURCES	Possible citation/source registry material
/Users/sethadmin/ZZ_ARCHIVE_HOLD_iCloudDriveArchive_DO_NOT_USE_AS_ACTIVE_ROOT_20260524/Documents/Documents - SFMacBook Pro M5/LEGAL_AUTOMATION/watermelon-vscode/.vscode-test/vscode-darwin-arm64-1.109.5/Visual Studio Code.app/Contents/Resources/app/out/vs/workbench/contrib/welcomeGettingStarted/common/media/dark-hc.png	12K	CITATIONS_SOURCES	Possible citation/source registry material
/Users/sethadmin/ZZ_ARCHIVE_HOLD_iCloudDriveArchive_DO_NOT_USE_AS_ACTIVE_ROOT_20260524/Documents/Documents - SFMacBook Pro M5/LEGAL_AUTOMATION/watermelon-vscode/.vscode-test/vscode-darwin-arm64-1.109.5/Visual Studio Code.app/Contents/Resources/app/out/vs/workbench/contrib/welcomeGettingStarted/common/media/learn.svg	28K	CITATIONS_SOURCES	Possible citation/source registry material
/Users/sethadmin/ZZ_ARCHIVE_HOLD_iCloudDriveArchive_DO_NOT_USE_AS_ACTIVE_ROOT_20260524/Documents/Documents - SFMacBook Pro M5/LEGAL_AUTOMATION/watermelon-vscode/.vscode-test/vscode-darwin-arm64-1.109.5/Visual Studio Code.app/Contents/Resources/app/out/vs/workbench/contrib/welcomeGettingStarted/common/media/light-hc.png	12K	CITATIONS_SOURCES	Possible citation/source registry material
/Users/sethadmin/ZZ_ARCHIVE_HOLD_iCloudDriveArchive_DO_NOT_USE_AS_ACTIVE_ROOT_20260524/Documents/Documents - SFMacBook Pro M5/LEGAL_AUTOMATION/watermelon-vscode/.vscode-test/vscode-darwin-arm64-1.109.5/Visual Studio Code.app/Contents/Resources/app/out/vs/workbench/contrib/welcomeGettingStarted/common/media/multi-file-edits.svg	240K	CITATIONS_SOURCES	Possible citation/source registry material
/Users/sethadmin/ZZ_ARCHIVE_HOLD_iCloudDriveArchive_DO_NOT_USE_AS_ACTIVE_ROOT_20260524/Documents/Documents - SFMacBook Pro M5/LEGAL_AUTOMATION/watermelon-vscode/.vscode-test/vscode-darwin-arm64-1.109.5/Visual Studio Code.app/Contents/Resources/app/out/vs/workbench/contrib/welcomeGettingStarted/common/media/menuBar.svg	8.0K	CITATIONS_SOURCES	Possible citation/source registry material
/Users/sethadmin/ZZ_ARCHIVE_HOLD_iCloudDriveArchive_DO_NOT_USE_AS_ACTIVE_ROOT_20260524/Documents/Documents - SFMacBook Pro M5/LEGAL_AUTOMATION/watermelon-vscode/.vscode-test/vscode-darwin-arm64-1.109.5/Visual Studio Code.app/Contents/Resources/app/out/vs/workbench/contrib/notebook/common/services/notebookWebWorkerMain.js	240K	CITATIONS_SOURCES	Possible citation/source registry material
/Users/sethadmin/ZZ_ARCHIVE_HOLD_iCloudDriveArchive_DO_NOT_USE_AS_ACTIVE_ROOT_20260524/Documents/Documents - SFMacBook Pro M5/LEGAL_AUTOMATION/watermelon-vscode/.vscode-test/vscode-darwin-arm64-1.109.5/Visual Studio Code.app/Contents/Resources/app/out/vs/workbench/contrib/debug/browser/media/stop-tb.png	4.0K	CITATIONS_SOURCES	Possible citation/source registry material
/Users/sethadmin/ZZ_ARCHIVE_HOLD_iCloudDriveArchive_DO_NOT_USE_AS_ACTIVE_ROOT_20260524/Documents/Documents - SFMacBook Pro M5/LEGAL_AUTOMATION/watermelon-vscode/.vscode-test/vscode-darwin-arm64-1.109.5/Visual Studio Code.app/Contents/Resources/app/out/vs/workbench/contrib/debug/browser/media/stepinto-tb.png	4.0K	CITATIONS_SOURCES	Possible citation/source registry material
/Users/sethadmin/ZZ_ARCHIVE_HOLD_iCloudDriveArchive_DO_NOT_USE_AS_ACTIVE_ROOT_20260524/Documents/Documents - SFMacBook Pro M5/LEGAL_AUTOMATION/watermelon-vscode/.vscode-test/vscode-darwin-arm64-1.109.5/Visual Studio Code.app/Contents/Resources/app/out/vs/workbench/contrib/debug/browser/media/continue-tb.png	4.0K	CITATIONS_SOURCES	Possible citation/source registry material
/Users/sethadmin/ZZ_ARCHIVE_HOLD_iCloudDriveArchive_DO_NOT_USE_AS_ACTIVE_ROOT_20260524/Documents/Documents - SFMacBook Pro M5/LEGAL_AUTOMATION/watermelon-vscode/.vscode-test/vscode-darwin-arm64-1.109.5/Visual Studio Code.app/Contents/Resources/app/out/vs/workbench/contrib/debug/browser/media/run-with-debugging-tb.png	4.0K	CITATIONS_SOURCES	Possible citation/source registry material
/Users/sethadmin/ZZ_ARCHIVE_HOLD_iCloudDriveArchive_DO_NOT_USE_AS_ACTIVE_ROOT_20260524/Documents/Documents - SFMacBook Pro M5/LEGAL_AUTOMATION/watermelon-vscode/.vscode-test/vscode-darwin-arm64-1.109.5/Visual Studio Code.app/Contents/Resources/app/out/vs/workbench/contrib/debug/browser/media/stepover-tb.png	4.0K	CITATIONS_SOURCES	Possible citation/source registry material
/Users/sethadmin/ZZ_ARCHIVE_HOLD_iCloudDriveArchive_DO_NOT_USE_AS_ACTIVE_ROOT_20260524/Documents/Documents - SFMacBook Pro M5/LEGAL_AUTOMATION/watermelon-vscode/.vscode-test/vscode-darwin-arm64-1.109.5/Visual Studio Code.app/Contents/Resources/app/out/vs/workbench/contrib/debug/browser/media/restart-tb.png	4.0K	CITATIONS_SOURCES	Possible citation/source registry material
/Users/sethadmin/ZZ_ARCHIVE_HOLD_iCloudDriveArchive_DO_NOT_USE_AS_ACTIVE_ROOT_20260524/Documents/Documents - SFMacBook Pro M5/LEGAL_AUTOMATION/watermelon-vscode/.vscode-test/vscode-darwin-arm64-1.109.5/Visual Studio Code.app/Contents/Resources/app/out/vs/workbench/contrib/debug/browser/media/stepout-tb.png	4.0K	CITATIONS_SOURCES	Possible citation/source registry material
/Users/sethadmin/ZZ_ARCHIVE_HOLD_iCloudDriveArchive_DO_NOT_USE_AS_ACTIVE_ROOT_20260524/Documents/Documents - SFMacBook Pro M5/LEGAL_AUTOMATION/watermelon-vscode/.vscode-test/vscode-darwin-arm64-1.109.5/Visual Studio Code.app/Contents/Resources/app/out/vs/workbench/contrib/debug/browser/media/pause-tb.png	4.0K	CITATIONS_SOURCES	Possible citation/source registry material
/Users/sethadmin/ZZ_ARCHIVE_HOLD_iCloudDriveArchive_DO_NOT_USE_AS_ACTIVE_ROOT_20260524/Documents/Documents - SFMacBook Pro M5/LEGAL_AUTOMATION/watermelon-vscode/.vscode-test/vscode-darwin-arm64-1.109.5/Visual Studio Code.app/Contents/Resources/app/out/vs/workbench/contrib/debug/node/telemetryApp.js	156K	CITATIONS_SOURCES	Possible citation/source registry material
/Users/sethadmin/ZZ_ARCHIVE_HOLD_iCloudDriveArchive_DO_NOT_USE_AS_ACTIVE_ROOT_20260524/Documents/Documents - SFMacBook Pro M5/LEGAL_AUTOMATION/watermelon-vscode/.vscode-test/vscode-darwin-arm64-1.109.5/Visual Studio Code.app/Contents/Resources/app/out/vs/workbench/browser/parts/editor/media/forward-tb.png	4.0K	CITATIONS_SOURCES	Possible citation/source registry material
/Users/sethadmin/ZZ_ARCHIVE_HOLD_iCloudDriveArchive_DO_NOT_USE_AS_ACTIVE_ROOT_20260524/Documents/Documents - SFMacBook Pro M5/LEGAL_AUTOMATION/watermelon-vscode/.vscode-test/vscode-darwin-arm64-1.109.5/Visual Studio Code.app/Contents/Resources/app/out/vs/workbench/browser/parts/editor/media/back-tb.png	4.0K	CITATIONS_SOURCES	Possible citation/source registry material
/Users/sethadmin/ZZ_ARCHIVE_HOLD_iCloudDriveArchive_DO_NOT_USE_AS_ACTIVE_ROOT_20260524/Documents/Documents - SFMacBook Pro M5/LEGAL_AUTOMATION/watermelon-vscode/.vscode-test/vscode-darwin-arm64-1.109.5/Visual Studio Code.app/Contents/Resources/app/out/vs/workbench/api/node/extensionHostProcess.js	1.7M	CITATIONS_SOURCES	Possible citation/source registry material
/Users/sethadmin/ZZ_ARCHIVE_HOLD_iCloudDriveArchive_DO_NOT_USE_AS_ACTIVE_ROOT_20260524/Documents/Documents - SFMacBook Pro M5/LEGAL_AUTOMATION/watermelon-vscode/.vscode-test/vscode-darwin-arm64-1.109.5/Visual Studio Code.app/Contents/Resources/app/out/vs/workbench/api/worker/extensionHostWorkerMain.js	1.5M	CITATIONS_SOURCES	Possible citation/source registry material
/Users/sethadmin/ZZ_ARCHIVE_HOLD_iCloudDriveArchive_DO_NOT_USE_AS_ACTIVE_ROOT_20260524/Documents/Documents - SFMacBook Pro M5/LEGAL_AUTOMATION/watermelon-vscode/.vscode-test/vscode-darwin-arm64-1.109.5/Visual Studio Code.app/Contents/Resources/app/out/vs/workbench/services/languageDetection/browser/languageDetectionWebWorkerMain.js	152K	CITATIONS_SOURCES	Possible citation/source registry material
/Users/sethadmin/ZZ_ARCHIVE_HOLD_iCloudDriveArchive_DO_NOT_USE_AS_ACTIVE_ROOT_20260524/Documents/Documents - SFMacBook Pro M5/LEGAL_AUTOMATION/watermelon-vscode/.vscode-test/vscode-darwin-arm64-1.109.5/Visual Studio Code.app/Contents/Resources/app/out/vs/workbench/services/textMate/browser/backgroundTokenization/worker/textMateTokenizationWorker.workerMain.js	240K	CITATIONS_SOURCES	Possible citation/source registry material
/Users/sethadmin/ZZ_ARCHIVE_HOLD_iCloudDriveArchive_DO_NOT_USE_AS_ACTIVE_ROOT_20260524/Documents/Documents - SFMacBook Pro M5/LEGAL_AUTOMATION/watermelon-vscode/.vscode-test/vscode-darwin-arm64-1.109.5/Visual Studio Code.app/Contents/Resources/app/out/vs/workbench/services/extensions/worker/webWorkerExtensionHostIframe.html	8.0K	CITATIONS_SOURCES	Possible citation/source registry material
/Users/sethadmin/ZZ_ARCHIVE_HOLD_iCloudDriveArchive_DO_NOT_USE_AS_ACTIVE_ROOT_20260524/Documents/Documents - SFMacBook Pro M5/LEGAL_AUTOMATION/watermelon-vscode/.vscode-test/vscode-darwin-arm64-1.109.5/Visual Studio Code.app/Contents/Resources/app/out/vs/workbench/services/search/worker/localFileSearchMain.js	152K	CITATIONS_SOURCES	Possible citation/source registry material
/Users/sethadmin/ZZ_ARCHIVE_HOLD_iCloudDriveArchive_DO_NOT_USE_AS_ACTIVE_ROOT_20260524/Documents/Documents - SFMacBook Pro M5/LEGAL_AUTOMATION/watermelon-vscode/.vscode-test/vscode-darwin-arm64-1.109.5/Visual Studio Code.app/Contents/Resources/app/out/vs/workbench/workbench.desktop.main.css	900K	CITATIONS_SOURCES	Possible citation/source registry material
/Users/sethadmin/ZZ_ARCHIVE_HOLD_iCloudDriveArchive_DO_NOT_USE_AS_ACTIVE_ROOT_20260524/Documents/Documents - SFMacBook Pro M5/LEGAL_AUTOMATION/watermelon-vscode/.vscode-test/vscode-darwin-arm64-1.109.5/Visual Studio Code.app/Contents/Resources/app/out/vs/base/parts/sandbox/electron-browser/preload.js	4.0K	CITATIONS_SOURCES	Possible citation/source registry material
/Users/sethadmin/ZZ_ARCHIVE_HOLD_iCloudDriveArchive_DO_NOT_USE_AS_ACTIVE_ROOT_20260524/Documents/Documents - SFMacBook Pro M5/LEGAL_AUTOMATION/watermelon-vscode/.vscode-test/vscode-darwin-arm64-1.109.5/Visual Studio Code.app/Contents/Resources/app/out/vs/base/parts/sandbox/electron-browser/preload-aux.js	4.0K	CITATIONS_SOURCES	Possible citation/source registry material
/Users/sethadmin/ZZ_ARCHIVE_HOLD_iCloudDriveArchive_DO_NOT_USE_AS_ACTIVE_ROOT_20260524/Documents/Documents - SFMacBook Pro M5/LEGAL_AUTOMATION/watermelon-vscode/.vscode-test/vscode-darwin-arm64-1.109.5/Visual Studio Code.app/Contents/Resources/app/out/vs/base/node/ps.sh	4.0K	CITATIONS_SOURCES	Possible citation/source registry material
/Users/sethadmin/ZZ_ARCHIVE_HOLD_iCloudDriveArchive_DO_NOT_USE_AS_ACTIVE_ROOT_20260524/Documents/Documents - SFMacBook Pro M5/LEGAL_AUTOMATION/watermelon-vscode/.vscode-test/vscode-darwin-arm64-1.109.5/Visual Studio Code.app/Contents/Resources/app/out/vs/base/node/terminateProcess.sh	4.0K	CITATIONS_SOURCES	Possible citation/source registry material
/Users/sethadmin/ZZ_ARCHIVE_HOLD_iCloudDriveArchive_DO_NOT_USE_AS_ACTIVE_ROOT_20260524/Documents/Documents - SFMacBook Pro M5/LEGAL_AUTOMATION/watermelon-vscode/.vscode-test/vscode-darwin-arm64-1.109.5/Visual Studio Code.app/Contents/Resources/app/out/vs/base/node/cpuUsage.sh	4.0K	CITATIONS_SOURCES	Possible citation/source registry material
/Users/sethadmin/ZZ_ARCHIVE_HOLD_iCloudDriveArchive_DO_NOT_USE_AS_ACTIVE_ROOT_20260524/Documents/Documents - SFMacBook Pro M5/LEGAL_AUTOMATION/watermelon-vscode/.vscode-test/vscode-darwin-arm64-1.109.5/Visual Studio Code.app/Contents/Resources/app/out/vs/editor/common/languages/highlights/css.scm	4.0K	CITATIONS_SOURCES	Possible citation/source registry material
/Users/sethadmin/ZZ_ARCHIVE_HOLD_iCloudDriveArchive_DO_NOT_USE_AS_ACTIVE_ROOT_20260524/Documents/Documents - SFMacBook Pro M5/LEGAL_AUTOMATION/watermelon-vscode/.vscode-test/vscode-darwin-arm64-1.109.5/Visual Studio Code.app/Contents/Resources/app/out/vs/editor/common/languages/highlights/typescript.scm	12K	CITATIONS_SOURCES	Possible citation/source registry material
/Users/sethadmin/ZZ_ARCHIVE_HOLD_iCloudDriveArchive_DO_NOT_USE_AS_ACTIVE_ROOT_20260524/Documents/Documents - SFMacBook Pro M5/LEGAL_AUTOMATION/watermelon-vscode/.vscode-test/vscode-darwin-arm64-1.109.5/Visual Studio Code.app/Contents/Resources/app/out/vs/editor/common/languages/highlights/regex.scm	4.0K	CITATIONS_SOURCES	Possible citation/source registry material
/Users/sethadmin/ZZ_ARCHIVE_HOLD_iCloudDriveArchive_DO_NOT_USE_AS_ACTIVE_ROOT_20260524/Documents/Documents - SFMacBook Pro M5/LEGAL_AUTOMATION/watermelon-vscode/.vscode-test/vscode-darwin-arm64-1.109.5/Visual Studio Code.app/Contents/Resources/app/out/vs/editor/common/languages/highlights/ini.scm	4.0K	CITATIONS_SOURCES	Possible citation/source registry material
/Users/sethadmin/ZZ_ARCHIVE_HOLD_iCloudDriveArchive_DO_NOT_USE_AS_ACTIVE_ROOT_20260524/Documents/Documents - SFMacBook Pro M5/LEGAL_AUTOMATION/watermelon-vscode/.vscode-test/vscode-darwin-arm64-1.109.5/Visual Studio Code.app/Contents/Resources/app/out/vs/editor/common/languages/injections/typescript.scm	4.0K	CITATIONS_SOURCES	Possible citation/source registry material
/Users/sethadmin/ZZ_ARCHIVE_HOLD_iCloudDriveArchive_DO_NOT_USE_AS_ACTIVE_ROOT_20260524/Documents/Documents - SFMacBook Pro M5/LEGAL_AUTOMATION/watermelon-vscode/.vscode-test/vscode-darwin-arm64-1.109.5/Visual Studio Code.app/Contents/Resources/app/out/vs/editor/common/services/editorWebWorkerMain.js	340K	CITATIONS_SOURCES	Possible citation/source registry material
/Users/sethadmin/ZZ_ARCHIVE_HOLD_iCloudDriveArchive_DO_NOT_USE_AS_ACTIVE_ROOT_20260524/Documents/Documents - SFMacBook Pro M5/LEGAL_AUTOMATION/watermelon-vscode/.vscode-test/vscode-darwin-arm64-1.109.5/Visual Studio Code.app/Contents/Resources/app/out/nls.keys.json	512K	CITATIONS_SOURCES	Possible citation/source registry material
/Users/sethadmin/ZZ_ARCHIVE_HOLD_iCloudDriveArchive_DO_NOT_USE_AS_ACTIVE_ROOT_20260524/Documents/Documents - SFMacBook Pro M5/LEGAL_AUTOMATION/watermelon-vscode/.vscode-test/vscode-darwin-arm64-1.109.5/Visual Studio Code.app/Contents/Resources/app/out/main.js	944K	CITATIONS_SOURCES	Possible citation/source registry material
/Users/sethadmin/ZZ_ARCHIVE_HOLD_iCloudDriveArchive_DO_NOT_USE_AS_ACTIVE_ROOT_20260524/Documents/Documents - SFMacBook Pro M5/LEGAL_AUTOMATION/watermelon-vscode/.vscode-test/vscode-darwin-arm64-1.109.5/Visual Studio Code.app/Contents/Resources/app/out/nls.messages.json	804K	CITATIONS_SOURCES	Possible citation/source registry material
/Users/sethadmin/ZZ_ARCHIVE_HOLD_iCloudDriveArchive_DO_NOT_USE_AS_ACTIVE_ROOT_20260524/Documents/Documents - SFMacBook Pro M5/LEGAL_AUTOMATION/watermelon-vscode/.vscode-test/vscode-darwin-arm64-1.109.5/Visual Studio Code.app/Contents/Resources/app/out/cli.js	212K	CITATIONS_SOURCES	Possible citation/source registry material
/Users/sethadmin/ZZ_ARCHIVE_HOLD_iCloudDriveArchive_DO_NOT_USE_AS_ACTIVE_ROOT_20260524/Documents/Documents - SFMacBook Pro M5/LEGAL_AUTOMATION/watermelon-vscode/.vscode-test/vscode-darwin-arm64-1.109.5/Visual Studio Code.app/Contents/Resources/app/out/bootstrap-fork.js	28K	CITATIONS_SOURCES	Possible citation/source registry material
/Users/sethadmin/ZZ_ARCHIVE_HOLD_iCloudDriveArchive_DO_NOT_USE_AS_ACTIVE_ROOT_20260524/Documents/Documents - SFMacBook Pro M5/LEGAL_AUTOMATION/watermelon-vscode/.vscode-test/vscode-darwin-arm64-1.109.5/Visual Studio Code.app/Contents/Resources/app/out/vscode-dts/vscode.d.ts	724K	CITATIONS_SOURCES	Possible citation/source registry material
/Users/sethadmin/ZZ_ARCHIVE_HOLD_iCloudDriveArchive_DO_NOT_USE_AS_ACTIVE_ROOT_20260524/Documents/Documents - SFMacBook Pro M5/LEGAL_AUTOMATION/watermelon-vscode/.vscode-test/vscode-darwin-arm64-1.109.5/Visual Studio Code.app/Contents/Resources/app/out/media/opacity-background.png	4.0K	CITATIONS_SOURCES	Possible citation/source registry material
/Users/sethadmin/ZZ_ARCHIVE_HOLD_iCloudDriveArchive_DO_NOT_USE_AS_ACTIVE_ROOT_20260524/Documents/Documents - SFMacBook Pro M5/LEGAL_AUTOMATION/watermelon-vscode/.vscode-test/vscode-darwin-arm64-1.109.5/Visual Studio Code.app/Contents/Resources/app/out/media/github.svg	4.0K	CITATIONS_SOURCES	Possible citation/source registry material
/Users/sethadmin/ZZ_ARCHIVE_HOLD_iCloudDriveArchive_DO_NOT_USE_AS_ACTIVE_ROOT_20260524/Documents/Documents - SFMacBook Pro M5/LEGAL_AUTOMATION/watermelon-vscode/.vscode-test/vscode-darwin-arm64-1.109.5/Visual Studio Code.app/Contents/Resources/app/out/media/loading-hc.svg	4.0K	CITATIONS_SOURCES	Possible citation/source registry material
/Users/sethadmin/ZZ_ARCHIVE_HOLD_iCloudDriveArchive_DO_NOT_USE_AS_ACTIVE_ROOT_20260524/Documents/Documents - SFMacBook Pro M5/LEGAL_AUTOMATION/watermelon-vscode/.vscode-test/vscode-darwin-arm64-1.109.5/Visual Studio Code.app/Contents/Resources/app/out/media/apple-dark.svg	4.0K	CITATIONS_SOURCES	Possible citation/source registry material
/Users/sethadmin/ZZ_ARCHIVE_HOLD_iCloudDriveArchive_DO_NOT_USE_AS_ACTIVE_ROOT_20260524/Documents/Documents - SFMacBook Pro M5/LEGAL_AUTOMATION/watermelon-vscode/.vscode-test/vscode-darwin-arm64-1.109.5/Visual Studio Code.app/Contents/Resources/app/out/media/letterpress-light.svg	4.0K	CITATIONS_SOURCES	Possible citation/source registry material
/Users/sethadmin/ZZ_ARCHIVE_HOLD_iCloudDriveArchive_DO_NOT_USE_AS_ACTIVE_ROOT_20260524/Documents/Documents - SFMacBook Pro M5/LEGAL_AUTOMATION/watermelon-vscode/.vscode-test/vscode-darwin-arm64-1.109.5/Visual Studio Code.app/Contents/Resources/app/out/media/loading.svg	4.0K	CITATIONS_SOURCES	Possible citation/source registry material
/Users/sethadmin/ZZ_ARCHIVE_HOLD_iCloudDriveArchive_DO_NOT_USE_AS_ACTIVE_ROOT_20260524/Documents/Documents - SFMacBook Pro M5/LEGAL_AUTOMATION/watermelon-vscode/.vscode-test/vscode-darwin-arm64-1.109.5/Visual Studio Code.app/Contents/Resources/app/out/media/apple-light.svg	4.0K	CITATIONS_SOURCES	Possible citation/source registry material
/Users/sethadmin/ZZ_ARCHIVE_HOLD_iCloudDriveArchive_DO_NOT_USE_AS_ACTIVE_ROOT_20260524/Documents/Documents - SFMacBook Pro M5/LEGAL_AUTOMATION/watermelon-vscode/.vscode-test/vscode-darwin-arm64-1.109.5/Visual Studio Code.app/Contents/Resources/app/out/media/google.svg	4.0K	CITATIONS_SOURCES	Possible citation/source registry material
/Users/sethadmin/ZZ_ARCHIVE_HOLD_iCloudDriveArchive_DO_NOT_USE_AS_ACTIVE_ROOT_20260524/Documents/Documents - SFMacBook Pro M5/LEGAL_AUTOMATION/watermelon-vscode/.vscode-test/vscode-darwin-arm64-1.109.5/Visual Studio Code.app/Contents/Resources/app/out/media/code-icon.svg	4.0K	CITATIONS_SOURCES	Possible citation/source registry material
/Users/sethadmin/ZZ_ARCHIVE_HOLD_iCloudDriveArchive_DO_NOT_USE_AS_ACTIVE_ROOT_20260524/Documents/Documents - SFMacBook Pro M5/LEGAL_AUTOMATION/watermelon-vscode/.vscode-test/vscode-darwin-arm64-1.109.5/Visual Studio Code.app/Contents/Resources/app/out/media/letterpress-hcLight.svg	4.0K	CITATIONS_SOURCES	Possible citation/source registry material
/Users/sethadmin/ZZ_ARCHIVE_HOLD_iCloudDriveArchive_DO_NOT_USE_AS_ACTIVE_ROOT_20260524/Documents/Documents - SFMacBook Pro M5/LEGAL_AUTOMATION/watermelon-vscode/.vscode-test/vscode-darwin-arm64-1.109.5/Visual Studio Code.app/Contents/Resources/app/out/media/codicon.ttf	124K	CITATIONS_SOURCES	Possible citation/source registry material
/Users/sethadmin/ZZ_ARCHIVE_HOLD_iCloudDriveArchive_DO_NOT_USE_AS_ACTIVE_ROOT_20260524/Documents/Documents - SFMacBook Pro M5/LEGAL_AUTOMATION/watermelon-vscode/.vscode-test/vscode-darwin-arm64-1.109.5/Visual Studio Code.app/Contents/Resources/app/out/media/loading-dark.svg	4.0K	CITATIONS_SOURCES	Possible citation/source registry material
/Users/sethadmin/ZZ_ARCHIVE_HOLD_iCloudDriveArchive_DO_NOT_USE_AS_ACTIVE_ROOT_20260524/Documents/Documents - SFMacBook Pro M5/LEGAL_AUTOMATION/watermelon-vscode/.vscode-test/vscode-darwin-arm64-1.109.5/Visual Studio Code.app/Contents/Resources/app/out/media/letterpress-dark.svg	4.0K	CITATIONS_SOURCES	Possible citation/source registry material
/Users/sethadmin/ZZ_ARCHIVE_HOLD_iCloudDriveArchive_DO_NOT_USE_AS_ACTIVE_ROOT_20260524/Documents/Documents - SFMacBook Pro M5/LEGAL_AUTOMATION/watermelon-vscode/.vscode-test/vscode-darwin-arm64-1.109.5/Visual Studio Code.app/Contents/Resources/app/out/media/letterpress-hcDark.svg	4.0K	CITATIONS_SOURCES	Possible citation/source registry material
/Users/sethadmin/ZZ_ARCHIVE_HOLD_iCloudDriveArchive_DO_NOT_USE_AS_ACTIVE_ROOT_20260524/Documents/Documents - SFMacBook Pro M5/LEGAL_AUTOMATION/watermelon-vscode/.vscode-test/vscode-darwin-arm64-1.109.5/Visual Studio Code.app/Contents/Resources/app/resources/workbenchModes/agent-sessions.code-workbench-mode	4.0K	CITATIONS_SOURCES	Possible citation/source registry material
/Users/sethadmin/ZZ_ARCHIVE_HOLD_iCloudDriveArchive_DO_NOT_USE_AS_ACTIVE_ROOT_20260524/Documents/Documents - SFMacBook Pro M5/LEGAL_AUTOMATION/watermelon-vscode/.vscode-test/vscode-darwin-arm64-1.109.5/Visual Studio Code.app/Contents/Resources/app/node_modules.asar	44K	CITATIONS_SOURCES	Possible citation/source registry material
/Users/sethadmin/ZZ_ARCHIVE_HOLD_iCloudDriveArchive_DO_NOT_USE_AS_ACTIVE_ROOT_20260524/Documents/Documents - SFMacBook Pro M5/LEGAL_AUTOMATION/watermelon-vscode/.vscode-test/vscode-darwin-arm64-1.109.5/Visual Studio Code.app/Contents/Resources/app/policies/tr-tr/com.microsoft.VSCode.plist	12K	CITATIONS_SOURCES	Possible citation/source registry material
/Users/sethadmin/ZZ_ARCHIVE_HOLD_iCloudDriveArchive_DO_NOT_USE_AS_ACTIVE_ROOT_20260524/Documents/Documents - SFMacBook Pro M5/LEGAL_AUTOMATION/watermelon-vscode/.vscode-test/vscode-darwin-arm64-1.109.5/Visual Studio Code.app/Contents/Resources/app/policies/fr-fr/com.microsoft.VSCode.plist	12K	CITATIONS_SOURCES	Possible citation/source registry material
/Users/sethadmin/ZZ_ARCHIVE_HOLD_iCloudDriveArchive_DO_NOT_USE_AS_ACTIVE_ROOT_20260524/Documents/Documents - SFMacBook Pro M5/LEGAL_AUTOMATION/watermelon-vscode/.vscode-test/vscode-darwin-arm64-1.109.5/Visual Studio Code.app/Contents/Resources/app/policies/de-de/com.microsoft.VSCode.plist	12K	CITATIONS_SOURCES	Possible citation/source registry material
/Users/sethadmin/ZZ_ARCHIVE_HOLD_iCloudDriveArchive_DO_NOT_USE_AS_ACTIVE_ROOT_20260524/Documents/Documents - SFMacBook Pro M5/LEGAL_AUTOMATION/watermelon-vscode/.vscode-test/vscode-darwin-arm64-1.109.5/Visual Studio Code.app/Contents/Resources/app/policies/pl-pl/com.microsoft.VSCode.plist	12K	CITATIONS_SOURCES	Possible citation/source registry material
/Users/sethadmin/ZZ_ARCHIVE_HOLD_iCloudDriveArchive_DO_NOT_USE_AS_ACTIVE_ROOT_20260524/Documents/Documents - SFMacBook Pro M5/LEGAL_AUTOMATION/watermelon-vscode/.vscode-test/vscode-darwin-arm64-1.109.5/Visual Studio Code.app/Contents/Resources/app/policies/es-es/com.microsoft.VSCode.plist	12K	CITATIONS_SOURCES	Possible citation/source registry material
/Users/sethadmin/ZZ_ARCHIVE_HOLD_iCloudDriveArchive_DO_NOT_USE_AS_ACTIVE_ROOT_20260524/Documents/Documents - SFMacBook Pro M5/LEGAL_AUTOMATION/watermelon-vscode/.vscode-test/vscode-darwin-arm64-1.109.5/Visual Studio Code.app/Contents/Resources/app/policies/ru-ru/com.microsoft.VSCode.plist	12K	CITATIONS_SOURCES	Possible citation/source registry material
/Users/sethadmin/ZZ_ARCHIVE_HOLD_iCloudDriveArchive_DO_NOT_USE_AS_ACTIVE_ROOT_20260524/Documents/Documents - SFMacBook Pro M5/LEGAL_AUTOMATION/watermelon-vscode/.vscode-test/vscode-darwin-arm64-1.109.5/Visual Studio Code.app/Contents/Resources/app/policies/ja-jp/com.microsoft.VSCode.plist	12K	CITATIONS_SOURCES	Possible citation/source registry material
/Users/sethadmin/ZZ_ARCHIVE_HOLD_iCloudDriveArchive_DO_NOT_USE_AS_ACTIVE_ROOT_20260524/Documents/Documents - SFMacBook Pro M5/LEGAL_AUTOMATION/watermelon-vscode/.vscode-test/vscode-darwin-arm64-1.109.5/Visual Studio Code.app/Contents/Resources/app/policies/zh-cn/com.microsoft.VSCode.plist	12K	CITATIONS_SOURCES	Possible citation/source registry material
/Users/sethadmin/ZZ_ARCHIVE_HOLD_iCloudDriveArchive_DO_NOT_USE_AS_ACTIVE_ROOT_20260524/Documents/Documents - SFMacBook Pro M5/LEGAL_AUTOMATION/watermelon-vscode/.vscode-test/vscode-darwin-arm64-1.109.5/Visual Studio Code.app/Contents/Resources/app/policies/cs-cz/com.microsoft.VSCode.plist	12K	CITATIONS_SOURCES	Possible citation/source registry material
/Users/sethadmin/ZZ_ARCHIVE_HOLD_iCloudDriveArchive_DO_NOT_USE_AS_ACTIVE_ROOT_20260524/Documents/Documents - SFMacBook Pro M5/LEGAL_AUTOMATION/watermelon-vscode/.vscode-test/vscode-darwin-arm64-1.109.5/Visual Studio Code.app/Contents/Resources/app/policies/zh-tw/com.microsoft.VSCode.plist	12K	CITATIONS_SOURCES	Possible citation/source registry material
/Users/sethadmin/ZZ_ARCHIVE_HOLD_iCloudDriveArchive_DO_NOT_USE_AS_ACTIVE_ROOT_20260524/Documents/Documents - SFMacBook Pro M5/LEGAL_AUTOMATION/watermelon-vscode/.vscode-test/vscode-darwin-arm64-1.109.5/Visual Studio Code.app/Contents/Resources/app/policies/ko-kr/com.microsoft.VSCode.plist	12K	CITATIONS_SOURCES	Possible citation/source registry material
/Users/sethadmin/ZZ_ARCHIVE_HOLD_iCloudDriveArchive_DO_NOT_USE_AS_ACTIVE_ROOT_20260524/Documents/Documents - SFMacBook Pro M5/LEGAL_AUTOMATION/watermelon-vscode/.vscode-test/vscode-darwin-arm64-1.109.5/Visual Studio Code.app/Contents/Resources/app/policies/pt-br/com.microsoft.VSCode.plist	12K	CITATIONS_SOURCES	Possible citation/source registry material
/Users/sethadmin/ZZ_ARCHIVE_HOLD_iCloudDriveArchive_DO_NOT_USE_AS_ACTIVE_ROOT_20260524/Documents/Documents - SFMacBook Pro M5/LEGAL_AUTOMATION/watermelon-vscode/.vscode-test/vscode-darwin-arm64-1.109.5/Visual Studio Code.app/Contents/Resources/app/policies/it-it/com.microsoft.VSCode.plist	12K	CITATIONS_SOURCES	Possible citation/source registry material
/Users/sethadmin/ZZ_ARCHIVE_HOLD_iCloudDriveArchive_DO_NOT_USE_AS_ACTIVE_ROOT_20260524/Documents/Documents - SFMacBook Pro M5/LEGAL_AUTOMATION/watermelon-vscode/.vscode-test/vscode-darwin-arm64-1.109.5/Visual Studio Code.app/Contents/Resources/app/policies/com.microsoft.VSCode.mobileconfig	4.0K	CITATIONS_SOURCES	Possible citation/source registry material
/Users/sethadmin/ZZ_ARCHIVE_HOLD_iCloudDriveArchive_DO_NOT_USE_AS_ACTIVE_ROOT_20260524/Documents/Documents - SFMacBook Pro M5/LEGAL_AUTOMATION/watermelon-vscode/.vscode-test/vscode-darwin-arm64-1.109.5/Visual Studio Code.app/Contents/Resources/app/policies/en-us/com.microsoft.VSCode.plist	12K	CITATIONS_SOURCES	Possible citation/source registry material
/Users/sethadmin/ZZ_ARCHIVE_HOLD_iCloudDriveArchive_DO_NOT_USE_AS_ACTIVE_ROOT_20260524/Documents/Documents - SFMacBook Pro M5/LEGAL_AUTOMATION/watermelon-vscode/.vscode-test/vscode-darwin-arm64-1.109.5/Visual Studio Code.app/Contents/Resources/app/extensions/prompt-basics/package.json	4.0K	CITATIONS_SOURCES	Possible citation/source registry material
/Users/sethadmin/ZZ_ARCHIVE_HOLD_iCloudDriveArchive_DO_NOT_USE_AS_ACTIVE_ROOT_20260524/Documents/Documents - SFMacBook Pro M5/LEGAL_AUTOMATION/watermelon-vscode/.vscode-test/vscode-darwin-arm64-1.109.5/Visual Studio Code.app/Contents/Resources/app/extensions/prompt-basics/syntaxes/prompt.tmLanguage.json	4.0K	CITATIONS_SOURCES	Possible citation/source registry material
/Users/sethadmin/ZZ_ARCHIVE_HOLD_iCloudDriveArchive_DO_NOT_USE_AS_ACTIVE_ROOT_20260524/Documents/Documents - SFMacBook Pro M5/LEGAL_AUTOMATION/watermelon-vscode/.vscode-test/vscode-darwin-arm64-1.109.5/Visual Studio Code.app/Contents/Resources/app/extensions/prompt-basics/language-configuration.json	4.0K	CITATIONS_SOURCES	Possible citation/source registry material
/Users/sethadmin/ZZ_ARCHIVE_HOLD_iCloudDriveArchive_DO_NOT_USE_AS_ACTIVE_ROOT_20260524/Documents/Documents - SFMacBook Pro M5/LEGAL_AUTOMATION/watermelon-vscode/.vscode-test/vscode-darwin-arm64-1.109.5/Visual Studio Code.app/Contents/Resources/app/extensions/prompt-basics/package.nls.json	4.0K	CITATIONS_SOURCES	Possible citation/source registry material
/Users/sethadmin/ZZ_ARCHIVE_HOLD_iCloudDriveArchive_DO_NOT_USE_AS_ACTIVE_ROOT_20260524/Documents/Documents - SFMacBook Pro M5/LEGAL_AUTOMATION/watermelon-vscode/.vscode-test/vscode-darwin-arm64-1.109.5/Visual Studio Code.app/Contents/Resources/app/extensions/terminal-suggest/ThirdPartyNotices.txt	4.0K	CITATIONS_SOURCES	Possible citation/source registry material
/Users/sethadmin/ZZ_ARCHIVE_HOLD_iCloudDriveArchive_DO_NOT_USE_AS_ACTIVE_ROOT_20260524/Documents/Documents - SFMacBook Pro M5/LEGAL_AUTOMATION/watermelon-vscode/.vscode-test/vscode-darwin-arm64-1.109.5/Visual Studio Code.app/Contents/Resources/app/extensions/terminal-suggest/dist/fig/README.md	4.0K	CITATIONS_SOURCES	Possible citation/source registry material
/Users/sethadmin/ZZ_ARCHIVE_HOLD_iCloudDriveArchive_DO_NOT_USE_AS_ACTIVE_ROOT_20260524/Documents/Documents - SFMacBook Pro M5/LEGAL_AUTOMATION/watermelon-vscode/.vscode-test/vscode-darwin-arm64-1.109.5/Visual Studio Code.app/Contents/Resources/app/extensions/terminal-suggest/dist/terminalSuggestMain.js	1.4M	CITATIONS_SOURCES	Possible citation/source registry material
/Users/sethadmin/ZZ_ARCHIVE_HOLD_iCloudDriveArchive_DO_NOT_USE_AS_ACTIVE_ROOT_20260524/Documents/Documents - SFMacBook Pro M5/LEGAL_AUTOMATION/watermelon-vscode/.vscode-test/vscode-darwin-arm64-1.109.5/Visual Studio Code.app/Contents/Resources/app/extensions/terminal-suggest/dist/media/icon.png	4.0K	CITATIONS_SOURCES	Possible citation/source registry material
/Users/sethadmin/ZZ_ARCHIVE_HOLD_iCloudDriveArchive_DO_NOT_USE_AS_ACTIVE_ROOT_20260524/Documents/Documents - SFMacBook Pro M5/LEGAL_AUTOMATION/watermelon-vscode/.vscode-test/vscode-darwin-arm64-1.109.5/Visual Studio Code.app/Contents/Resources/app/extensions/terminal-suggest/README.md	4.0K	CITATIONS_SOURCES	Possible citation/source registry material
/Users/sethadmin/ZZ_ARCHIVE_HOLD_iCloudDriveArchive_DO_NOT_USE_AS_ACTIVE_ROOT_20260524/Documents/Documents - SFMacBook Pro M5/LEGAL_AUTOMATION/watermelon-vscode/.vscode-test/vscode-darwin-arm64-1.109.5/Visual Studio Code.app/Contents/Resources/app/extensions/terminal-suggest/.gitignore	4.0K	CITATIONS_SOURCES	Possible citation/source registry material
/Users/sethadmin/ZZ_ARCHIVE_HOLD_iCloudDriveArchive_DO_NOT_USE_AS_ACTIVE_ROOT_20260524/Documents/Documents - SFMacBook Pro M5/LEGAL_AUTOMATION/watermelon-vscode/.vscode-test/vscode-darwin-arm64-1.109.5/Visual Studio Code.app/Contents/Resources/app/extensions/terminal-suggest/package.json	4.0K	CITATIONS_SOURCES	Possible citation/source registry material
/Users/sethadmin/ZZ_ARCHIVE_HOLD_iCloudDriveArchive_DO_NOT_USE_AS_ACTIVE_ROOT_20260524/Documents/Documents - SFMacBook Pro M5/LEGAL_AUTOMATION/watermelon-vscode/.vscode-test/vscode-darwin-arm64-1.109.5/Visual Studio Code.app/Contents/Resources/app/extensions/terminal-suggest/package.nls.json	4.0K	CITATIONS_SOURCES	Possible citation/source registry material
/Users/sethadmin/ZZ_ARCHIVE_HOLD_iCloudDriveArchive_DO_NOT_USE_AS_ACTIVE_ROOT_20260524/Documents/Documents - SFMacBook Pro M5/LEGAL_AUTOMATION/watermelon-vscode/.vscode-test/vscode-darwin-arm64-1.109.5/Visual Studio Code.app/Contents/Resources/app/extensions/merge-conflict/dist/mergeConflictMain.js	196K	CITATIONS_SOURCES	Possible citation/source registry material
/Users/sethadmin/ZZ_ARCHIVE_HOLD_iCloudDriveArchive_DO_NOT_USE_AS_ACTIVE_ROOT_20260524/Documents/Documents - SFMacBook Pro M5/LEGAL_AUTOMATION/watermelon-vscode/.vscode-test/vscode-darwin-arm64-1.109.5/Visual Studio Code.app/Contents/Resources/app/extensions/merge-conflict/dist/mergeConflictMain.js.LICENSE.txt	4.0K	CITATIONS_SOURCES	Possible citation/source registry material
/Users/sethadmin/ZZ_ARCHIVE_HOLD_iCloudDriveArchive_DO_NOT_USE_AS_ACTIVE_ROOT_20260524/Documents/Documents - SFMacBook Pro M5/LEGAL_AUTOMATION/watermelon-vscode/.vscode-test/vscode-darwin-arm64-1.109.5/Visual Studio Code.app/Contents/Resources/app/extensions/merge-conflict/README.md	4.0K	CITATIONS_SOURCES	Possible citation/source registry material
/Users/sethadmin/ZZ_ARCHIVE_HOLD_iCloudDriveArchive_DO_NOT_USE_AS_ACTIVE_ROOT_20260524/Documents/Documents - SFMacBook Pro M5/LEGAL_AUTOMATION/watermelon-vscode/.vscode-test/vscode-darwin-arm64-1.109.5/Visual Studio Code.app/Contents/Resources/app/extensions/merge-conflict/package.json	4.0K	CITATIONS_SOURCES	Possible citation/source registry material
/Users/sethadmin/ZZ_ARCHIVE_HOLD_iCloudDriveArchive_DO_NOT_USE_AS_ACTIVE_ROOT_20260524/Documents/Documents - SFMacBook Pro M5/LEGAL_AUTOMATION/watermelon-vscode/.vscode-test/vscode-darwin-arm64-1.109.5/Visual Studio Code.app/Contents/Resources/app/extensions/merge-conflict/package.nls.json	4.0K	CITATIONS_SOURCES	Possible citation/source registry material
/Users/sethadmin/ZZ_ARCHIVE_HOLD_iCloudDriveArchive_DO_NOT_USE_AS_ACTIVE_ROOT_20260524/Documents/Documents - SFMacBook Pro M5/LEGAL_AUTOMATION/watermelon-vscode/.vscode-test/vscode-darwin-arm64-1.109.5/Visual Studio Code.app/Contents/Resources/app/extensions/merge-conflict/media/icon.png	4.0K	CITATIONS_SOURCES	Possible citation/source registry material
/Users/sethadmin/ZZ_ARCHIVE_HOLD_iCloudDriveArchive_DO_NOT_USE_AS_ACTIVE_ROOT_20260524/Documents/Documents - SFMacBook Pro M5/LEGAL_AUTOMATION/watermelon-vscode/.vscode-test/vscode-darwin-arm64-1.109.5/Visual Studio Code.app/Contents/Resources/app/extensions/media-preview/icon.png	4.0K	CITATIONS_SOURCES	Possible citation/source registry material
/Users/sethadmin/ZZ_ARCHIVE_HOLD_iCloudDriveArchive_DO_NOT_USE_AS_ACTIVE_ROOT_20260524/Documents/Documents - SFMacBook Pro M5/LEGAL_AUTOMATION/watermelon-vscode/.vscode-test/vscode-darwin-arm64-1.109.5/Visual Studio Code.app/Contents/Resources/app/extensions/media-preview/dist/extension.js	36K	CITATIONS_SOURCES	Possible citation/source registry material
/Users/sethadmin/ZZ_ARCHIVE_HOLD_iCloudDriveArchive_DO_NOT_USE_AS_ACTIVE_ROOT_20260524/Documents/Documents - SFMacBook Pro M5/LEGAL_AUTOMATION/watermelon-vscode/.vscode-test/vscode-darwin-arm64-1.109.5/Visual Studio Code.app/Contents/Resources/app/extensions/media-preview/README.md	4.0K	CITATIONS_SOURCES	Possible citation/source registry material
/Users/sethadmin/ZZ_ARCHIVE_HOLD_iCloudDriveArchive_DO_NOT_USE_AS_ACTIVE_ROOT_20260524/Documents/Documents - SFMacBook Pro M5/LEGAL_AUTOMATION/watermelon-vscode/.vscode-test/vscode-darwin-arm64-1.109.5/Visual Studio Code.app/Contents/Resources/app/extensions/media-preview/package.json	4.0K	CITATIONS_SOURCES	Possible citation/source registry material
/Users/sethadmin/ZZ_ARCHIVE_HOLD_iCloudDriveArchive_DO_NOT_USE_AS_ACTIVE_ROOT_20260524/Documents/Documents - SFMacBook Pro M5/LEGAL_AUTOMATION/watermelon-vscode/.vscode-test/vscode-darwin-arm64-1.109.5/Visual Studio Code.app/Contents/Resources/app/extensions/media-preview/package.nls.json	4.0K	CITATIONS_SOURCES	Possible citation/source registry material
/Users/sethadmin/ZZ_ARCHIVE_HOLD_iCloudDriveArchive_DO_NOT_USE_AS_ACTIVE_ROOT_20260524/Documents/Documents - SFMacBook Pro M5/LEGAL_AUTOMATION/watermelon-vscode/.vscode-test/vscode-darwin-arm64-1.109.5/Visual Studio Code.app/Contents/Resources/app/extensions/media-preview/media/videoPreview.css	4.0K	CITATIONS_SOURCES	Possible citation/source registry material
/Users/sethadmin/ZZ_ARCHIVE_HOLD_iCloudDriveArchive_DO_NOT_USE_AS_ACTIVE_ROOT_20260524/Documents/Documents - SFMacBook Pro M5/LEGAL_AUTOMATION/watermelon-vscode/.vscode-test/vscode-darwin-arm64-1.109.5/Visual Studio Code.app/Contents/Resources/app/extensions/media-preview/media/loading-hc.svg	4.0K	CITATIONS_SOURCES	Possible citation/source registry material
/Users/sethadmin/ZZ_ARCHIVE_HOLD_iCloudDriveArchive_DO_NOT_USE_AS_ACTIVE_ROOT_20260524/Documents/Documents - SFMacBook Pro M5/LEGAL_AUTOMATION/watermelon-vscode/.vscode-test/vscode-darwin-arm64-1.109.5/Visual Studio Code.app/Contents/Resources/app/extensions/media-preview/media/videoPreview.js	4.0K	CITATIONS_SOURCES	Possible citation/source registry material
/Users/sethadmin/ZZ_ARCHIVE_HOLD_iCloudDriveArchive_DO_NOT_USE_AS_ACTIVE_ROOT_20260524/Documents/Documents - SFMacBook Pro M5/LEGAL_AUTOMATION/watermelon-vscode/.vscode-test/vscode-darwin-arm64-1.109.5/Visual Studio Code.app/Contents/Resources/app/extensions/media-preview/media/loading.svg	4.0K	CITATIONS_SOURCES	Possible citation/source registry material
/Users/sethadmin/ZZ_ARCHIVE_HOLD_iCloudDriveArchive_DO_NOT_USE_AS_ACTIVE_ROOT_20260524/Documents/Documents - SFMacBook Pro M5/LEGAL_AUTOMATION/watermelon-vscode/.vscode-test/vscode-darwin-arm64-1.109.5/Visual Studio Code.app/Contents/Resources/app/extensions/media-preview/media/audioPreview.js	4.0K	CITATIONS_SOURCES	Possible citation/source registry material
/Users/sethadmin/ZZ_ARCHIVE_HOLD_iCloudDriveArchive_DO_NOT_USE_AS_ACTIVE_ROOT_20260524/Documents/Documents - SFMacBook Pro M5/LEGAL_AUTOMATION/watermelon-vscode/.vscode-test/vscode-darwin-arm64-1.109.5/Visual Studio Code.app/Contents/Resources/app/extensions/media-preview/media/imagePreview.js	12K	CITATIONS_SOURCES	Possible citation/source registry material
/Users/sethadmin/ZZ_ARCHIVE_HOLD_iCloudDriveArchive_DO_NOT_USE_AS_ACTIVE_ROOT_20260524/Documents/Documents - SFMacBook Pro M5/LEGAL_AUTOMATION/watermelon-vscode/.vscode-test/vscode-darwin-arm64-1.109.5/Visual Studio Code.app/Contents/Resources/app/extensions/media-preview/media/audioPreview.css	4.0K	CITATIONS_SOURCES	Possible citation/source registry material
/Users/sethadmin/ZZ_ARCHIVE_HOLD_iCloudDriveArchive_DO_NOT_USE_AS_ACTIVE_ROOT_20260524/Documents/Documents - SFMacBook Pro M5/LEGAL_AUTOMATION/watermelon-vscode/.vscode-test/vscode-darwin-arm64-1.109.5/Visual Studio Code.app/Contents/Resources/app/extensions/media-preview/media/loading-dark.svg	4.0K	CITATIONS_SOURCES	Possible citation/source registry material
/Users/sethadmin/ZZ_ARCHIVE_HOLD_iCloudDriveArchive_DO_NOT_USE_AS_ACTIVE_ROOT_20260524/Documents/Documents - SFMacBook Pro M5/LEGAL_AUTOMATION/watermelon-vscode/.vscode-test/vscode-darwin-arm64-1.109.5/Visual Studio Code.app/Contents/Resources/app/extensions/media-preview/media/imagePreview.css	4.0K	CITATIONS_SOURCES	Possible citation/source registry material
/Users/sethadmin/ZZ_ARCHIVE_HOLD_iCloudDriveArchive_DO_NOT_USE_AS_ACTIVE_ROOT_20260524/Documents/Documents - SFMacBook Pro M5/LEGAL_AUTOMATION/watermelon-vscode/.vscode-test/vscode-darwin-arm64-1.109.5/Visual Studio Code.app/Contents/Resources/app/extensions/mermaid-chat-features/esbuild-chat-webview.mjs	4.0K	CITATIONS_SOURCES	Possible citation/source registry material
/Users/sethadmin/ZZ_ARCHIVE_HOLD_iCloudDriveArchive_DO_NOT_USE_AS_ACTIVE_ROOT_20260524/Documents/Documents - SFMacBook Pro M5/LEGAL_AUTOMATION/watermelon-vscode/.vscode-test/vscode-darwin-arm64-1.109.5/Visual Studio Code.app/Contents/Resources/app/extensions/mermaid-chat-features/chat-webview-src/index-editor.ts	4.0K	CITATIONS_SOURCES	Possible citation/source registry material
/Users/sethadmin/ZZ_ARCHIVE_HOLD_iCloudDriveArchive_DO_NOT_USE_AS_ACTIVE_ROOT_20260524/Documents/Documents - SFMacBook Pro M5/LEGAL_AUTOMATION/watermelon-vscode/.vscode-test/vscode-darwin-arm64-1.109.5/Visual Studio Code.app/Contents/Resources/app/extensions/mermaid-chat-features/chat-webview-src/mermaidWebview.ts	12K	CITATIONS_SOURCES	Possible citation/source registry material
/Users/sethadmin/ZZ_ARCHIVE_HOLD_iCloudDriveArchive_DO_NOT_USE_AS_ACTIVE_ROOT_20260524/Documents/Documents - SFMacBook Pro M5/LEGAL_AUTOMATION/watermelon-vscode/.vscode-test/vscode-darwin-arm64-1.109.5/Visual Studio Code.app/Contents/Resources/app/extensions/mermaid-chat-features/chat-webview-src/tsconfig.json	4.0K	CITATIONS_SOURCES	Possible citation/source registry material
/Users/sethadmin/ZZ_ARCHIVE_HOLD_iCloudDriveArchive_DO_NOT_USE_AS_ACTIVE_ROOT_20260524/Documents/Documents - SFMacBook Pro M5/LEGAL_AUTOMATION/watermelon-vscode/.vscode-test/vscode-darwin-arm64-1.109.5/Visual Studio Code.app/Contents/Resources/app/extensions/mermaid-chat-features/chat-webview-src/index.ts	4.0K	CITATIONS_SOURCES	Possible citation/source registry material
/Users/sethadmin/ZZ_ARCHIVE_HOLD_iCloudDriveArchive_DO_NOT_USE_AS_ACTIVE_ROOT_20260524/Documents/Documents - SFMacBook Pro M5/LEGAL_AUTOMATION/watermelon-vscode/.vscode-test/vscode-darwin-arm64-1.109.5/Visual Studio Code.app/Contents/Resources/app/extensions/mermaid-chat-features/chat-webview-src/vscodeApi.ts	4.0K	CITATIONS_SOURCES	Possible citation/source registry material
/Users/sethadmin/ZZ_ARCHIVE_HOLD_iCloudDriveArchive_DO_NOT_USE_AS_ACTIVE_ROOT_20260524/Documents/Documents - SFMacBook Pro M5/LEGAL_AUTOMATION/watermelon-vscode/.vscode-test/vscode-darwin-arm64-1.109.5/Visual Studio Code.app/Contents/Resources/app/extensions/mermaid-chat-features/dist/extension.js	16K	CITATIONS_SOURCES	Possible citation/source registry material
/Users/sethadmin/ZZ_ARCHIVE_HOLD_iCloudDriveArchive_DO_NOT_USE_AS_ACTIVE_ROOT_20260524/Documents/Documents - SFMacBook Pro M5/LEGAL_AUTOMATION/watermelon-vscode/.vscode-test/vscode-darwin-arm64-1.109.5/Visual Studio Code.app/Contents/Resources/app/extensions/mermaid-chat-features/README.md	4.0K	CITATIONS_SOURCES	Possible citation/source registry material
/Users/sethadmin/ZZ_ARCHIVE_HOLD_iCloudDriveArchive_DO_NOT_USE_AS_ACTIVE_ROOT_20260524/Documents/Documents - SFMacBook Pro M5/LEGAL_AUTOMATION/watermelon-vscode/.vscode-test/vscode-darwin-arm64-1.109.5/Visual Studio Code.app/Contents/Resources/app/extensions/mermaid-chat-features/extension-browser.webpack.config.js	4.0K	CITATIONS_SOURCES	Possible citation/source registry material
/Users/sethadmin/ZZ_ARCHIVE_HOLD_iCloudDriveArchive_DO_NOT_USE_AS_ACTIVE_ROOT_20260524/Documents/Documents - SFMacBook Pro M5/LEGAL_AUTOMATION/watermelon-vscode/.vscode-test/vscode-darwin-arm64-1.109.5/Visual Studio Code.app/Contents/Resources/app/extensions/mermaid-chat-features/package.json	4.0K	CITATIONS_SOURCES	Possible citation/source registry material
/Users/sethadmin/ZZ_ARCHIVE_HOLD_iCloudDriveArchive_DO_NOT_USE_AS_ACTIVE_ROOT_20260524/Documents/Documents - SFMacBook Pro M5/LEGAL_AUTOMATION/watermelon-vscode/.vscode-test/vscode-darwin-arm64-1.109.5/Visual Studio Code.app/Contents/Resources/app/extensions/mermaid-chat-features/chat-webview-out/index.js	2.5M	CITATIONS_SOURCES	Possible citation/source registry material
/Users/sethadmin/ZZ_ARCHIVE_HOLD_iCloudDriveArchive_DO_NOT_USE_AS_ACTIVE_ROOT_20260524/Documents/Documents - SFMacBook Pro M5/LEGAL_AUTOMATION/watermelon-vscode/.vscode-test/vscode-darwin-arm64-1.109.5/Visual Studio Code.app/Contents/Resources/app/extensions/mermaid-chat-features/chat-webview-out/codicon.css	136K	CITATIONS_SOURCES	Possible citation/source registry material
/Users/sethadmin/ZZ_ARCHIVE_HOLD_iCloudDriveArchive_DO_NOT_USE_AS_ACTIVE_ROOT_20260524/Documents/Documents - SFMacBook Pro M5/LEGAL_AUTOMATION/watermelon-vscode/.vscode-test/vscode-darwin-arm64-1.109.5/Visual Studio Code.app/Contents/Resources/app/extensions/mermaid-chat-features/chat-webview-out/index-editor.js	2.5M	CITATIONS_SOURCES	Possible citation/source registry material
/Users/sethadmin/ZZ_ARCHIVE_HOLD_iCloudDriveArchive_DO_NOT_USE_AS_ACTIVE_ROOT_20260524/Documents/Documents - SFMacBook Pro M5/LEGAL_AUTOMATION/watermelon-vscode/.vscode-test/vscode-darwin-arm64-1.109.5/Visual Studio Code.app/Contents/Resources/app/extensions/mermaid-chat-features/package.nls.json	4.0K	CITATIONS_SOURCES	Possible citation/source registry material
/Users/sethadmin/ZZ_ARCHIVE_HOLD_iCloudDriveArchive_DO_NOT_USE_AS_ACTIVE_ROOT_20260524/Documents/Documents - SFMacBook Pro M5/LEGAL_AUTOMATION/watermelon-vscode/.vscode-test/vscode-darwin-arm64-1.109.5/Visual Studio Code.app/Contents/Resources/app/extensions/razor/package.json	4.0K	CITATIONS_SOURCES	Possible citation/source registry material
/Users/sethadmin/ZZ_ARCHIVE_HOLD_iCloudDriveArchive_DO_NOT_USE_AS_ACTIVE_ROOT_20260524/Documents/Documents - SFMacBook Pro M5/LEGAL_AUTOMATION/watermelon-vscode/.vscode-test/vscode-darwin-arm64-1.109.5/Visual Studio Code.app/Contents/Resources/app/extensions/razor/syntaxes/cshtml.tmLanguage.json	28K	CITATIONS_SOURCES	Possible citation/source registry material
/Users/sethadmin/ZZ_ARCHIVE_HOLD_iCloudDriveArchive_DO_NOT_USE_AS_ACTIVE_ROOT_20260524/Documents/Documents - SFMacBook Pro M5/LEGAL_AUTOMATION/watermelon-vscode/.vscode-test/vscode-darwin-arm64-1.109.5/Visual Studio Code.app/Contents/Resources/app/extensions/razor/language-configuration.json	4.0K	CITATIONS_SOURCES	Possible citation/source registry material
/Users/sethadmin/ZZ_ARCHIVE_HOLD_iCloudDriveArchive_DO_NOT_USE_AS_ACTIVE_ROOT_20260524/Documents/Documents - SFMacBook Pro M5/LEGAL_AUTOMATION/watermelon-vscode/.vscode-test/vscode-darwin-arm64-1.109.5/Visual Studio Code.app/Contents/Resources/app/extensions/razor/package.nls.json	4.0K	CITATIONS_SOURCES	Possible citation/source registry material
/Users/sethadmin/ZZ_ARCHIVE_HOLD_iCloudDriveArchive_DO_NOT_USE_AS_ACTIVE_ROOT_20260524/Documents/Documents - SFMacBook Pro M5/LEGAL_AUTOMATION/watermelon-vscode/.vscode-test/vscode-darwin-arm64-1.109.5/Visual Studio Code.app/Contents/Resources/app/extensions/shaderlab/package.json	4.0K	CITATIONS_SOURCES	Possible citation/source registry material
/Users/sethadmin/ZZ_ARCHIVE_HOLD_iCloudDriveArchive_DO_NOT_USE_AS_ACTIVE_ROOT_20260524/Documents/Documents - SFMacBook Pro M5/LEGAL_AUTOMATION/watermelon-vscode/.vscode-test/vscode-darwin-arm64-1.109.5/Visual Studio Code.app/Contents/Resources/app/extensions/shaderlab/syntaxes/shaderlab.tmLanguage.json	8.0K	CITATIONS_SOURCES	Possible citation/source registry material
/Users/sethadmin/ZZ_ARCHIVE_HOLD_iCloudDriveArchive_DO_NOT_USE_AS_ACTIVE_ROOT_20260524/Documents/Documents - SFMacBook Pro M5/LEGAL_AUTOMATION/watermelon-vscode/.vscode-test/vscode-darwin-arm64-1.109.5/Visual Studio Code.app/Contents/Resources/app/extensions/shaderlab/language-configuration.json	4.0K	CITATIONS_SOURCES	Possible citation/source registry material
/Users/sethadmin/ZZ_ARCHIVE_HOLD_iCloudDriveArchive_DO_NOT_USE_AS_ACTIVE_ROOT_20260524/Documents/Documents - SFMacBook Pro M5/LEGAL_AUTOMATION/watermelon-vscode/.vscode-test/vscode-darwin-arm64-1.109.5/Visual Studio Code.app/Contents/Resources/app/extensions/shaderlab/package.nls.json	4.0K	CITATIONS_SOURCES	Possible citation/source registry material
/Users/sethadmin/ZZ_ARCHIVE_HOLD_iCloudDriveArchive_DO_NOT_USE_AS_ACTIVE_ROOT_20260524/Documents/Documents - SFMacBook Pro M5/LEGAL_AUTOMATION/watermelon-vscode/.vscode-test/vscode-darwin-arm64-1.109.5/Visual Studio Code.app/Contents/Resources/app/extensions/ms-vscode.js-debug-companion/ThirdPartyNotices.txt	68K	CITATIONS_SOURCES	Possible citation/source registry material
/Users/sethadmin/ZZ_ARCHIVE_HOLD_iCloudDriveArchive_DO_NOT_USE_AS_ACTIVE_ROOT_20260524/Documents/Documents - SFMacBook Pro M5/LEGAL_AUTOMATION/watermelon-vscode/.vscode-test/vscode-darwin-arm64-1.109.5/Visual Studio Code.app/Contents/Resources/app/extensions/ms-vscode.js-debug-companion/out/extension.js	100K	CITATIONS_SOURCES	Possible citation/source registry material
/Users/sethadmin/ZZ_ARCHIVE_HOLD_iCloudDriveArchive_DO_NOT_USE_AS_ACTIVE_ROOT_20260524/Documents/Documents - SFMacBook Pro M5/LEGAL_AUTOMATION/watermelon-vscode/.vscode-test/vscode-darwin-arm64-1.109.5/Visual Studio Code.app/Contents/Resources/app/extensions/ms-vscode.js-debug-companion/resources/logo.png	8.0K	CITATIONS_SOURCES	Possible citation/source registry material
/Users/sethadmin/ZZ_ARCHIVE_HOLD_iCloudDriveArchive_DO_NOT_USE_AS_ACTIVE_ROOT_20260524/Documents/Documents - SFMacBook Pro M5/LEGAL_AUTOMATION/watermelon-vscode/.vscode-test/vscode-darwin-arm64-1.109.5/Visual Studio Code.app/Contents/Resources/app/extensions/ms-vscode.js-debug-companion/README.md	4.0K	CITATIONS_SOURCES	Possible citation/source registry material
/Users/sethadmin/ZZ_ARCHIVE_HOLD_iCloudDriveArchive_DO_NOT_USE_AS_ACTIVE_ROOT_20260524/Documents/Documents - SFMacBook Pro M5/LEGAL_AUTOMATION/watermelon-vscode/.vscode-test/vscode-darwin-arm64-1.109.5/Visual Studio Code.app/Contents/Resources/app/extensions/ms-vscode.js-debug-companion/package.json	4.0K	CITATIONS_SOURCES	Possible citation/source registry material
/Users/sethadmin/ZZ_ARCHIVE_HOLD_iCloudDriveArchive_DO_NOT_USE_AS_ACTIVE_ROOT_20260524/Documents/Documents - SFMacBook Pro M5/LEGAL_AUTOMATION/watermelon-vscode/.vscode-test/vscode-darwin-arm64-1.109.5/Visual Studio Code.app/Contents/Resources/app/extensions/ms-vscode.js-debug-companion/LICENSE.txt	4.0K	CITATIONS_SOURCES	Possible citation/source registry material
/Users/sethadmin/ZZ_ARCHIVE_HOLD_iCloudDriveArchive_DO_NOT_USE_AS_ACTIVE_ROOT_20260524/Documents/Documents - SFMacBook Pro M5/LEGAL_AUTOMATION/watermelon-vscode/.vscode-test/vscode-darwin-arm64-1.109.5/Visual Studio Code.app/Contents/Resources/app/extensions/ms-vscode.js-debug-companion/ci.yml	4.0K	CITATIONS_SOURCES	Possible citation/source registry material
/Users/sethadmin/ZZ_ARCHIVE_HOLD_iCloudDriveArchive_DO_NOT_USE_AS_ACTIVE_ROOT_20260524/Documents/Documents - SFMacBook Pro M5/LEGAL_AUTOMATION/watermelon-vscode/.vscode-test/vscode-darwin-arm64-1.109.5/Visual Studio Code.app/Contents/Resources/app/extensions/ms-vscode.js-debug-companion/eslint.config.mjs	4.0K	CITATIONS_SOURCES	Possible citation/source registry material
/Users/sethadmin/ZZ_ARCHIVE_HOLD_iCloudDriveArchive_DO_NOT_USE_AS_ACTIVE_ROOT_20260524/Documents/Documents - SFMacBook Pro M5/LEGAL_AUTOMATION/watermelon-vscode/.vscode-test/vscode-darwin-arm64-1.109.5/Visual Studio Code.app/Contents/Resources/app/extensions/ms-vscode.js-debug-companion/SECURITY.md	4.0K	CITATIONS_SOURCES	Possible citation/source registry material
/Users/sethadmin/ZZ_ARCHIVE_HOLD_iCloudDriveArchive_DO_NOT_USE_AS_ACTIVE_ROOT_20260524/Documents/Documents - SFMacBook Pro M5/LEGAL_AUTOMATION/watermelon-vscode/.vscode-test/vscode-darwin-arm64-1.109.5/Visual Studio Code.app/Contents/Resources/app/extensions/theme-seti/ThirdPartyNotices.txt	4.0K	CITATIONS_SOURCES	Possible citation/source registry material
/Users/sethadmin/ZZ_ARCHIVE_HOLD_iCloudDriveArchive_DO_NOT_USE_AS_ACTIVE_ROOT_20260524/Documents/Documents - SFMacBook Pro M5/LEGAL_AUTOMATION/watermelon-vscode/.vscode-test/vscode-darwin-arm64-1.109.5/Visual Studio Code.app/Contents/Resources/app/extensions/theme-seti/README.md	4.0K	CITATIONS_SOURCES	Possible citation/source registry material
/Users/sethadmin/ZZ_ARCHIVE_HOLD_iCloudDriveArchive_DO_NOT_USE_AS_ACTIVE_ROOT_20260524/Documents/Documents - SFMacBook Pro M5/LEGAL_AUTOMATION/watermelon-vscode/.vscode-test/vscode-darwin-arm64-1.109.5/Visual Studio Code.app/Contents/Resources/app/extensions/theme-seti/package.json	4.0K	CITATIONS_SOURCES	Possible citation/source registry material
/Users/sethadmin/ZZ_ARCHIVE_HOLD_iCloudDriveArchive_DO_NOT_USE_AS_ACTIVE_ROOT_20260524/Documents/Documents - SFMacBook Pro M5/LEGAL_AUTOMATION/watermelon-vscode/.vscode-test/vscode-darwin-arm64-1.109.5/Visual Studio Code.app/Contents/Resources/app/extensions/theme-seti/icons/seti.woff	40K	CITATIONS_SOURCES	Possible citation/source registry material
/Users/sethadmin/ZZ_ARCHIVE_HOLD_iCloudDriveArchive_DO_NOT_USE_AS_ACTIVE_ROOT_20260524/Documents/Documents - SFMacBook Pro M5/LEGAL_AUTOMATION/watermelon-vscode/.vscode-test/vscode-darwin-arm64-1.109.5/Visual Studio Code.app/Contents/Resources/app/extensions/theme-seti/icons/vs-seti-icon-theme.json	44K	CITATIONS_SOURCES	Possible citation/source registry material
/Users/sethadmin/ZZ_ARCHIVE_HOLD_iCloudDriveArchive_DO_NOT_USE_AS_ACTIVE_ROOT_20260524/Documents/Documents - SFMacBook Pro M5/LEGAL_AUTOMATION/watermelon-vscode/.vscode-test/vscode-darwin-arm64-1.109.5/Visual Studio Code.app/Contents/Resources/app/extensions/theme-seti/icons/seti-circular-128x128.png	8.0K	CITATIONS_SOURCES	Possible citation/source registry material
/Users/sethadmin/ZZ_ARCHIVE_HOLD_iCloudDriveArchive_DO_NOT_USE_AS_ACTIVE_ROOT_20260524/Documents/Documents - SFMacBook Pro M5/LEGAL_AUTOMATION/watermelon-vscode/.vscode-test/vscode-darwin-arm64-1.109.5/Visual Studio Code.app/Contents/Resources/app/extensions/theme-seti/package.nls.json	4.0K	CITATIONS_SOURCES	Possible citation/source registry material
/Users/sethadmin/ZZ_ARCHIVE_HOLD_iCloudDriveArchive_DO_NOT_USE_AS_ACTIVE_ROOT_20260524/Documents/Documents - SFMacBook Pro M5/LEGAL_AUTOMATION/watermelon-vscode/.vscode-test/vscode-darwin-arm64-1.109.5/Visual Studio Code.app/Contents/Resources/app/extensions/html-language-features/server/dist/node/573.htmlServerMain.js	48K	CITATIONS_SOURCES	Possible citation/source registry material
/Users/sethadmin/ZZ_ARCHIVE_HOLD_iCloudDriveArchive_DO_NOT_USE_AS_ACTIVE_ROOT_20260524/Documents/Documents - SFMacBook Pro M5/LEGAL_AUTOMATION/watermelon-vscode/.vscode-test/vscode-darwin-arm64-1.109.5/Visual Studio Code.app/Contents/Resources/app/extensions/html-language-features/server/dist/node/490.htmlServerMain.js	4.0K	CITATIONS_SOURCES	Possible citation/source registry material
/Users/sethadmin/ZZ_ARCHIVE_HOLD_iCloudDriveArchive_DO_NOT_USE_AS_ACTIVE_ROOT_20260524/Documents/Documents - SFMacBook Pro M5/LEGAL_AUTOMATION/watermelon-vscode/.vscode-test/vscode-darwin-arm64-1.109.5/Visual Studio Code.app/Contents/Resources/app/extensions/html-language-features/server/dist/node/769.htmlServerMain.js	1.5M	CITATIONS_SOURCES	Possible citation/source registry material
/Users/sethadmin/ZZ_ARCHIVE_HOLD_iCloudDriveArchive_DO_NOT_USE_AS_ACTIVE_ROOT_20260524/Documents/Documents - SFMacBook Pro M5/LEGAL_AUTOMATION/watermelon-vscode/.vscode-test/vscode-darwin-arm64-1.109.5/Visual Studio Code.app/Contents/Resources/app/extensions/html-language-features/server/dist/node/htmlServerMain.js	8.0K	CITATIONS_SOURCES	Possible citation/source registry material
/Users/sethadmin/ZZ_ARCHIVE_HOLD_iCloudDriveArchive_DO_NOT_USE_AS_ACTIVE_ROOT_20260524/Documents/Documents - SFMacBook Pro M5/LEGAL_AUTOMATION/watermelon-vscode/.vscode-test/vscode-darwin-arm64-1.109.5/Visual Studio Code.app/Contents/Resources/app/extensions/html-language-features/server/.npmrc	4.0K	CITATIONS_SOURCES	Possible citation/source registry material
/Users/sethadmin/ZZ_ARCHIVE_HOLD_iCloudDriveArchive_DO_NOT_USE_AS_ACTIVE_ROOT_20260524/Documents/Documents - SFMacBook Pro M5/LEGAL_AUTOMATION/watermelon-vscode/.vscode-test/vscode-darwin-arm64-1.109.5/Visual Studio Code.app/Contents/Resources/app/extensions/html-language-features/server/package.json	4.0K	CITATIONS_SOURCES	Possible citation/source registry material
/Users/sethadmin/ZZ_ARCHIVE_HOLD_iCloudDriveArchive_DO_NOT_USE_AS_ACTIVE_ROOT_20260524/Documents/Documents - SFMacBook Pro M5/LEGAL_AUTOMATION/watermelon-vscode/.vscode-test/vscode-darwin-arm64-1.109.5/Visual Studio Code.app/Contents/Resources/app/extensions/html-language-features/server/lib/jquery.d.ts	152K	CITATIONS_SOURCES	Possible citation/source registry material
/Users/sethadmin/ZZ_ARCHIVE_HOLD_iCloudDriveArchive_DO_NOT_USE_AS_ACTIVE_ROOT_20260524/Documents/Documents - SFMacBook Pro M5/LEGAL_AUTOMATION/watermelon-vscode/.vscode-test/vscode-darwin-arm64-1.109.5/Visual Studio Code.app/Contents/Resources/app/extensions/html-language-features/schemas/package.schema.json	4.0K	CITATIONS_SOURCES	Possible citation/source registry material
/Users/sethadmin/ZZ_ARCHIVE_HOLD_iCloudDriveArchive_DO_NOT_USE_AS_ACTIVE_ROOT_20260524/Documents/Documents - SFMacBook Pro M5/LEGAL_AUTOMATION/watermelon-vscode/.vscode-test/vscode-darwin-arm64-1.109.5/Visual Studio Code.app/Contents/Resources/app/extensions/html-language-features/README.md	4.0K	CITATIONS_SOURCES	Possible citation/source registry material
/Users/sethadmin/ZZ_ARCHIVE_HOLD_iCloudDriveArchive_DO_NOT_USE_AS_ACTIVE_ROOT_20260524/Documents/Documents - SFMacBook Pro M5/LEGAL_AUTOMATION/watermelon-vscode/.vscode-test/vscode-darwin-arm64-1.109.5/Visual Studio Code.app/Contents/Resources/app/extensions/html-language-features/package.json	8.0K	CITATIONS_SOURCES	Possible citation/source registry material
/Users/sethadmin/ZZ_ARCHIVE_HOLD_iCloudDriveArchive_DO_NOT_USE_AS_ACTIVE_ROOT_20260524/Documents/Documents - SFMacBook Pro M5/LEGAL_AUTOMATION/watermelon-vscode/.vscode-test/vscode-darwin-arm64-1.109.5/Visual Studio Code.app/Contents/Resources/app/extensions/html-language-features/icons/html.png	4.0K	CITATIONS_SOURCES	Possible citation/source registry material
/Users/sethadmin/ZZ_ARCHIVE_HOLD_iCloudDriveArchive_DO_NOT_USE_AS_ACTIVE_ROOT_20260524/Documents/Documents - SFMacBook Pro M5/LEGAL_AUTOMATION/watermelon-vscode/.vscode-test/vscode-darwin-arm64-1.109.5/Visual Studio Code.app/Contents/Resources/app/extensions/html-language-features/client/dist/node/htmlClientMain.js.LICENSE.txt	4.0K	CITATIONS_SOURCES	Possible citation/source registry material
/Users/sethadmin/ZZ_ARCHIVE_HOLD_iCloudDriveArchive_DO_NOT_USE_AS_ACTIVE_ROOT_20260524/Documents/Documents - SFMacBook Pro M5/LEGAL_AUTOMATION/watermelon-vscode/.vscode-test/vscode-darwin-arm64-1.109.5/Visual Studio Code.app/Contents/Resources/app/extensions/html-language-features/client/dist/node/htmlClientMain.js	608K	CITATIONS_SOURCES	Possible citation/source registry material
/Users/sethadmin/ZZ_ARCHIVE_HOLD_iCloudDriveArchive_DO_NOT_USE_AS_ACTIVE_ROOT_20260524/Documents/Documents - SFMacBook Pro M5/LEGAL_AUTOMATION/watermelon-vscode/.vscode-test/vscode-darwin-arm64-1.109.5/Visual Studio Code.app/Contents/Resources/app/extensions/html-language-features/package.nls.json	8.0K	CITATIONS_SOURCES	Possible citation/source registry material
/Users/sethadmin/ZZ_ARCHIVE_HOLD_iCloudDriveArchive_DO_NOT_USE_AS_ACTIVE_ROOT_20260524/Documents/Documents - SFMacBook Pro M5/LEGAL_AUTOMATION/watermelon-vscode/.vscode-test/vscode-darwin-arm64-1.109.5/Visual Studio Code.app/Contents/Resources/app/extensions/docker/package.json	4.0K	CITATIONS_SOURCES	Possible citation/source registry material
/Users/sethadmin/ZZ_ARCHIVE_HOLD_iCloudDriveArchive_DO_NOT_USE_AS_ACTIVE_ROOT_20260524/Documents/Documents - SFMacBook Pro M5/LEGAL_AUTOMATION/watermelon-vscode/.vscode-test/vscode-darwin-arm64-1.109.5/Visual Studio Code.app/Contents/Resources/app/extensions/docker/syntaxes/docker.tmLanguage.json	4.0K	CITATIONS_SOURCES	Possible citation/source registry material
/Users/sethadmin/ZZ_ARCHIVE_HOLD_iCloudDriveArchive_DO_NOT_USE_AS_ACTIVE_ROOT_20260524/Documents/Documents - SFMacBook Pro M5/LEGAL_AUTOMATION/watermelon-vscode/.vscode-test/vscode-darwin-arm64-1.109.5/Visual Studio Code.app/Contents/Resources/app/extensions/docker/language-configuration.json	4.0K	CITATIONS_SOURCES	Possible citation/source registry material
/Users/sethadmin/ZZ_ARCHIVE_HOLD_iCloudDriveArchive_DO_NOT_USE_AS_ACTIVE_ROOT_20260524/Documents/Documents - SFMacBook Pro M5/LEGAL_AUTOMATION/watermelon-vscode/.vscode-test/vscode-darwin-arm64-1.109.5/Visual Studio Code.app/Contents/Resources/app/extensions/docker/package.nls.json	4.0K	CITATIONS_SOURCES	Possible citation/source registry material
/Users/sethadmin/ZZ_ARCHIVE_HOLD_iCloudDriveArchive_DO_NOT_USE_AS_ACTIVE_ROOT_20260524/Documents/Documents - SFMacBook Pro M5/LEGAL_AUTOMATION/watermelon-vscode/.vscode-test/vscode-darwin-arm64-1.109.5/Visual Studio Code.app/Contents/Resources/app/extensions/dotenv/package.json	4.0K	CITATIONS_SOURCES	Possible citation/source registry material
/Users/sethadmin/ZZ_ARCHIVE_HOLD_iCloudDriveArchive_DO_NOT_USE_AS_ACTIVE_ROOT_20260524/Documents/Documents - SFMacBook Pro M5/LEGAL_AUTOMATION/watermelon-vscode/.vscode-test/vscode-darwin-arm64-1.109.5/Visual Studio Code.app/Contents/Resources/app/extensions/dotenv/syntaxes/dotenv.tmLanguage.json	4.0K	CITATIONS_SOURCES	Possible citation/source registry material
/Users/sethadmin/ZZ_ARCHIVE_HOLD_iCloudDriveArchive_DO_NOT_USE_AS_ACTIVE_ROOT_20260524/Documents/Documents - SFMacBook Pro M5/LEGAL_AUTOMATION/watermelon-vscode/.vscode-test/vscode-darwin-arm64-1.109.5/Visual Studio Code.app/Contents/Resources/app/extensions/dotenv/language-configuration.json	4.0K	CITATIONS_SOURCES	Possible citation/source registry material
/Users/sethadmin/ZZ_ARCHIVE_HOLD_iCloudDriveArchive_DO_NOT_USE_AS_ACTIVE_ROOT_20260524/Documents/Documents - SFMacBook Pro M5/LEGAL_AUTOMATION/watermelon-vscode/.vscode-test/vscode-darwin-arm64-1.109.5/Visual Studio Code.app/Contents/Resources/app/extensions/dotenv/package.nls.json	4.0K	CITATIONS_SOURCES	Possible citation/source registry material
/Users/sethadmin/ZZ_ARCHIVE_HOLD_iCloudDriveArchive_DO_NOT_USE_AS_ACTIVE_ROOT_20260524/Documents/Documents - SFMacBook Pro M5/LEGAL_AUTOMATION/watermelon-vscode/.vscode-test/vscode-darwin-arm64-1.109.5/Visual Studio Code.app/Contents/Resources/app/extensions/go/package.json	4.0K	CITATIONS_SOURCES	Possible citation/source registry material
/Users/sethadmin/ZZ_ARCHIVE_HOLD_iCloudDriveArchive_DO_NOT_USE_AS_ACTIVE_ROOT_20260524/Documents/Documents - SFMacBook Pro M5/LEGAL_AUTOMATION/watermelon-vscode/.vscode-test/vscode-darwin-arm64-1.109.5/Visual Studio Code.app/Contents/Resources/app/extensions/go/syntaxes/go.tmLanguage.json	52K	CITATIONS_SOURCES	Possible citation/source registry material
/Users/sethadmin/ZZ_ARCHIVE_HOLD_iCloudDriveArchive_DO_NOT_USE_AS_ACTIVE_ROOT_20260524/Documents/Documents - SFMacBook Pro M5/LEGAL_AUTOMATION/watermelon-vscode/.vscode-test/vscode-darwin-arm64-1.109.5/Visual Studio Code.app/Contents/Resources/app/extensions/go/language-configuration.json	4.0K	CITATIONS_SOURCES	Possible citation/source registry material
/Users/sethadmin/ZZ_ARCHIVE_HOLD_iCloudDriveArchive_DO_NOT_USE_AS_ACTIVE_ROOT_20260524/Documents/Documents - SFMacBook Pro M5/LEGAL_AUTOMATION/watermelon-vscode/.vscode-test/vscode-darwin-arm64-1.109.5/Visual Studio Code.app/Contents/Resources/app/extensions/go/package.nls.json	4.0K	CITATIONS_SOURCES	Possible citation/source registry material
/Users/sethadmin/ZZ_ARCHIVE_HOLD_iCloudDriveArchive_DO_NOT_USE_AS_ACTIVE_ROOT_20260524/Documents/Documents - SFMacBook Pro M5/LEGAL_AUTOMATION/watermelon-vscode/.vscode-test/vscode-darwin-arm64-1.109.5/Visual Studio Code.app/Contents/Resources/app/extensions/theme-2026/package.json	4.0K	CITATIONS_SOURCES	Possible citation/source registry material
/Users/sethadmin/ZZ_ARCHIVE_HOLD_iCloudDriveArchive_DO_NOT_USE_AS_ACTIVE_ROOT_20260524/Documents/Documents - SFMacBook Pro M5/LEGAL_AUTOMATION/watermelon-vscode/.vscode-test/vscode-darwin-arm64-1.109.5/Visual Studio Code.app/Contents/Resources/app/extensions/theme-2026/themes/styles.css	24K	CITATIONS_SOURCES	Possible citation/source registry material
/Users/sethadmin/ZZ_ARCHIVE_HOLD_iCloudDriveArchive_DO_NOT_USE_AS_ACTIVE_ROOT_20260524/Documents/Documents - SFMacBook Pro M5/LEGAL_AUTOMATION/watermelon-vscode/.vscode-test/vscode-darwin-arm64-1.109.5/Visual Studio Code.app/Contents/Resources/app/extensions/theme-2026/themes/2026-dark.json	16K	CITATIONS_SOURCES	Possible citation/source registry material
/Users/sethadmin/ZZ_ARCHIVE_HOLD_iCloudDriveArchive_DO_NOT_USE_AS_ACTIVE_ROOT_20260524/Documents/Documents - SFMacBook Pro M5/LEGAL_AUTOMATION/watermelon-vscode/.vscode-test/vscode-darwin-arm64-1.109.5/Visual Studio Code.app/Contents/Resources/app/extensions/theme-2026/themes/2026-light.json	16K	CITATIONS_SOURCES	Possible citation/source registry material
/Users/sethadmin/ZZ_ARCHIVE_HOLD_iCloudDriveArchive_DO_NOT_USE_AS_ACTIVE_ROOT_20260524/Documents/Documents - SFMacBook Pro M5/LEGAL_AUTOMATION/watermelon-vscode/.vscode-test/vscode-darwin-arm64-1.109.5/Visual Studio Code.app/Contents/Resources/app/extensions/theme-2026/package.nls.json	4.0K	CITATIONS_SOURCES	Possible citation/source registry material
/Users/sethadmin/ZZ_ARCHIVE_HOLD_iCloudDriveArchive_DO_NOT_USE_AS_ACTIVE_ROOT_20260524/Documents/Documents - SFMacBook Pro M5/LEGAL_AUTOMATION/watermelon-vscode/.vscode-test/vscode-darwin-arm64-1.109.5/Visual Studio Code.app/Contents/Resources/app/extensions/simple-browser/dist/extension.js	12K	CITATIONS_SOURCES	Possible citation/source registry material
/Users/sethadmin/ZZ_ARCHIVE_HOLD_iCloudDriveArchive_DO_NOT_USE_AS_ACTIVE_ROOT_20260524/Documents/Documents - SFMacBook Pro M5/LEGAL_AUTOMATION/watermelon-vscode/.vscode-test/vscode-darwin-arm64-1.109.5/Visual Studio Code.app/Contents/Resources/app/extensions/simple-browser/README.md	4.0K	CITATIONS_SOURCES	Possible citation/source registry material
/Users/sethadmin/ZZ_ARCHIVE_HOLD_iCloudDriveArchive_DO_NOT_USE_AS_ACTIVE_ROOT_20260524/Documents/Documents - SFMacBook Pro M5/LEGAL_AUTOMATION/watermelon-vscode/.vscode-test/vscode-darwin-arm64-1.109.5/Visual Studio Code.app/Contents/Resources/app/extensions/simple-browser/package.json	4.0K	CITATIONS_SOURCES	Possible citation/source registry material
/Users/sethadmin/ZZ_ARCHIVE_HOLD_iCloudDriveArchive_DO_NOT_USE_AS_ACTIVE_ROOT_20260524/Documents/Documents - SFMacBook Pro M5/LEGAL_AUTOMATION/watermelon-vscode/.vscode-test/vscode-darwin-arm64-1.109.5/Visual Studio Code.app/Contents/Resources/app/extensions/simple-browser/package.nls.json	4.0K	CITATIONS_SOURCES	Possible citation/source registry material
/Users/sethadmin/ZZ_ARCHIVE_HOLD_iCloudDriveArchive_DO_NOT_USE_AS_ACTIVE_ROOT_20260524/Documents/Documents - SFMacBook Pro M5/LEGAL_AUTOMATION/watermelon-vscode/.vscode-test/vscode-darwin-arm64-1.109.5/Visual Studio Code.app/Contents/Resources/app/extensions/simple-browser/media/preview-light.svg	4.0K	CITATIONS_SOURCES	Possible citation/source registry material
/Users/sethadmin/ZZ_ARCHIVE_HOLD_iCloudDriveArchive_DO_NOT_USE_AS_ACTIVE_ROOT_20260524/Documents/Documents - SFMacBook Pro M5/LEGAL_AUTOMATION/watermelon-vscode/.vscode-test/vscode-darwin-arm64-1.109.5/Visual Studio Code.app/Contents/Resources/app/extensions/simple-browser/media/icon.png	4.0K	CITATIONS_SOURCES	Possible citation/source registry material
/Users/sethadmin/ZZ_ARCHIVE_HOLD_iCloudDriveArchive_DO_NOT_USE_AS_ACTIVE_ROOT_20260524/Documents/Documents - SFMacBook Pro M5/LEGAL_AUTOMATION/watermelon-vscode/.vscode-test/vscode-darwin-arm64-1.109.5/Visual Studio Code.app/Contents/Resources/app/extensions/simple-browser/media/preview-dark.svg	4.0K	CITATIONS_SOURCES	Possible citation/source registry material
/Users/sethadmin/ZZ_ARCHIVE_HOLD_iCloudDriveArchive_DO_NOT_USE_AS_ACTIVE_ROOT_20260524/Documents/Documents - SFMacBook Pro M5/LEGAL_AUTOMATION/watermelon-vscode/.vscode-test/vscode-darwin-arm64-1.109.5/Visual Studio Code.app/Contents/Resources/app/extensions/simple-browser/media/index.js	4.0K	CITATIONS_SOURCES	Possible citation/source registry material
/Users/sethadmin/ZZ_ARCHIVE_HOLD_iCloudDriveArchive_DO_NOT_USE_AS_ACTIVE_ROOT_20260524/Documents/Documents - SFMacBook Pro M5/LEGAL_AUTOMATION/watermelon-vscode/.vscode-test/vscode-darwin-arm64-1.109.5/Visual Studio Code.app/Contents/Resources/app/extensions/simple-browser/media/codicon.css	132K	CITATIONS_SOURCES	Possible citation/source registry material
/Users/sethadmin/ZZ_ARCHIVE_HOLD_iCloudDriveArchive_DO_NOT_USE_AS_ACTIVE_ROOT_20260524/Documents/Documents - SFMacBook Pro M5/LEGAL_AUTOMATION/watermelon-vscode/.vscode-test/vscode-darwin-arm64-1.109.5/Visual Studio Code.app/Contents/Resources/app/extensions/simple-browser/media/main.css	4.0K	CITATIONS_SOURCES	Possible citation/source registry material
/Users/sethadmin/ZZ_ARCHIVE_HOLD_iCloudDriveArchive_DO_NOT_USE_AS_ACTIVE_ROOT_20260524/Documents/Documents - SFMacBook Pro M5/LEGAL_AUTOMATION/watermelon-vscode/.vscode-test/vscode-darwin-arm64-1.109.5/Visual Studio Code.app/Contents/Resources/app/extensions/theme-monokai/package.json	4.0K	CITATIONS_SOURCES	Possible citation/source registry material
/Users/sethadmin/ZZ_ARCHIVE_HOLD_iCloudDriveArchive_DO_NOT_USE_AS_ACTIVE_ROOT_20260524/Documents/Documents - SFMacBook Pro M5/LEGAL_AUTOMATION/watermelon-vscode/.vscode-test/vscode-darwin-arm64-1.109.5/Visual Studio Code.app/Contents/Resources/app/extensions/theme-monokai/themes/monokai-color-theme.json	12K	CITATIONS_SOURCES	Possible citation/source registry material
/Users/sethadmin/ZZ_ARCHIVE_HOLD_iCloudDriveArchive_DO_NOT_USE_AS_ACTIVE_ROOT_20260524/Documents/Documents - SFMacBook Pro M5/LEGAL_AUTOMATION/watermelon-vscode/.vscode-test/vscode-darwin-arm64-1.109.5/Visual Studio Code.app/Contents/Resources/app/extensions/theme-monokai/package.nls.json	4.0K	CITATIONS_SOURCES	Possible citation/source registry material
/Users/sethadmin/ZZ_ARCHIVE_HOLD_iCloudDriveArchive_DO_NOT_USE_AS_ACTIVE_ROOT_20260524/Documents/Documents - SFMacBook Pro M5/LEGAL_AUTOMATION/watermelon-vscode/.vscode-test/vscode-darwin-arm64-1.109.5/Visual Studio Code.app/Contents/Resources/app/extensions/json-language-features/server/dist/node/jsonServerMain.js	8.0K	CITATIONS_SOURCES	Possible citation/source registry material
/Users/sethadmin/ZZ_ARCHIVE_HOLD_iCloudDriveArchive_DO_NOT_USE_AS_ACTIVE_ROOT_20260524/Documents/Documents - SFMacBook Pro M5/LEGAL_AUTOMATION/watermelon-vscode/.vscode-test/vscode-darwin-arm64-1.109.5/Visual Studio Code.app/Contents/Resources/app/extensions/json-language-features/server/dist/node/962.jsonServerMain.js	340K	CITATIONS_SOURCES	Possible citation/source registry material
/Users/sethadmin/ZZ_ARCHIVE_HOLD_iCloudDriveArchive_DO_NOT_USE_AS_ACTIVE_ROOT_20260524/Documents/Documents - SFMacBook Pro M5/LEGAL_AUTOMATION/watermelon-vscode/.vscode-test/vscode-darwin-arm64-1.109.5/Visual Studio Code.app/Contents/Resources/app/extensions/json-language-features/server/dist/node/990.jsonServerMain.js	16K	CITATIONS_SOURCES	Possible citation/source registry material
/Users/sethadmin/ZZ_ARCHIVE_HOLD_iCloudDriveArchive_DO_NOT_USE_AS_ACTIVE_ROOT_20260524/Documents/Documents - SFMacBook Pro M5/LEGAL_AUTOMATION/watermelon-vscode/.vscode-test/vscode-darwin-arm64-1.109.5/Visual Studio Code.app/Contents/Resources/app/extensions/json-language-features/server/.npmrc	4.0K	CITATIONS_SOURCES	Possible citation/source registry material
/Users/sethadmin/ZZ_ARCHIVE_HOLD_iCloudDriveArchive_DO_NOT_USE_AS_ACTIVE_ROOT_20260524/Documents/Documents - SFMacBook Pro M5/LEGAL_AUTOMATION/watermelon-vscode/.vscode-test/vscode-darwin-arm64-1.109.5/Visual Studio Code.app/Contents/Resources/app/extensions/json-language-features/server/package.json	4.0K	CITATIONS_SOURCES	Possible citation/source registry material
/Users/sethadmin/ZZ_ARCHIVE_HOLD_iCloudDriveArchive_DO_NOT_USE_AS_ACTIVE_ROOT_20260524/Documents/Documents - SFMacBook Pro M5/LEGAL_AUTOMATION/watermelon-vscode/.vscode-test/vscode-darwin-arm64-1.109.5/Visual Studio Code.app/Contents/Resources/app/extensions/json-language-features/README.md	4.0K	CITATIONS_SOURCES	Possible citation/source registry material
/Users/sethadmin/ZZ_ARCHIVE_HOLD_iCloudDriveArchive_DO_NOT_USE_AS_ACTIVE_ROOT_20260524/Documents/Documents - SFMacBook Pro M5/LEGAL_AUTOMATION/watermelon-vscode/.vscode-test/vscode-darwin-arm64-1.109.5/Visual Studio Code.app/Contents/Resources/app/extensions/json-language-features/package.json	4.0K	CITATIONS_SOURCES	Possible citation/source registry material
/Users/sethadmin/ZZ_ARCHIVE_HOLD_iCloudDriveArchive_DO_NOT_USE_AS_ACTIVE_ROOT_20260524/Documents/Documents - SFMacBook Pro M5/LEGAL_AUTOMATION/watermelon-vscode/.vscode-test/vscode-darwin-arm64-1.109.5/Visual Studio Code.app/Contents/Resources/app/extensions/json-language-features/icons/json.png	8.0K	CITATIONS_SOURCES	Possible citation/source registry material
/Users/sethadmin/ZZ_ARCHIVE_HOLD_iCloudDriveArchive_DO_NOT_USE_AS_ACTIVE_ROOT_20260524/Documents/Documents - SFMacBook Pro M5/LEGAL_AUTOMATION/watermelon-vscode/.vscode-test/vscode-darwin-arm64-1.109.5/Visual Studio Code.app/Contents/Resources/app/extensions/json-language-features/client/dist/node/jsonClientMain.js.LICENSE.txt	4.0K	CITATIONS_SOURCES	Possible citation/source registry material
/Users/sethadmin/ZZ_ARCHIVE_HOLD_iCloudDriveArchive_DO_NOT_USE_AS_ACTIVE_ROOT_20260524/Documents/Documents - SFMacBook Pro M5/LEGAL_AUTOMATION/watermelon-vscode/.vscode-test/vscode-darwin-arm64-1.109.5/Visual Studio Code.app/Contents/Resources/app/extensions/json-language-features/client/dist/node/jsonClientMain.js	632K	CITATIONS_SOURCES	Possible citation/source registry material
/Users/sethadmin/ZZ_ARCHIVE_HOLD_iCloudDriveArchive_DO_NOT_USE_AS_ACTIVE_ROOT_20260524/Documents/Documents - SFMacBook Pro M5/LEGAL_AUTOMATION/watermelon-vscode/.vscode-test/vscode-darwin-arm64-1.109.5/Visual Studio Code.app/Contents/Resources/app/extensions/json-language-features/package.nls.json	4.0K	CITATIONS_SOURCES	Possible citation/source registry material
/Users/sethadmin/ZZ_ARCHIVE_HOLD_iCloudDriveArchive_DO_NOT_USE_AS_ACTIVE_ROOT_20260524/Documents/Documents - SFMacBook Pro M5/LEGAL_AUTOMATION/watermelon-vscode/.vscode-test/vscode-darwin-arm64-1.109.5/Visual Studio Code.app/Contents/Resources/app/extensions/references-view/dist/extension.js	40K	CITATIONS_SOURCES	Possible citation/source registry material
/Users/sethadmin/ZZ_ARCHIVE_HOLD_iCloudDriveArchive_DO_NOT_USE_AS_ACTIVE_ROOT_20260524/Documents/Documents - SFMacBook Pro M5/LEGAL_AUTOMATION/watermelon-vscode/.vscode-test/vscode-darwin-arm64-1.109.5/Visual Studio Code.app/Contents/Resources/app/extensions/references-view/README.md	4.0K	CITATIONS_SOURCES	Possible citation/source registry material
/Users/sethadmin/ZZ_ARCHIVE_HOLD_iCloudDriveArchive_DO_NOT_USE_AS_ACTIVE_ROOT_20260524/Documents/Documents - SFMacBook Pro M5/LEGAL_AUTOMATION/watermelon-vscode/.vscode-test/vscode-darwin-arm64-1.109.5/Visual Studio Code.app/Contents/Resources/app/extensions/references-view/package.json	12K	CITATIONS_SOURCES	Possible citation/source registry material
/Users/sethadmin/ZZ_ARCHIVE_HOLD_iCloudDriveArchive_DO_NOT_USE_AS_ACTIVE_ROOT_20260524/Documents/Documents - SFMacBook Pro M5/LEGAL_AUTOMATION/watermelon-vscode/.vscode-test/vscode-darwin-arm64-1.109.5/Visual Studio Code.app/Contents/Resources/app/extensions/references-view/package.nls.json	4.0K	CITATIONS_SOURCES	Possible citation/source registry material
/Users/sethadmin/ZZ_ARCHIVE_HOLD_iCloudDriveArchive_DO_NOT_USE_AS_ACTIVE_ROOT_20260524/Documents/Documents - SFMacBook Pro M5/LEGAL_AUTOMATION/watermelon-vscode/.vscode-test/vscode-darwin-arm64-1.109.5/Visual Studio Code.app/Contents/Resources/app/extensions/references-view/media/icon.png	8.0K	CITATIONS_SOURCES	Possible citation/source registry material
/Users/sethadmin/ZZ_ARCHIVE_HOLD_iCloudDriveArchive_DO_NOT_USE_AS_ACTIVE_ROOT_20260524/Documents/Documents - SFMacBook Pro M5/LEGAL_AUTOMATION/watermelon-vscode/.vscode-test/vscode-darwin-arm64-1.109.5/Visual Studio Code.app/Contents/Resources/app/extensions/references-view/media/demo.png	404K	CITATIONS_SOURCES	Possible citation/source registry material
/Users/sethadmin/ZZ_ARCHIVE_HOLD_iCloudDriveArchive_DO_NOT_USE_AS_ACTIVE_ROOT_20260524/Documents/Documents - SFMacBook Pro M5/LEGAL_AUTOMATION/watermelon-vscode/.vscode-test/vscode-darwin-arm64-1.109.5/Visual Studio Code.app/Contents/Resources/app/extensions/gulp/dist/main.js	8.0K	CITATIONS_SOURCES	Possible citation/source registry material
/Users/sethadmin/ZZ_ARCHIVE_HOLD_iCloudDriveArchive_DO_NOT_USE_AS_ACTIVE_ROOT_20260524/Documents/Documents - SFMacBook Pro M5/LEGAL_AUTOMATION/watermelon-vscode/.vscode-test/vscode-darwin-arm64-1.109.5/Visual Studio Code.app/Contents/Resources/app/extensions/gulp/images/gulp.png	8.0K	CITATIONS_SOURCES	Possible citation/source registry material
/Users/sethadmin/ZZ_ARCHIVE_HOLD_iCloudDriveArchive_DO_NOT_USE_AS_ACTIVE_ROOT_20260524/Documents/Documents - SFMacBook Pro M5/LEGAL_AUTOMATION/watermelon-vscode/.vscode-test/vscode-darwin-arm64-1.109.5/Visual Studio Code.app/Contents/Resources/app/extensions/gulp/README.md	4.0K	CITATIONS_SOURCES	Possible citation/source registry material
/Users/sethadmin/ZZ_ARCHIVE_HOLD_iCloudDriveArchive_DO_NOT_USE_AS_ACTIVE_ROOT_20260524/Documents/Documents - SFMacBook Pro M5/LEGAL_AUTOMATION/watermelon-vscode/.vscode-test/vscode-darwin-arm64-1.109.5/Visual Studio Code.app/Contents/Resources/app/extensions/gulp/package.json	4.0K	CITATIONS_SOURCES	Possible citation/source registry material
/Users/sethadmin/ZZ_ARCHIVE_HOLD_iCloudDriveArchive_DO_NOT_USE_AS_ACTIVE_ROOT_20260524/Documents/Documents - SFMacBook Pro M5/LEGAL_AUTOMATION/watermelon-vscode/.vscode-test/vscode-darwin-arm64-1.109.5/Visual Studio Code.app/Contents/Resources/app/extensions/gulp/package.nls.json	4.0K	CITATIONS_SOURCES	Possible citation/source registry material
/Users/sethadmin/ZZ_ARCHIVE_HOLD_iCloudDriveArchive_DO_NOT_USE_AS_ACTIVE_ROOT_20260524/Documents/Documents - SFMacBook Pro M5/LEGAL_AUTOMATION/watermelon-vscode/.vscode-test/vscode-darwin-arm64-1.109.5/Visual Studio Code.app/Contents/Resources/app/extensions/configuration-editing/dist/configurationEditingMain.js	140K	CITATIONS_SOURCES	Possible citation/source registry material
/Users/sethadmin/ZZ_ARCHIVE_HOLD_iCloudDriveArchive_DO_NOT_USE_AS_ACTIVE_ROOT_20260524/Documents/Documents - SFMacBook Pro M5/LEGAL_AUTOMATION/watermelon-vscode/.vscode-test/vscode-darwin-arm64-1.109.5/Visual Studio Code.app/Contents/Resources/app/extensions/configuration-editing/images/icon.png	4.0K	CITATIONS_SOURCES	Possible citation/source registry material
/Users/sethadmin/ZZ_ARCHIVE_HOLD_iCloudDriveArchive_DO_NOT_USE_AS_ACTIVE_ROOT_20260524/Documents/Documents - SFMacBook Pro M5/LEGAL_AUTOMATION/watermelon-vscode/.vscode-test/vscode-darwin-arm64-1.109.5/Visual Studio Code.app/Contents/Resources/app/extensions/configuration-editing/schemas/attachContainer.schema.json	8.0K	CITATIONS_SOURCES	Possible citation/source registry material
/Users/sethadmin/ZZ_ARCHIVE_HOLD_iCloudDriveArchive_DO_NOT_USE_AS_ACTIVE_ROOT_20260524/Documents/Documents - SFMacBook Pro M5/LEGAL_AUTOMATION/watermelon-vscode/.vscode-test/vscode-darwin-arm64-1.109.5/Visual Studio Code.app/Contents/Resources/app/extensions/configuration-editing/package.json	4.0K	CITATIONS_SOURCES	Possible citation/source registry material
/Users/sethadmin/ZZ_ARCHIVE_HOLD_iCloudDriveArchive_DO_NOT_USE_AS_ACTIVE_ROOT_20260524/Documents/Documents - SFMacBook Pro M5/LEGAL_AUTOMATION/watermelon-vscode/.vscode-test/vscode-darwin-arm64-1.109.5/Visual Studio Code.app/Contents/Resources/app/extensions/configuration-editing/package.nls.json	4.0K	CITATIONS_SOURCES	Possible citation/source registry material
/Users/sethadmin/ZZ_ARCHIVE_HOLD_iCloudDriveArchive_DO_NOT_USE_AS_ACTIVE_ROOT_20260524/Documents/Documents - SFMacBook Pro M5/LEGAL_AUTOMATION/watermelon-vscode/.vscode-test/vscode-darwin-arm64-1.109.5/Visual Studio Code.app/Contents/Resources/app/extensions/python/package.json	4.0K	CITATIONS_SOURCES	Possible citation/source registry material
/Users/sethadmin/ZZ_ARCHIVE_HOLD_iCloudDriveArchive_DO_NOT_USE_AS_ACTIVE_ROOT_20260524/Documents/Documents - SFMacBook Pro M5/LEGAL_AUTOMATION/watermelon-vscode/.vscode-test/vscode-darwin-arm64-1.109.5/Visual Studio Code.app/Contents/Resources/app/extensions/python/syntaxes/MagicRegExp.tmLanguage.json	12K	CITATIONS_SOURCES	Possible citation/source registry material
/Users/sethadmin/ZZ_ARCHIVE_HOLD_iCloudDriveArchive_DO_NOT_USE_AS_ACTIVE_ROOT_20260524/Documents/Documents - SFMacBook Pro M5/LEGAL_AUTOMATION/watermelon-vscode/.vscode-test/vscode-darwin-arm64-1.109.5/Visual Studio Code.app/Contents/Resources/app/extensions/python/syntaxes/MagicPython.tmLanguage.json	80K	CITATIONS_SOURCES	Possible citation/source registry material
/Users/sethadmin/ZZ_ARCHIVE_HOLD_iCloudDriveArchive_DO_NOT_USE_AS_ACTIVE_ROOT_20260524/Documents/Documents - SFMacBook Pro M5/LEGAL_AUTOMATION/watermelon-vscode/.vscode-test/vscode-darwin-arm64-1.109.5/Visual Studio Code.app/Contents/Resources/app/extensions/python/language-configuration.json	4.0K	CITATIONS_SOURCES	Possible citation/source registry material
/Users/sethadmin/ZZ_ARCHIVE_HOLD_iCloudDriveArchive_DO_NOT_USE_AS_ACTIVE_ROOT_20260524/Documents/Documents - SFMacBook Pro M5/LEGAL_AUTOMATION/watermelon-vscode/.vscode-test/vscode-darwin-arm64-1.109.5/Visual Studio Code.app/Contents/Resources/app/extensions/python/package.nls.json	4.0K	CITATIONS_SOURCES	Possible citation/source registry material
/Users/sethadmin/ZZ_ARCHIVE_HOLD_iCloudDriveArchive_DO_NOT_USE_AS_ACTIVE_ROOT_20260524/Documents/Documents - SFMacBook Pro M5/LEGAL_AUTOMATION/watermelon-vscode/.vscode-test/vscode-darwin-arm64-1.109.5/Visual Studio Code.app/Contents/Resources/app/extensions/css/package.json	4.0K	CITATIONS_SOURCES	Possible citation/source registry material
/Users/sethadmin/ZZ_ARCHIVE_HOLD_iCloudDriveArchive_DO_NOT_USE_AS_ACTIVE_ROOT_20260524/Documents/Documents - SFMacBook Pro M5/LEGAL_AUTOMATION/watermelon-vscode/.vscode-test/vscode-darwin-arm64-1.109.5/Visual Studio Code.app/Contents/Resources/app/extensions/css/syntaxes/css.tmLanguage.json	56K	CITATIONS_SOURCES	Possible citation/source registry material
/Users/sethadmin/ZZ_ARCHIVE_HOLD_iCloudDriveArchive_DO_NOT_USE_AS_ACTIVE_ROOT_20260524/Documents/Documents - SFMacBook Pro M5/LEGAL_AUTOMATION/watermelon-vscode/.vscode-test/vscode-darwin-arm64-1.109.5/Visual Studio Code.app/Contents/Resources/app/extensions/css/language-configuration.json	4.0K	CITATIONS_SOURCES	Possible citation/source registry material
/Users/sethadmin/ZZ_ARCHIVE_HOLD_iCloudDriveArchive_DO_NOT_USE_AS_ACTIVE_ROOT_20260524/Documents/Documents - SFMacBook Pro M5/LEGAL_AUTOMATION/watermelon-vscode/.vscode-test/vscode-darwin-arm64-1.109.5/Visual Studio Code.app/Contents/Resources/app/extensions/css/package.nls.json	4.0K	CITATIONS_SOURCES	Possible citation/source registry material
/Users/sethadmin/ZZ_ARCHIVE_HOLD_iCloudDriveArchive_DO_NOT_USE_AS_ACTIVE_ROOT_20260524/Documents/Documents - SFMacBook Pro M5/LEGAL_AUTOMATION/watermelon-vscode/.vscode-test/vscode-darwin-arm64-1.109.5/Visual Studio Code.app/Contents/Resources/app/extensions/clojure/package.json	4.0K	CITATIONS_SOURCES	Possible citation/source registry material
/Users/sethadmin/ZZ_ARCHIVE_HOLD_iCloudDriveArchive_DO_NOT_USE_AS_ACTIVE_ROOT_20260524/Documents/Documents - SFMacBook Pro M5/LEGAL_AUTOMATION/watermelon-vscode/.vscode-test/vscode-darwin-arm64-1.109.5/Visual Studio Code.app/Contents/Resources/app/extensions/clojure/syntaxes/clojure.tmLanguage.json	8.0K	CITATIONS_SOURCES	Possible citation/source registry material
/Users/sethadmin/ZZ_ARCHIVE_HOLD_iCloudDriveArchive_DO_NOT_USE_AS_ACTIVE_ROOT_20260524/Documents/Documents - SFMacBook Pro M5/LEGAL_AUTOMATION/watermelon-vscode/.vscode-test/vscode-darwin-arm64-1.109.5/Visual Studio Code.app/Contents/Resources/app/extensions/clojure/language-configuration.json	4.0K	CITATIONS_SOURCES	Possible citation/source registry material
/Users/sethadmin/ZZ_ARCHIVE_HOLD_iCloudDriveArchive_DO_NOT_USE_AS_ACTIVE_ROOT_20260524/Documents/Documents - SFMacBook Pro M5/LEGAL_AUTOMATION/watermelon-vscode/.vscode-test/vscode-darwin-arm64-1.109.5/Visual Studio Code.app/Contents/Resources/app/extensions/clojure/package.nls.json	4.0K	CITATIONS_SOURCES	Possible citation/source registry material
/Users/sethadmin/ZZ_ARCHIVE_HOLD_iCloudDriveArchive_DO_NOT_USE_AS_ACTIVE_ROOT_20260524/Documents/Documents - SFMacBook Pro M5/LEGAL_AUTOMATION/watermelon-vscode/.vscode-test/vscode-darwin-arm64-1.109.5/Visual Studio Code.app/Contents/Resources/app/extensions/less/package.json	4.0K	CITATIONS_SOURCES	Possible citation/source registry material
/Users/sethadmin/ZZ_ARCHIVE_HOLD_iCloudDriveArchive_DO_NOT_USE_AS_ACTIVE_ROOT_20260524/Documents/Documents - SFMacBook Pro M5/LEGAL_AUTOMATION/watermelon-vscode/.vscode-test/vscode-darwin-arm64-1.109.5/Visual Studio Code.app/Contents/Resources/app/extensions/less/syntaxes/less.tmLanguage.json	100K	CITATIONS_SOURCES	Possible citation/source registry material
/Users/sethadmin/ZZ_ARCHIVE_HOLD_iCloudDriveArchive_DO_NOT_USE_AS_ACTIVE_ROOT_20260524/Documents/Documents - SFMacBook Pro M5/LEGAL_AUTOMATION/watermelon-vscode/.vscode-test/vscode-darwin-arm64-1.109.5/Visual Studio Code.app/Contents/Resources/app/extensions/less/language-configuration.json	4.0K	CITATIONS_SOURCES	Possible citation/source registry material
/Users/sethadmin/ZZ_ARCHIVE_HOLD_iCloudDriveArchive_DO_NOT_USE_AS_ACTIVE_ROOT_20260524/Documents/Documents - SFMacBook Pro M5/LEGAL_AUTOMATION/watermelon-vscode/.vscode-test/vscode-darwin-arm64-1.109.5/Visual Studio Code.app/Contents/Resources/app/extensions/less/package.nls.json	4.0K	CITATIONS_SOURCES	Possible citation/source registry material
/Users/sethadmin/ZZ_ARCHIVE_HOLD_iCloudDriveArchive_DO_NOT_USE_AS_ACTIVE_ROOT_20260524/Documents/Documents - SFMacBook Pro M5/LEGAL_AUTOMATION/watermelon-vscode/.vscode-test/vscode-darwin-arm64-1.109.5/Visual Studio Code.app/Contents/Resources/app/extensions/css-language-features/server/dist/node/920.cssServerMain.js	1.1M	CITATIONS_SOURCES	Possible citation/source registry material
/Users/sethadmin/ZZ_ARCHIVE_HOLD_iCloudDriveArchive_DO_NOT_USE_AS_ACTIVE_ROOT_20260524/Documents/Documents - SFMacBook Pro M5/LEGAL_AUTOMATION/watermelon-vscode/.vscode-test/vscode-darwin-arm64-1.109.5/Visual Studio Code.app/Contents/Resources/app/extensions/css-language-features/server/dist/node/533.cssServerMain.js	16K	CITATIONS_SOURCES	Possible citation/source registry material
/Users/sethadmin/ZZ_ARCHIVE_HOLD_iCloudDriveArchive_DO_NOT_USE_AS_ACTIVE_ROOT_20260524/Documents/Documents - SFMacBook Pro M5/LEGAL_AUTOMATION/watermelon-vscode/.vscode-test/vscode-darwin-arm64-1.109.5/Visual Studio Code.app/Contents/Resources/app/extensions/css-language-features/server/dist/node/cssServerMain.js	8.0K	CITATIONS_SOURCES	Possible citation/source registry material
/Users/sethadmin/ZZ_ARCHIVE_HOLD_iCloudDriveArchive_DO_NOT_USE_AS_ACTIVE_ROOT_20260524/Documents/Documents - SFMacBook Pro M5/LEGAL_AUTOMATION/watermelon-vscode/.vscode-test/vscode-darwin-arm64-1.109.5/Visual Studio Code.app/Contents/Resources/app/extensions/css-language-features/server/.npmrc	4.0K	CITATIONS_SOURCES	Possible citation/source registry material
/Users/sethadmin/ZZ_ARCHIVE_HOLD_iCloudDriveArchive_DO_NOT_USE_AS_ACTIVE_ROOT_20260524/Documents/Documents - SFMacBook Pro M5/LEGAL_AUTOMATION/watermelon-vscode/.vscode-test/vscode-darwin-arm64-1.109.5/Visual Studio Code.app/Contents/Resources/app/extensions/css-language-features/server/package.json	4.0K	CITATIONS_SOURCES	Possible citation/source registry material
/Users/sethadmin/ZZ_ARCHIVE_HOLD_iCloudDriveArchive_DO_NOT_USE_AS_ACTIVE_ROOT_20260524/Documents/Documents - SFMacBook Pro M5/LEGAL_AUTOMATION/watermelon-vscode/.vscode-test/vscode-darwin-arm64-1.109.5/Visual Studio Code.app/Contents/Resources/app/extensions/css-language-features/schemas/package.schema.json	4.0K	CITATIONS_SOURCES	Possible citation/source registry material
/Users/sethadmin/ZZ_ARCHIVE_HOLD_iCloudDriveArchive_DO_NOT_USE_AS_ACTIVE_ROOT_20260524/Documents/Documents - SFMacBook Pro M5/LEGAL_AUTOMATION/watermelon-vscode/.vscode-test/vscode-darwin-arm64-1.109.5/Visual Studio Code.app/Contents/Resources/app/extensions/css-language-features/README.md	4.0K	CITATIONS_SOURCES	Possible citation/source registry material
/Users/sethadmin/ZZ_ARCHIVE_HOLD_iCloudDriveArchive_DO_NOT_USE_AS_ACTIVE_ROOT_20260524/Documents/Documents - SFMacBook Pro M5/LEGAL_AUTOMATION/watermelon-vscode/.vscode-test/vscode-darwin-arm64-1.109.5/Visual Studio Code.app/Contents/Resources/app/extensions/css-language-features/package.json	20K	CITATIONS_SOURCES	Possible citation/source registry material
/Users/sethadmin/ZZ_ARCHIVE_HOLD_iCloudDriveArchive_DO_NOT_USE_AS_ACTIVE_ROOT_20260524/Documents/Documents - SFMacBook Pro M5/LEGAL_AUTOMATION/watermelon-vscode/.vscode-test/vscode-darwin-arm64-1.109.5/Visual Studio Code.app/Contents/Resources/app/extensions/css-language-features/icons/css.png	4.0K	CITATIONS_SOURCES	Possible citation/source registry material
/Users/sethadmin/ZZ_ARCHIVE_HOLD_iCloudDriveArchive_DO_NOT_USE_AS_ACTIVE_ROOT_20260524/Documents/Documents - SFMacBook Pro M5/LEGAL_AUTOMATION/watermelon-vscode/.vscode-test/vscode-darwin-arm64-1.109.5/Visual Studio Code.app/Contents/Resources/app/extensions/css-language-features/client/dist/node/cssClientMain.js	436K	CITATIONS_SOURCES	Possible citation/source registry material
/Users/sethadmin/ZZ_ARCHIVE_HOLD_iCloudDriveArchive_DO_NOT_USE_AS_ACTIVE_ROOT_20260524/Documents/Documents - SFMacBook Pro M5/LEGAL_AUTOMATION/watermelon-vscode/.vscode-test/vscode-darwin-arm64-1.109.5/Visual Studio Code.app/Contents/Resources/app/extensions/css-language-features/package.nls.json	12K	CITATIONS_SOURCES	Possible citation/source registry material
/Users/sethadmin/ZZ_ARCHIVE_HOLD_iCloudDriveArchive_DO_NOT_USE_AS_ACTIVE_ROOT_20260524/Documents/Documents - SFMacBook Pro M5/LEGAL_AUTOMATION/watermelon-vscode/.vscode-test/vscode-darwin-arm64-1.109.5/Visual Studio Code.app/Contents/Resources/app/extensions/theme-red/package.json	4.0K	CITATIONS_SOURCES	Possible citation/source registry material
/Users/sethadmin/ZZ_ARCHIVE_HOLD_iCloudDriveArchive_DO_NOT_USE_AS_ACTIVE_ROOT_20260524/Documents/Documents - SFMacBook Pro M5/LEGAL_AUTOMATION/watermelon-vscode/.vscode-test/vscode-darwin-arm64-1.109.5/Visual Studio Code.app/Contents/Resources/app/extensions/theme-red/themes/Red-color-theme.json	8.0K	CITATIONS_SOURCES	Possible citation/source registry material
/Users/sethadmin/ZZ_ARCHIVE_HOLD_iCloudDriveArchive_DO_NOT_USE_AS_ACTIVE_ROOT_20260524/Documents/Documents - SFMacBook Pro M5/LEGAL_AUTOMATION/watermelon-vscode/.vscode-test/vscode-darwin-arm64-1.109.5/Visual Studio Code.app/Contents/Resources/app/extensions/theme-red/package.nls.json	4.0K	CITATIONS_SOURCES	Possible citation/source registry material
/Users/sethadmin/ZZ_ARCHIVE_HOLD_iCloudDriveArchive_DO_NOT_USE_AS_ACTIVE_ROOT_20260524/Documents/Documents - SFMacBook Pro M5/LEGAL_AUTOMATION/watermelon-vscode/.vscode-test/vscode-darwin-arm64-1.109.5/Visual Studio Code.app/Contents/Resources/app/extensions/dart/package.json	4.0K	CITATIONS_SOURCES	Possible citation/source registry material
/Users/sethadmin/ZZ_ARCHIVE_HOLD_iCloudDriveArchive_DO_NOT_USE_AS_ACTIVE_ROOT_20260524/Documents/Documents - SFMacBook Pro M5/LEGAL_AUTOMATION/watermelon-vscode/.vscode-test/vscode-darwin-arm64-1.109.5/Visual Studio Code.app/Contents/Resources/app/extensions/dart/syntaxes/dart.tmLanguage.json	8.0K	CITATIONS_SOURCES	Possible citation/source registry material
/Users/sethadmin/ZZ_ARCHIVE_HOLD_iCloudDriveArchive_DO_NOT_USE_AS_ACTIVE_ROOT_20260524/Documents/Documents - SFMacBook Pro M5/LEGAL_AUTOMATION/watermelon-vscode/.vscode-test/vscode-darwin-arm64-1.109.5/Visual Studio Code.app/Contents/Resources/app/extensions/dart/language-configuration.json	4.0K	CITATIONS_SOURCES	Possible citation/source registry material
/Users/sethadmin/ZZ_ARCHIVE_HOLD_iCloudDriveArchive_DO_NOT_USE_AS_ACTIVE_ROOT_20260524/Documents/Documents - SFMacBook Pro M5/LEGAL_AUTOMATION/watermelon-vscode/.vscode-test/vscode-darwin-arm64-1.109.5/Visual Studio Code.app/Contents/Resources/app/extensions/dart/package.nls.json	4.0K	CITATIONS_SOURCES	Possible citation/source registry material
/Users/sethadmin/ZZ_ARCHIVE_HOLD_iCloudDriveArchive_DO_NOT_USE_AS_ACTIVE_ROOT_20260524/Documents/Documents - SFMacBook Pro M5/LEGAL_AUTOMATION/watermelon-vscode/.vscode-test/vscode-darwin-arm64-1.109.5/Visual Studio Code.app/Contents/Resources/app/extensions/latex/latex-language-configuration.json	4.0K	CITATIONS_SOURCES	Possible citation/source registry material
/Users/sethadmin/ZZ_ARCHIVE_HOLD_iCloudDriveArchive_DO_NOT_USE_AS_ACTIVE_ROOT_20260524/Documents/Documents - SFMacBook Pro M5/LEGAL_AUTOMATION/watermelon-vscode/.vscode-test/vscode-darwin-arm64-1.109.5/Visual Studio Code.app/Contents/Resources/app/extensions/latex/cpp-bailout-license.txt	4.0K	CITATIONS_SOURCES	Possible citation/source registry material
/Users/sethadmin/ZZ_ARCHIVE_HOLD_iCloudDriveArchive_DO_NOT_USE_AS_ACTIVE_ROOT_20260524/Documents/Documents - SFMacBook Pro M5/LEGAL_AUTOMATION/watermelon-vscode/.vscode-test/vscode-darwin-arm64-1.109.5/Visual Studio Code.app/Contents/Resources/app/extensions/latex/markdown-latex-combined-license.txt	4.0K	CITATIONS_SOURCES	Possible citation/source registry material
/Users/sethadmin/ZZ_ARCHIVE_HOLD_iCloudDriveArchive_DO_NOT_USE_AS_ACTIVE_ROOT_20260524/Documents/Documents - SFMacBook Pro M5/LEGAL_AUTOMATION/watermelon-vscode/.vscode-test/vscode-darwin-arm64-1.109.5/Visual Studio Code.app/Contents/Resources/app/extensions/latex/markdown-latex-combined-language-configuration.json	4.0K	CITATIONS_SOURCES	Possible citation/source registry material
/Users/sethadmin/ZZ_ARCHIVE_HOLD_iCloudDriveArchive_DO_NOT_USE_AS_ACTIVE_ROOT_20260524/Documents/Documents - SFMacBook Pro M5/LEGAL_AUTOMATION/watermelon-vscode/.vscode-test/vscode-darwin-arm64-1.109.5/Visual Studio Code.app/Contents/Resources/app/extensions/latex/latex-cpp-embedded-language-configuration.json	4.0K	CITATIONS_SOURCES	Possible citation/source registry material
/Users/sethadmin/ZZ_ARCHIVE_HOLD_iCloudDriveArchive_DO_NOT_USE_AS_ACTIVE_ROOT_20260524/Documents/Documents - SFMacBook Pro M5/LEGAL_AUTOMATION/watermelon-vscode/.vscode-test/vscode-darwin-arm64-1.109.5/Visual Studio Code.app/Contents/Resources/app/extensions/latex/package.json	4.0K	CITATIONS_SOURCES	Possible citation/source registry material
/Users/sethadmin/ZZ_ARCHIVE_HOLD_iCloudDriveArchive_DO_NOT_USE_AS_ACTIVE_ROOT_20260524/Documents/Documents - SFMacBook Pro M5/LEGAL_AUTOMATION/watermelon-vscode/.vscode-test/vscode-darwin-arm64-1.109.5/Visual Studio Code.app/Contents/Resources/app/extensions/latex/syntaxes/LaTeX.tmLanguage.json	72K	CITATIONS_SOURCES	Possible citation/source registry material
/Users/sethadmin/ZZ_ARCHIVE_HOLD_iCloudDriveArchive_DO_NOT_USE_AS_ACTIVE_ROOT_20260524/Documents/Documents - SFMacBook Pro M5/LEGAL_AUTOMATION/watermelon-vscode/.vscode-test/vscode-darwin-arm64-1.109.5/Visual Studio Code.app/Contents/Resources/app/extensions/latex/syntaxes/cpp-grammar-bailout.tmLanguage.json	512K	CITATIONS_SOURCES	Possible citation/source registry material
/Users/sethadmin/ZZ_ARCHIVE_HOLD_iCloudDriveArchive_DO_NOT_USE_AS_ACTIVE_ROOT_20260524/Documents/Documents - SFMacBook Pro M5/LEGAL_AUTOMATION/watermelon-vscode/.vscode-test/vscode-darwin-arm64-1.109.5/Visual Studio Code.app/Contents/Resources/app/extensions/latex/syntaxes/markdown-latex-combined.tmLanguage.json	60K	CITATIONS_SOURCES	Possible citation/source registry material
/Users/sethadmin/ZZ_ARCHIVE_HOLD_iCloudDriveArchive_DO_NOT_USE_AS_ACTIVE_ROOT_20260524/Documents/Documents - SFMacBook Pro M5/LEGAL_AUTOMATION/watermelon-vscode/.vscode-test/vscode-darwin-arm64-1.109.5/Visual Studio Code.app/Contents/Resources/app/extensions/latex/syntaxes/Bibtex.tmLanguage.json	8.0K	CITATIONS_SOURCES	Possible citation/source registry material
/Users/sethadmin/ZZ_ARCHIVE_HOLD_iCloudDriveArchive_DO_NOT_USE_AS_ACTIVE_ROOT_20260524/Documents/Documents - SFMacBook Pro M5/LEGAL_AUTOMATION/watermelon-vscode/.vscode-test/vscode-darwin-arm64-1.109.5/Visual Studio Code.app/Contents/Resources/app/extensions/latex/syntaxes/TeX.tmLanguage.json	12K	CITATIONS_SOURCES	Possible citation/source registry material
/Users/sethadmin/ZZ_ARCHIVE_HOLD_iCloudDriveArchive_DO_NOT_USE_AS_ACTIVE_ROOT_20260524/Documents/Documents - SFMacBook Pro M5/LEGAL_AUTOMATION/watermelon-vscode/.vscode-test/vscode-darwin-arm64-1.109.5/Visual Studio Code.app/Contents/Resources/app/extensions/latex/package.nls.json	4.0K	CITATIONS_SOURCES	Possible citation/source registry material
/Users/sethadmin/ZZ_ARCHIVE_HOLD_iCloudDriveArchive_DO_NOT_USE_AS_ACTIVE_ROOT_20260524/Documents/Documents - SFMacBook Pro M5/LEGAL_AUTOMATION/watermelon-vscode/.vscode-test/vscode-darwin-arm64-1.109.5/Visual Studio Code.app/Contents/Resources/app/extensions/typescript-language-features/dist/extension.js.LICENSE.txt	4.0K	CITATIONS_SOURCES	Possible citation/source registry material
/Users/sethadmin/ZZ_ARCHIVE_HOLD_iCloudDriveArchive_DO_NOT_USE_AS_ACTIVE_ROOT_20260524/Documents/Documents - SFMacBook Pro M5/LEGAL_AUTOMATION/watermelon-vscode/.vscode-test/vscode-darwin-arm64-1.109.5/Visual Studio Code.app/Contents/Resources/app/extensions/typescript-language-features/dist/extension.js	584K	CITATIONS_SOURCES	Possible citation/source registry material
/Users/sethadmin/ZZ_ARCHIVE_HOLD_iCloudDriveArchive_DO_NOT_USE_AS_ACTIVE_ROOT_20260524/Documents/Documents - SFMacBook Pro M5/LEGAL_AUTOMATION/watermelon-vscode/.vscode-test/vscode-darwin-arm64-1.109.5/Visual Studio Code.app/Contents/Resources/app/extensions/typescript-language-features/resources/walkthroughs/debug-and-run.svg	28K	CITATIONS_SOURCES	Possible citation/source registry material
/Users/sethadmin/ZZ_ARCHIVE_HOLD_iCloudDriveArchive_DO_NOT_USE_AS_ACTIVE_ROOT_20260524/Documents/Documents - SFMacBook Pro M5/LEGAL_AUTOMATION/watermelon-vscode/.vscode-test/vscode-darwin-arm64-1.109.5/Visual Studio Code.app/Contents/Resources/app/extensions/typescript-language-features/resources/walkthroughs/install-node-js.svg	36K	CITATIONS_SOURCES	Possible citation/source registry material
/Users/sethadmin/ZZ_ARCHIVE_HOLD_iCloudDriveArchive_DO_NOT_USE_AS_ACTIVE_ROOT_20260524/Documents/Documents - SFMacBook Pro M5/LEGAL_AUTOMATION/watermelon-vscode/.vscode-test/vscode-darwin-arm64-1.109.5/Visual Studio Code.app/Contents/Resources/app/extensions/typescript-language-features/resources/walkthroughs/create-a-js-file.svg	12K	CITATIONS_SOURCES	Possible citation/source registry material
/Users/sethadmin/ZZ_ARCHIVE_HOLD_iCloudDriveArchive_DO_NOT_USE_AS_ACTIVE_ROOT_20260524/Documents/Documents - SFMacBook Pro M5/LEGAL_AUTOMATION/watermelon-vscode/.vscode-test/vscode-darwin-arm64-1.109.5/Visual Studio Code.app/Contents/Resources/app/extensions/typescript-language-features/resources/walkthroughs/learn-more.svg	20K	CITATIONS_SOURCES	Possible citation/source registry material
/Users/sethadmin/ZZ_ARCHIVE_HOLD_iCloudDriveArchive_DO_NOT_USE_AS_ACTIVE_ROOT_20260524/Documents/Documents - SFMacBook Pro M5/LEGAL_AUTOMATION/watermelon-vscode/.vscode-test/vscode-darwin-arm64-1.109.5/Visual Studio Code.app/Contents/Resources/app/extensions/typescript-language-features/schemas/tsconfig.schema.json	4.0K	CITATIONS_SOURCES	Possible citation/source registry material
/Users/sethadmin/ZZ_ARCHIVE_HOLD_iCloudDriveArchive_DO_NOT_USE_AS_ACTIVE_ROOT_20260524/Documents/Documents - SFMacBook Pro M5/LEGAL_AUTOMATION/watermelon-vscode/.vscode-test/vscode-darwin-arm64-1.109.5/Visual Studio Code.app/Contents/Resources/app/extensions/typescript-language-features/schemas/jsconfig.schema.json	4.0K	CITATIONS_SOURCES	Possible citation/source registry material
/Users/sethadmin/ZZ_ARCHIVE_HOLD_iCloudDriveArchive_DO_NOT_USE_AS_ACTIVE_ROOT_20260524/Documents/Documents - SFMacBook Pro M5/LEGAL_AUTOMATION/watermelon-vscode/.vscode-test/vscode-darwin-arm64-1.109.5/Visual Studio Code.app/Contents/Resources/app/extensions/typescript-language-features/schemas/package.schema.json	4.0K	CITATIONS_SOURCES	Possible citation/source registry material
/Users/sethadmin/ZZ_ARCHIVE_HOLD_iCloudDriveArchive_DO_NOT_USE_AS_ACTIVE_ROOT_20260524/Documents/Documents - SFMacBook Pro M5/LEGAL_AUTOMATION/watermelon-vscode/.vscode-test/vscode-darwin-arm64-1.109.5/Visual Studio Code.app/Contents/Resources/app/extensions/typescript-language-features/README.md	4.0K	CITATIONS_SOURCES	Possible citation/source registry material
/Users/sethadmin/ZZ_ARCHIVE_HOLD_iCloudDriveArchive_DO_NOT_USE_AS_ACTIVE_ROOT_20260524/Documents/Documents - SFMacBook Pro M5/LEGAL_AUTOMATION/watermelon-vscode/.vscode-test/vscode-darwin-arm64-1.109.5/Visual Studio Code.app/Contents/Resources/app/extensions/typescript-language-features/package.json	44K	CITATIONS_SOURCES	Possible citation/source registry material
/Users/sethadmin/ZZ_ARCHIVE_HOLD_iCloudDriveArchive_DO_NOT_USE_AS_ACTIVE_ROOT_20260524/Documents/Documents - SFMacBook Pro M5/LEGAL_AUTOMATION/watermelon-vscode/.vscode-test/vscode-darwin-arm64-1.109.5/Visual Studio Code.app/Contents/Resources/app/extensions/typescript-language-features/package.nls.json	32K	CITATIONS_SOURCES	Possible citation/source registry material
/Users/sethadmin/ZZ_ARCHIVE_HOLD_iCloudDriveArchive_DO_NOT_USE_AS_ACTIVE_ROOT_20260524/Documents/Documents - SFMacBook Pro M5/LEGAL_AUTOMATION/watermelon-vscode/.vscode-test/vscode-darwin-arm64-1.109.5/Visual Studio Code.app/Contents/Resources/app/extensions/typescript-language-features/media/icon.png	8.0K	CITATIONS_SOURCES	Possible citation/source registry material
/Users/sethadmin/ZZ_ARCHIVE_HOLD_iCloudDriveArchive_DO_NOT_USE_AS_ACTIVE_ROOT_20260524/Documents/Documents - SFMacBook Pro M5/LEGAL_AUTOMATION/watermelon-vscode/.vscode-test/vscode-darwin-arm64-1.109.5/Visual Studio Code.app/Contents/Resources/app/extensions/grunt/dist/main.js	8.0K	CITATIONS_SOURCES	Possible citation/source registry material
/Users/sethadmin/ZZ_ARCHIVE_HOLD_iCloudDriveArchive_DO_NOT_USE_AS_ACTIVE_ROOT_20260524/Documents/Documents - SFMacBook Pro M5/LEGAL_AUTOMATION/watermelon-vscode/.vscode-test/vscode-darwin-arm64-1.109.5/Visual Studio Code.app/Contents/Resources/app/extensions/grunt/images/grunt.png	36K	CITATIONS_SOURCES	Possible citation/source registry material
/Users/sethadmin/ZZ_ARCHIVE_HOLD_iCloudDriveArchive_DO_NOT_USE_AS_ACTIVE_ROOT_20260524/Documents/Documents - SFMacBook Pro M5/LEGAL_AUTOMATION/watermelon-vscode/.vscode-test/vscode-darwin-arm64-1.109.5/Visual Studio Code.app/Contents/Resources/app/extensions/grunt/README.md	4.0K	CITATIONS_SOURCES	Possible citation/source registry material
/Users/sethadmin/ZZ_ARCHIVE_HOLD_iCloudDriveArchive_DO_NOT_USE_AS_ACTIVE_ROOT_20260524/Documents/Documents - SFMacBook Pro M5/LEGAL_AUTOMATION/watermelon-vscode/.vscode-test/vscode-darwin-arm64-1.109.5/Visual Studio Code.app/Contents/Resources/app/extensions/grunt/package.json	4.0K	CITATIONS_SOURCES	Possible citation/source registry material
/Users/sethadmin/ZZ_ARCHIVE_HOLD_iCloudDriveArchive_DO_NOT_USE_AS_ACTIVE_ROOT_20260524/Documents/Documents - SFMacBook Pro M5/LEGAL_AUTOMATION/watermelon-vscode/.vscode-test/vscode-darwin-arm64-1.109.5/Visual Studio Code.app/Contents/Resources/app/extensions/grunt/package.nls.json	4.0K	CITATIONS_SOURCES	Possible citation/source registry material
/Users/sethadmin/ZZ_ARCHIVE_HOLD_iCloudDriveArchive_DO_NOT_USE_AS_ACTIVE_ROOT_20260524/Documents/Documents - SFMacBook Pro M5/LEGAL_AUTOMATION/watermelon-vscode/.vscode-test/vscode-darwin-arm64-1.109.5/Visual Studio Code.app/Contents/Resources/app/extensions/microsoft-authentication/dist/libmsalruntime.dylib	6.3M	CITATIONS_SOURCES	Possible citation/source registry material
/Users/sethadmin/ZZ_ARCHIVE_HOLD_iCloudDriveArchive_DO_NOT_USE_AS_ACTIVE_ROOT_20260524/Documents/Documents - SFMacBook Pro M5/LEGAL_AUTOMATION/watermelon-vscode/.vscode-test/vscode-darwin-arm64-1.109.5/Visual Studio Code.app/Contents/Resources/app/extensions/microsoft-authentication/dist/extension.js.LICENSE.txt	4.0K	CITATIONS_SOURCES	Possible citation/source registry material
/Users/sethadmin/ZZ_ARCHIVE_HOLD_iCloudDriveArchive_DO_NOT_USE_AS_ACTIVE_ROOT_20260524/Documents/Documents - SFMacBook Pro M5/LEGAL_AUTOMATION/watermelon-vscode/.vscode-test/vscode-darwin-arm64-1.109.5/Visual Studio Code.app/Contents/Resources/app/extensions/microsoft-authentication/dist/msal-node-runtime.node	352K	CITATIONS_SOURCES	Possible citation/source registry material
/Users/sethadmin/ZZ_ARCHIVE_HOLD_iCloudDriveArchive_DO_NOT_USE_AS_ACTIVE_ROOT_20260524/Documents/Documents - SFMacBook Pro M5/LEGAL_AUTOMATION/watermelon-vscode/.vscode-test/vscode-darwin-arm64-1.109.5/Visual Studio Code.app/Contents/Resources/app/extensions/microsoft-authentication/dist/extension.js	524K	CITATIONS_SOURCES	Possible citation/source registry material
/Users/sethadmin/ZZ_ARCHIVE_HOLD_iCloudDriveArchive_DO_NOT_USE_AS_ACTIVE_ROOT_20260524/Documents/Documents - SFMacBook Pro M5/LEGAL_AUTOMATION/watermelon-vscode/.vscode-test/vscode-darwin-arm64-1.109.5/Visual Studio Code.app/Contents/Resources/app/extensions/microsoft-authentication/README.md	4.0K	CITATIONS_SOURCES	Possible citation/source registry material
/Users/sethadmin/ZZ_ARCHIVE_HOLD_iCloudDriveArchive_DO_NOT_USE_AS_ACTIVE_ROOT_20260524/Documents/Documents - SFMacBook Pro M5/LEGAL_AUTOMATION/watermelon-vscode/.vscode-test/vscode-darwin-arm64-1.109.5/Visual Studio Code.app/Contents/Resources/app/extensions/microsoft-authentication/package.json	4.0K	CITATIONS_SOURCES	Possible citation/source registry material
/Users/sethadmin/ZZ_ARCHIVE_HOLD_iCloudDriveArchive_DO_NOT_USE_AS_ACTIVE_ROOT_20260524/Documents/Documents - SFMacBook Pro M5/LEGAL_AUTOMATION/watermelon-vscode/.vscode-test/vscode-darwin-arm64-1.109.5/Visual Studio Code.app/Contents/Resources/app/extensions/microsoft-authentication/package.nls.json	4.0K	CITATIONS_SOURCES	Possible citation/source registry material
/Users/sethadmin/ZZ_ARCHIVE_HOLD_iCloudDriveArchive_DO_NOT_USE_AS_ACTIVE_ROOT_20260524/Documents/Documents - SFMacBook Pro M5/LEGAL_AUTOMATION/watermelon-vscode/.vscode-test/vscode-darwin-arm64-1.109.5/Visual Studio Code.app/Contents/Resources/app/extensions/microsoft-authentication/media/icon.png	4.0K	CITATIONS_SOURCES	Possible citation/source registry material
/Users/sethadmin/ZZ_ARCHIVE_HOLD_iCloudDriveArchive_DO_NOT_USE_AS_ACTIVE_ROOT_20260524/Documents/Documents - SFMacBook Pro M5/LEGAL_AUTOMATION/watermelon-vscode/.vscode-test/vscode-darwin-arm64-1.109.5/Visual Studio Code.app/Contents/Resources/app/extensions/microsoft-authentication/media/favicon.ico	36K	CITATIONS_SOURCES	Possible citation/source registry material
/Users/sethadmin/ZZ_ARCHIVE_HOLD_iCloudDriveArchive_DO_NOT_USE_AS_ACTIVE_ROOT_20260524/Documents/Documents - SFMacBook Pro M5/LEGAL_AUTOMATION/watermelon-vscode/.vscode-test/vscode-darwin-arm64-1.109.5/Visual Studio Code.app/Contents/Resources/app/extensions/microsoft-authentication/media/index.html	4.0K	CITATIONS_SOURCES	Possible citation/source registry material
/Users/sethadmin/ZZ_ARCHIVE_HOLD_iCloudDriveArchive_DO_NOT_USE_AS_ACTIVE_ROOT_20260524/Documents/Documents - SFMacBook Pro M5/LEGAL_AUTOMATION/watermelon-vscode/.vscode-test/vscode-darwin-arm64-1.109.5/Visual Studio Code.app/Contents/Resources/app/extensions/microsoft-authentication/media/auth.css	24K	CITATIONS_SOURCES	Possible citation/source registry material
/Users/sethadmin/ZZ_ARCHIVE_HOLD_iCloudDriveArchive_DO_NOT_USE_AS_ACTIVE_ROOT_20260524/Documents/Documents - SFMacBook Pro M5/LEGAL_AUTOMATION/watermelon-vscode/.vscode-test/vscode-darwin-arm64-1.109.5/Visual Studio Code.app/Contents/Resources/app/extensions/theme-abyss/package.json	4.0K	CITATIONS_SOURCES	Possible citation/source registry material
/Users/sethadmin/ZZ_ARCHIVE_HOLD_iCloudDriveArchive_DO_NOT_USE_AS_ACTIVE_ROOT_20260524/Documents/Documents - SFMacBook Pro M5/LEGAL_AUTOMATION/watermelon-vscode/.vscode-test/vscode-darwin-arm64-1.109.5/Visual Studio Code.app/Contents/Resources/app/extensions/theme-abyss/themes/abyss-color-theme.json	8.0K	CITATIONS_SOURCES	Possible citation/source registry material
/Users/sethadmin/ZZ_ARCHIVE_HOLD_iCloudDriveArchive_DO_NOT_USE_AS_ACTIVE_ROOT_20260524/Documents/Documents - SFMacBook Pro M5/LEGAL_AUTOMATION/watermelon-vscode/.vscode-test/vscode-darwin-arm64-1.109.5/Visual Studio Code.app/Contents/Resources/app/extensions/theme-abyss/package.nls.json	4.0K	CITATIONS_SOURCES	Possible citation/source registry material
/Users/sethadmin/ZZ_ARCHIVE_HOLD_iCloudDriveArchive_DO_NOT_USE_AS_ACTIVE_ROOT_20260524/Documents/Documents - SFMacBook Pro M5/LEGAL_AUTOMATION/watermelon-vscode/.vscode-test/vscode-darwin-arm64-1.109.5/Visual Studio Code.app/Contents/Resources/app/extensions/scss/package.json	4.0K	CITATIONS_SOURCES	Possible citation/source registry material
/Users/sethadmin/ZZ_ARCHIVE_HOLD_iCloudDriveArchive_DO_NOT_USE_AS_ACTIVE_ROOT_20260524/Documents/Documents - SFMacBook Pro M5/LEGAL_AUTOMATION/watermelon-vscode/.vscode-test/vscode-darwin-arm64-1.109.5/Visual Studio Code.app/Contents/Resources/app/extensions/scss/syntaxes/scss.tmLanguage.json	32K	CITATIONS_SOURCES	Possible citation/source registry material
/Users/sethadmin/ZZ_ARCHIVE_HOLD_iCloudDriveArchive_DO_NOT_USE_AS_ACTIVE_ROOT_20260524/Documents/Documents - SFMacBook Pro M5/LEGAL_AUTOMATION/watermelon-vscode/.vscode-test/vscode-darwin-arm64-1.109.5/Visual Studio Code.app/Contents/Resources/app/extensions/scss/syntaxes/sassdoc.tmLanguage.json	8.0K	CITATIONS_SOURCES	Possible citation/source registry material
/Users/sethadmin/ZZ_ARCHIVE_HOLD_iCloudDriveArchive_DO_NOT_USE_AS_ACTIVE_ROOT_20260524/Documents/Documents - SFMacBook Pro M5/LEGAL_AUTOMATION/watermelon-vscode/.vscode-test/vscode-darwin-arm64-1.109.5/Visual Studio Code.app/Contents/Resources/app/extensions/scss/language-configuration.json	4.0K	CITATIONS_SOURCES	Possible citation/source registry material
/Users/sethadmin/ZZ_ARCHIVE_HOLD_iCloudDriveArchive_DO_NOT_USE_AS_ACTIVE_ROOT_20260524/Documents/Documents - SFMacBook Pro M5/LEGAL_AUTOMATION/watermelon-vscode/.vscode-test/vscode-darwin-arm64-1.109.5/Visual Studio Code.app/Contents/Resources/app/extensions/scss/package.nls.json	4.0K	CITATIONS_SOURCES	Possible citation/source registry material
/Users/sethadmin/ZZ_ARCHIVE_HOLD_iCloudDriveArchive_DO_NOT_USE_AS_ACTIVE_ROOT_20260524/Documents/Documents - SFMacBook Pro M5/LEGAL_AUTOMATION/watermelon-vscode/.vscode-test/vscode-darwin-arm64-1.109.5/Visual Studio Code.app/Contents/Resources/app/extensions/jake/dist/main.js	8.0K	CITATIONS_SOURCES	Possible citation/source registry material
/Users/sethadmin/ZZ_ARCHIVE_HOLD_iCloudDriveArchive_DO_NOT_USE_AS_ACTIVE_ROOT_20260524/Documents/Documents - SFMacBook Pro M5/LEGAL_AUTOMATION/watermelon-vscode/.vscode-test/vscode-darwin-arm64-1.109.5/Visual Studio Code.app/Contents/Resources/app/extensions/jake/images/cowboy_hat.png	44K	CITATIONS_SOURCES	Possible citation/source registry material
/Users/sethadmin/ZZ_ARCHIVE_HOLD_iCloudDriveArchive_DO_NOT_USE_AS_ACTIVE_ROOT_20260524/Documents/Documents - SFMacBook Pro M5/LEGAL_AUTOMATION/watermelon-vscode/.vscode-test/vscode-darwin-arm64-1.109.5/Visual Studio Code.app/Contents/Resources/app/extensions/jake/README.md	4.0K	CITATIONS_SOURCES	Possible citation/source registry material
/Users/sethadmin/ZZ_ARCHIVE_HOLD_iCloudDriveArchive_DO_NOT_USE_AS_ACTIVE_ROOT_20260524/Documents/Documents - SFMacBook Pro M5/LEGAL_AUTOMATION/watermelon-vscode/.vscode-test/vscode-darwin-arm64-1.109.5/Visual Studio Code.app/Contents/Resources/app/extensions/jake/package.json	4.0K	CITATIONS_SOURCES	Possible citation/source registry material
/Users/sethadmin/ZZ_ARCHIVE_HOLD_iCloudDriveArchive_DO_NOT_USE_AS_ACTIVE_ROOT_20260524/Documents/Documents - SFMacBook Pro M5/LEGAL_AUTOMATION/watermelon-vscode/.vscode-test/vscode-darwin-arm64-1.109.5/Visual Studio Code.app/Contents/Resources/app/extensions/jake/package.nls.json	4.0K	CITATIONS_SOURCES	Possible citation/source registry material
/Users/sethadmin/ZZ_ARCHIVE_HOLD_iCloudDriveArchive_DO_NOT_USE_AS_ACTIVE_ROOT_20260524/Documents/Documents - SFMacBook Pro M5/LEGAL_AUTOMATION/watermelon-vscode/.vscode-test/vscode-darwin-arm64-1.109.5/Visual Studio Code.app/Contents/Resources/app/extensions/perl/perl6.language-configuration.json	4.0K	CITATIONS_SOURCES	Possible citation/source registry material
/Users/sethadmin/ZZ_ARCHIVE_HOLD_iCloudDriveArchive_DO_NOT_USE_AS_ACTIVE_ROOT_20260524/Documents/Documents - SFMacBook Pro M5/LEGAL_AUTOMATION/watermelon-vscode/.vscode-test/vscode-darwin-arm64-1.109.5/Visual Studio Code.app/Contents/Resources/app/extensions/perl/perl.language-configuration.json	4.0K	CITATIONS_SOURCES	Possible citation/source registry material
/Users/sethadmin/ZZ_ARCHIVE_HOLD_iCloudDriveArchive_DO_NOT_USE_AS_ACTIVE_ROOT_20260524/Documents/Documents - SFMacBook Pro M5/LEGAL_AUTOMATION/watermelon-vscode/.vscode-test/vscode-darwin-arm64-1.109.5/Visual Studio Code.app/Contents/Resources/app/extensions/perl/package.json	4.0K	CITATIONS_SOURCES	Possible citation/source registry material
/Users/sethadmin/ZZ_ARCHIVE_HOLD_iCloudDriveArchive_DO_NOT_USE_AS_ACTIVE_ROOT_20260524/Documents/Documents - SFMacBook Pro M5/LEGAL_AUTOMATION/watermelon-vscode/.vscode-test/vscode-darwin-arm64-1.109.5/Visual Studio Code.app/Contents/Resources/app/extensions/perl/syntaxes/perl6.tmLanguage.json	12K	CITATIONS_SOURCES	Possible citation/source registry material
/Users/sethadmin/ZZ_ARCHIVE_HOLD_iCloudDriveArchive_DO_NOT_USE_AS_ACTIVE_ROOT_20260524/Documents/Documents - SFMacBook Pro M5/LEGAL_AUTOMATION/watermelon-vscode/.vscode-test/vscode-darwin-arm64-1.109.5/Visual Studio Code.app/Contents/Resources/app/extensions/perl/syntaxes/perl.tmLanguage.json	44K	CITATIONS_SOURCES	Possible citation/source registry material
/Users/sethadmin/ZZ_ARCHIVE_HOLD_iCloudDriveArchive_DO_NOT_USE_AS_ACTIVE_ROOT_20260524/Documents/Documents - SFMacBook Pro M5/LEGAL_AUTOMATION/watermelon-vscode/.vscode-test/vscode-darwin-arm64-1.109.5/Visual Studio Code.app/Contents/Resources/app/extensions/perl/package.nls.json	4.0K	CITATIONS_SOURCES	Possible citation/source registry material
/Users/sethadmin/ZZ_ARCHIVE_HOLD_iCloudDriveArchive_DO_NOT_USE_AS_ACTIVE_ROOT_20260524/Documents/Documents - SFMacBook Pro M5/LEGAL_AUTOMATION/watermelon-vscode/.vscode-test/vscode-darwin-arm64-1.109.5/Visual Studio Code.app/Contents/Resources/app/extensions/rust/package.json	4.0K	CITATIONS_SOURCES	Possible citation/source registry material
/Users/sethadmin/ZZ_ARCHIVE_HOLD_iCloudDriveArchive_DO_NOT_USE_AS_ACTIVE_ROOT_20260524/Documents/Documents - SFMacBook Pro M5/LEGAL_AUTOMATION/watermelon-vscode/.vscode-test/vscode-darwin-arm64-1.109.5/Visual Studio Code.app/Contents/Resources/app/extensions/rust/syntaxes/rust.tmLanguage.json	20K	CITATIONS_SOURCES	Possible citation/source registry material
/Users/sethadmin/ZZ_ARCHIVE_HOLD_iCloudDriveArchive_DO_NOT_USE_AS_ACTIVE_ROOT_20260524/Documents/Documents - SFMacBook Pro M5/LEGAL_AUTOMATION/watermelon-vscode/.vscode-test/vscode-darwin-arm64-1.109.5/Visual Studio Code.app/Contents/Resources/app/extensions/rust/language-configuration.json	4.0K	CITATIONS_SOURCES	Possible citation/source registry material
/Users/sethadmin/ZZ_ARCHIVE_HOLD_iCloudDriveArchive_DO_NOT_USE_AS_ACTIVE_ROOT_20260524/Documents/Documents - SFMacBook Pro M5/LEGAL_AUTOMATION/watermelon-vscode/.vscode-test/vscode-darwin-arm64-1.109.5/Visual Studio Code.app/Contents/Resources/app/extensions/rust/package.nls.json	4.0K	CITATIONS_SOURCES	Possible citation/source registry material
/Users/sethadmin/ZZ_ARCHIVE_HOLD_iCloudDriveArchive_DO_NOT_USE_AS_ACTIVE_ROOT_20260524/Documents/Documents - SFMacBook Pro M5/LEGAL_AUTOMATION/watermelon-vscode/.vscode-test/vscode-darwin-arm64-1.109.5/Visual Studio Code.app/Contents/Resources/app/extensions/pug/package.json	4.0K	CITATIONS_SOURCES	Possible citation/source registry material
/Users/sethadmin/ZZ_ARCHIVE_HOLD_iCloudDriveArchive_DO_NOT_USE_AS_ACTIVE_ROOT_20260524/Documents/Documents - SFMacBook Pro M5/LEGAL_AUTOMATION/watermelon-vscode/.vscode-test/vscode-darwin-arm64-1.109.5/Visual Studio Code.app/Contents/Resources/app/extensions/pug/syntaxes/pug.tmLanguage.json	16K	CITATIONS_SOURCES	Possible citation/source registry material
/Users/sethadmin/ZZ_ARCHIVE_HOLD_iCloudDriveArchive_DO_NOT_USE_AS_ACTIVE_ROOT_20260524/Documents/Documents - SFMacBook Pro M5/LEGAL_AUTOMATION/watermelon-vscode/.vscode-test/vscode-darwin-arm64-1.109.5/Visual Studio Code.app/Contents/Resources/app/extensions/pug/language-configuration.json	4.0K	CITATIONS_SOURCES	Possible citation/source registry material
/Users/sethadmin/ZZ_ARCHIVE_HOLD_iCloudDriveArchive_DO_NOT_USE_AS_ACTIVE_ROOT_20260524/Documents/Documents - SFMacBook Pro M5/LEGAL_AUTOMATION/watermelon-vscode/.vscode-test/vscode-darwin-arm64-1.109.5/Visual Studio Code.app/Contents/Resources/app/extensions/pug/package.nls.json	4.0K	CITATIONS_SOURCES	Possible citation/source registry material
/Users/sethadmin/ZZ_ARCHIVE_HOLD_iCloudDriveArchive_DO_NOT_USE_AS_ACTIVE_ROOT_20260524/Documents/Documents - SFMacBook Pro M5/LEGAL_AUTOMATION/watermelon-vscode/.vscode-test/vscode-darwin-arm64-1.109.5/Visual Studio Code.app/Contents/Resources/app/extensions/fsharp/snippets/fsharp.code-snippets	4.0K	CITATIONS_SOURCES	Possible citation/source registry material
/Users/sethadmin/ZZ_ARCHIVE_HOLD_iCloudDriveArchive_DO_NOT_USE_AS_ACTIVE_ROOT_20260524/Documents/Documents - SFMacBook Pro M5/LEGAL_AUTOMATION/watermelon-vscode/.vscode-test/vscode-darwin-arm64-1.109.5/Visual Studio Code.app/Contents/Resources/app/extensions/fsharp/package.json	4.0K	CITATIONS_SOURCES	Possible citation/source registry material
/Users/sethadmin/ZZ_ARCHIVE_HOLD_iCloudDriveArchive_DO_NOT_USE_AS_ACTIVE_ROOT_20260524/Documents/Documents - SFMacBook Pro M5/LEGAL_AUTOMATION/watermelon-vscode/.vscode-test/vscode-darwin-arm64-1.109.5/Visual Studio Code.app/Contents/Resources/app/extensions/fsharp/syntaxes/fsharp.tmLanguage.json	28K	CITATIONS_SOURCES	Possible citation/source registry material
/Users/sethadmin/ZZ_ARCHIVE_HOLD_iCloudDriveArchive_DO_NOT_USE_AS_ACTIVE_ROOT_20260524/Documents/Documents - SFMacBook Pro M5/LEGAL_AUTOMATION/watermelon-vscode/.vscode-test/vscode-darwin-arm64-1.109.5/Visual Studio Code.app/Contents/Resources/app/extensions/fsharp/language-configuration.json	4.0K	CITATIONS_SOURCES	Possible citation/source registry material
/Users/sethadmin/ZZ_ARCHIVE_HOLD_iCloudDriveArchive_DO_NOT_USE_AS_ACTIVE_ROOT_20260524/Documents/Documents - SFMacBook Pro M5/LEGAL_AUTOMATION/watermelon-vscode/.vscode-test/vscode-darwin-arm64-1.109.5/Visual Studio Code.app/Contents/Resources/app/extensions/fsharp/package.nls.json	4.0K	CITATIONS_SOURCES	Possible citation/source registry material
/Users/sethadmin/ZZ_ARCHIVE_HOLD_iCloudDriveArchive_DO_NOT_USE_AS_ACTIVE_ROOT_20260524/Documents/Documents - SFMacBook Pro M5/LEGAL_AUTOMATION/watermelon-vscode/.vscode-test/vscode-darwin-arm64-1.109.5/Visual Studio Code.app/Contents/Resources/app/extensions/r/package.json	4.0K	CITATIONS_SOURCES	Possible citation/source registry material
/Users/sethadmin/ZZ_ARCHIVE_HOLD_iCloudDriveArchive_DO_NOT_USE_AS_ACTIVE_ROOT_20260524/Documents/Documents - SFMacBook Pro M5/LEGAL_AUTOMATION/watermelon-vscode/.vscode-test/vscode-darwin-arm64-1.109.5/Visual Studio Code.app/Contents/Resources/app/extensions/r/syntaxes/r.tmLanguage.json	52K	CITATIONS_SOURCES	Possible citation/source registry material
/Users/sethadmin/ZZ_ARCHIVE_HOLD_iCloudDriveArchive_DO_NOT_USE_AS_ACTIVE_ROOT_20260524/Documents/Documents - SFMacBook Pro M5/LEGAL_AUTOMATION/watermelon-vscode/.vscode-test/vscode-darwin-arm64-1.109.5/Visual Studio Code.app/Contents/Resources/app/extensions/r/language-configuration.json	4.0K	CITATIONS_SOURCES	Possible citation/source registry material
/Users/sethadmin/ZZ_ARCHIVE_HOLD_iCloudDriveArchive_DO_NOT_USE_AS_ACTIVE_ROOT_20260524/Documents/Documents - SFMacBook Pro M5/LEGAL_AUTOMATION/watermelon-vscode/.vscode-test/vscode-darwin-arm64-1.109.5/Visual Studio Code.app/Contents/Resources/app/extensions/r/package.nls.json	4.0K	CITATIONS_SOURCES	Possible citation/source registry material
/Users/sethadmin/ZZ_ARCHIVE_HOLD_iCloudDriveArchive_DO_NOT_USE_AS_ACTIVE_ROOT_20260524/Documents/Documents - SFMacBook Pro M5/LEGAL_AUTOMATION/watermelon-vscode/.vscode-test/vscode-darwin-arm64-1.109.5/Visual Studio Code.app/Contents/Resources/app/extensions/ipynb/notebook-out/cellAttachmentRenderer.js	4.0K	CITATIONS_SOURCES	Possible citation/source registry material
/Users/sethadmin/ZZ_ARCHIVE_HOLD_iCloudDriveArchive_DO_NOT_USE_AS_ACTIVE_ROOT_20260524/Documents/Documents - SFMacBook Pro M5/LEGAL_AUTOMATION/watermelon-vscode/.vscode-test/vscode-darwin-arm64-1.109.5/Visual Studio Code.app/Contents/Resources/app/extensions/ipynb/dist/ipynbMain.node.js	172K	CITATIONS_SOURCES	Possible citation/source registry material
/Users/sethadmin/ZZ_ARCHIVE_HOLD_iCloudDriveArchive_DO_NOT_USE_AS_ACTIVE_ROOT_20260524/Documents/Documents - SFMacBook Pro M5/LEGAL_AUTOMATION/watermelon-vscode/.vscode-test/vscode-darwin-arm64-1.109.5/Visual Studio Code.app/Contents/Resources/app/extensions/ipynb/dist/notebookSerializerWorker.js	8.0K	CITATIONS_SOURCES	Possible citation/source registry material
/Users/sethadmin/ZZ_ARCHIVE_HOLD_iCloudDriveArchive_DO_NOT_USE_AS_ACTIVE_ROOT_20260524/Documents/Documents - SFMacBook Pro M5/LEGAL_AUTOMATION/watermelon-vscode/.vscode-test/vscode-darwin-arm64-1.109.5/Visual Studio Code.app/Contents/Resources/app/extensions/ipynb/README.md	4.0K	CITATIONS_SOURCES	Possible citation/source registry material
/Users/sethadmin/ZZ_ARCHIVE_HOLD_iCloudDriveArchive_DO_NOT_USE_AS_ACTIVE_ROOT_20260524/Documents/Documents - SFMacBook Pro M5/LEGAL_AUTOMATION/watermelon-vscode/.vscode-test/vscode-darwin-arm64-1.109.5/Visual Studio Code.app/Contents/Resources/app/extensions/ipynb/package.json	4.0K	CITATIONS_SOURCES	Possible citation/source registry material
/Users/sethadmin/ZZ_ARCHIVE_HOLD_iCloudDriveArchive_DO_NOT_USE_AS_ACTIVE_ROOT_20260524/Documents/Documents - SFMacBook Pro M5/LEGAL_AUTOMATION/watermelon-vscode/.vscode-test/vscode-darwin-arm64-1.109.5/Visual Studio Code.app/Contents/Resources/app/extensions/ipynb/package.nls.json	4.0K	CITATIONS_SOURCES	Possible citation/source registry material
/Users/sethadmin/ZZ_ARCHIVE_HOLD_iCloudDriveArchive_DO_NOT_USE_AS_ACTIVE_ROOT_20260524/Documents/Documents - SFMacBook Pro M5/LEGAL_AUTOMATION/watermelon-vscode/.vscode-test/vscode-darwin-arm64-1.109.5/Visual Studio Code.app/Contents/Resources/app/extensions/ipynb/media/icon.png	32K	CITATIONS_SOURCES	Possible citation/source registry material
/Users/sethadmin/ZZ_ARCHIVE_HOLD_iCloudDriveArchive_DO_NOT_USE_AS_ACTIVE_ROOT_20260524/Documents/Documents - SFMacBook Pro M5/LEGAL_AUTOMATION/watermelon-vscode/.vscode-test/vscode-darwin-arm64-1.109.5/Visual Studio Code.app/Contents/Resources/app/extensions/notebook-renderers/README.md	4.0K	CITATIONS_SOURCES	Possible citation/source registry material
/Users/sethadmin/ZZ_ARCHIVE_HOLD_iCloudDriveArchive_DO_NOT_USE_AS_ACTIVE_ROOT_20260524/Documents/Documents - SFMacBook Pro M5/LEGAL_AUTOMATION/watermelon-vscode/.vscode-test/vscode-darwin-arm64-1.109.5/Visual Studio Code.app/Contents/Resources/app/extensions/notebook-renderers/renderer-out/index.js	32K	CITATIONS_SOURCES	Possible citation/source registry material
/Users/sethadmin/ZZ_ARCHIVE_HOLD_iCloudDriveArchive_DO_NOT_USE_AS_ACTIVE_ROOT_20260524/Documents/Documents - SFMacBook Pro M5/LEGAL_AUTOMATION/watermelon-vscode/.vscode-test/vscode-darwin-arm64-1.109.5/Visual Studio Code.app/Contents/Resources/app/extensions/notebook-renderers/package.json	4.0K	CITATIONS_SOURCES	Possible citation/source registry material
/Users/sethadmin/ZZ_ARCHIVE_HOLD_iCloudDriveArchive_DO_NOT_USE_AS_ACTIVE_ROOT_20260524/Documents/Documents - SFMacBook Pro M5/LEGAL_AUTOMATION/watermelon-vscode/.vscode-test/vscode-darwin-arm64-1.109.5/Visual Studio Code.app/Contents/Resources/app/extensions/notebook-renderers/package.nls.json	4.0K	CITATIONS_SOURCES	Possible citation/source registry material
/Users/sethadmin/ZZ_ARCHIVE_HOLD_iCloudDriveArchive_DO_NOT_USE_AS_ACTIVE_ROOT_20260524/Documents/Documents - SFMacBook Pro M5/LEGAL_AUTOMATION/watermelon-vscode/.vscode-test/vscode-darwin-arm64-1.109.5/Visual Studio Code.app/Contents/Resources/app/extensions/notebook-renderers/media/icon.png	12K	CITATIONS_SOURCES	Possible citation/source registry material
/Users/sethadmin/ZZ_ARCHIVE_HOLD_iCloudDriveArchive_DO_NOT_USE_AS_ACTIVE_ROOT_20260524/Documents/Documents - SFMacBook Pro M5/LEGAL_AUTOMATION/watermelon-vscode/.vscode-test/vscode-darwin-arm64-1.109.5/Visual Studio Code.app/Contents/Resources/app/extensions/java/snippets/java.code-snippets	4.0K	CITATIONS_SOURCES	Possible citation/source registry material
/Users/sethadmin/ZZ_ARCHIVE_HOLD_iCloudDriveArchive_DO_NOT_USE_AS_ACTIVE_ROOT_20260524/Documents/Documents - SFMacBook Pro M5/LEGAL_AUTOMATION/watermelon-vscode/.vscode-test/vscode-darwin-arm64-1.109.5/Visual Studio Code.app/Contents/Resources/app/extensions/java/package.json	4.0K	CITATIONS_SOURCES	Possible citation/source registry material
/Users/sethadmin/ZZ_ARCHIVE_HOLD_iCloudDriveArchive_DO_NOT_USE_AS_ACTIVE_ROOT_20260524/Documents/Documents - SFMacBook Pro M5/LEGAL_AUTOMATION/watermelon-vscode/.vscode-test/vscode-darwin-arm64-1.109.5/Visual Studio Code.app/Contents/Resources/app/extensions/java/syntaxes/java.tmLanguage.json	28K	CITATIONS_SOURCES	Possible citation/source registry material
/Users/sethadmin/ZZ_ARCHIVE_HOLD_iCloudDriveArchive_DO_NOT_USE_AS_ACTIVE_ROOT_20260524/Documents/Documents - SFMacBook Pro M5/LEGAL_AUTOMATION/watermelon-vscode/.vscode-test/vscode-darwin-arm64-1.109.5/Visual Studio Code.app/Contents/Resources/app/extensions/java/language-configuration.json	4.0K	CITATIONS_SOURCES	Possible citation/source registry material
/Users/sethadmin/ZZ_ARCHIVE_HOLD_iCloudDriveArchive_DO_NOT_USE_AS_ACTIVE_ROOT_20260524/Documents/Documents - SFMacBook Pro M5/LEGAL_AUTOMATION/watermelon-vscode/.vscode-test/vscode-darwin-arm64-1.109.5/Visual Studio Code.app/Contents/Resources/app/extensions/java/package.nls.json	4.0K	CITATIONS_SOURCES	Possible citation/source registry material
/Users/sethadmin/ZZ_ARCHIVE_HOLD_iCloudDriveArchive_DO_NOT_USE_AS_ACTIVE_ROOT_20260524/Documents/Documents - SFMacBook Pro M5/LEGAL_AUTOMATION/watermelon-vscode/.vscode-test/vscode-darwin-arm64-1.109.5/Visual Studio Code.app/Contents/Resources/app/extensions/diff/package.json	4.0K	CITATIONS_SOURCES	Possible citation/source registry material
/Users/sethadmin/ZZ_ARCHIVE_HOLD_iCloudDriveArchive_DO_NOT_USE_AS_ACTIVE_ROOT_20260524/Documents/Documents - SFMacBook Pro M5/LEGAL_AUTOMATION/watermelon-vscode/.vscode-test/vscode-darwin-arm64-1.109.5/Visual Studio Code.app/Contents/Resources/app/extensions/diff/syntaxes/diff.tmLanguage.json	4.0K	CITATIONS_SOURCES	Possible citation/source registry material
/Users/sethadmin/ZZ_ARCHIVE_HOLD_iCloudDriveArchive_DO_NOT_USE_AS_ACTIVE_ROOT_20260524/Documents/Documents - SFMacBook Pro M5/LEGAL_AUTOMATION/watermelon-vscode/.vscode-test/vscode-darwin-arm64-1.109.5/Visual Studio Code.app/Contents/Resources/app/extensions/diff/language-configuration.json	4.0K	CITATIONS_SOURCES	Possible citation/source registry material
/Users/sethadmin/ZZ_ARCHIVE_HOLD_iCloudDriveArchive_DO_NOT_USE_AS_ACTIVE_ROOT_20260524/Documents/Documents - SFMacBook Pro M5/LEGAL_AUTOMATION/watermelon-vscode/.vscode-test/vscode-darwin-arm64-1.109.5/Visual Studio Code.app/Contents/Resources/app/extensions/diff/package.nls.json	4.0K	CITATIONS_SOURCES	Possible citation/source registry material
/Users/sethadmin/ZZ_ARCHIVE_HOLD_iCloudDriveArchive_DO_NOT_USE_AS_ACTIVE_ROOT_20260524/Documents/Documents - SFMacBook Pro M5/LEGAL_AUTOMATION/watermelon-vscode/.vscode-test/vscode-darwin-arm64-1.109.5/Visual Studio Code.app/Contents/Resources/app/extensions/html/snippets/html.code-snippets	4.0K	CITATIONS_SOURCES	Possible citation/source registry material
/Users/sethadmin/ZZ_ARCHIVE_HOLD_iCloudDriveArchive_DO_NOT_USE_AS_ACTIVE_ROOT_20260524/Documents/Documents - SFMacBook Pro M5/LEGAL_AUTOMATION/watermelon-vscode/.vscode-test/vscode-darwin-arm64-1.109.5/Visual Studio Code.app/Contents/Resources/app/extensions/html/package.json	4.0K	CITATIONS_SOURCES	Possible citation/source registry material
/Users/sethadmin/ZZ_ARCHIVE_HOLD_iCloudDriveArchive_DO_NOT_USE_AS_ACTIVE_ROOT_20260524/Documents/Documents - SFMacBook Pro M5/LEGAL_AUTOMATION/watermelon-vscode/.vscode-test/vscode-darwin-arm64-1.109.5/Visual Studio Code.app/Contents/Resources/app/extensions/html/syntaxes/html-derivative.tmLanguage.json	4.0K	CITATIONS_SOURCES	Possible citation/source registry material
/Users/sethadmin/ZZ_ARCHIVE_HOLD_iCloudDriveArchive_DO_NOT_USE_AS_ACTIVE_ROOT_20260524/Documents/Documents - SFMacBook Pro M5/LEGAL_AUTOMATION/watermelon-vscode/.vscode-test/vscode-darwin-arm64-1.109.5/Visual Studio Code.app/Contents/Resources/app/extensions/html/syntaxes/html.tmLanguage.json	60K	CITATIONS_SOURCES	Possible citation/source registry material
/Users/sethadmin/ZZ_ARCHIVE_HOLD_iCloudDriveArchive_DO_NOT_USE_AS_ACTIVE_ROOT_20260524/Documents/Documents - SFMacBook Pro M5/LEGAL_AUTOMATION/watermelon-vscode/.vscode-test/vscode-darwin-arm64-1.109.5/Visual Studio Code.app/Contents/Resources/app/extensions/html/language-configuration.json	4.0K	CITATIONS_SOURCES	Possible citation/source registry material
/Users/sethadmin/ZZ_ARCHIVE_HOLD_iCloudDriveArchive_DO_NOT_USE_AS_ACTIVE_ROOT_20260524/Documents/Documents - SFMacBook Pro M5/LEGAL_AUTOMATION/watermelon-vscode/.vscode-test/vscode-darwin-arm64-1.109.5/Visual Studio Code.app/Contents/Resources/app/extensions/html/package.nls.json	4.0K	CITATIONS_SOURCES	Possible citation/source registry material
/Users/sethadmin/ZZ_ARCHIVE_HOLD_iCloudDriveArchive_DO_NOT_USE_AS_ACTIVE_ROOT_20260524/Documents/Documents - SFMacBook Pro M5/LEGAL_AUTOMATION/watermelon-vscode/.vscode-test/vscode-darwin-arm64-1.109.5/Visual Studio Code.app/Contents/Resources/app/extensions/php/snippets/php.code-snippets	8.0K	CITATIONS_SOURCES	Possible citation/source registry material
/Users/sethadmin/ZZ_ARCHIVE_HOLD_iCloudDriveArchive_DO_NOT_USE_AS_ACTIVE_ROOT_20260524/Documents/Documents - SFMacBook Pro M5/LEGAL_AUTOMATION/watermelon-vscode/.vscode-test/vscode-darwin-arm64-1.109.5/Visual Studio Code.app/Contents/Resources/app/extensions/php/package.json	4.0K	CITATIONS_SOURCES	Possible citation/source registry material
/Users/sethadmin/ZZ_ARCHIVE_HOLD_iCloudDriveArchive_DO_NOT_USE_AS_ACTIVE_ROOT_20260524/Documents/Documents - SFMacBook Pro M5/LEGAL_AUTOMATION/watermelon-vscode/.vscode-test/vscode-darwin-arm64-1.109.5/Visual Studio Code.app/Contents/Resources/app/extensions/php/syntaxes/php.tmLanguage.json	112K	CITATIONS_SOURCES	Possible citation/source registry material
/Users/sethadmin/ZZ_ARCHIVE_HOLD_iCloudDriveArchive_DO_NOT_USE_AS_ACTIVE_ROOT_20260524/Documents/Documents - SFMacBook Pro M5/LEGAL_AUTOMATION/watermelon-vscode/.vscode-test/vscode-darwin-arm64-1.109.5/Visual Studio Code.app/Contents/Resources/app/extensions/php/syntaxes/html.tmLanguage.json	4.0K	CITATIONS_SOURCES	Possible citation/source registry material
/Users/sethadmin/ZZ_ARCHIVE_HOLD_iCloudDriveArchive_DO_NOT_USE_AS_ACTIVE_ROOT_20260524/Documents/Documents - SFMacBook Pro M5/LEGAL_AUTOMATION/watermelon-vscode/.vscode-test/vscode-darwin-arm64-1.109.5/Visual Studio Code.app/Contents/Resources/app/extensions/php/language-configuration.json	4.0K	CITATIONS_SOURCES	Possible citation/source registry material
/Users/sethadmin/ZZ_ARCHIVE_HOLD_iCloudDriveArchive_DO_NOT_USE_AS_ACTIVE_ROOT_20260524/Documents/Documents - SFMacBook Pro M5/LEGAL_AUTOMATION/watermelon-vscode/.vscode-test/vscode-darwin-arm64-1.109.5/Visual Studio Code.app/Contents/Resources/app/extensions/php/package.nls.json	4.0K	CITATIONS_SOURCES	Possible citation/source registry material
/Users/sethadmin/ZZ_ARCHIVE_HOLD_iCloudDriveArchive_DO_NOT_USE_AS_ACTIVE_ROOT_20260524/Documents/Documents - SFMacBook Pro M5/LEGAL_AUTOMATION/watermelon-vscode/.vscode-test/vscode-darwin-arm64-1.109.5/Visual Studio Code.app/Contents/Resources/app/extensions/ms-vscode.js-debug/ThirdPartyNotices.txt	396K	CITATIONS_SOURCES	Possible citation/source registry material
/Users/sethadmin/ZZ_ARCHIVE_HOLD_iCloudDriveArchive_DO_NOT_USE_AS_ACTIVE_ROOT_20260524/Documents/Documents - SFMacBook Pro M5/LEGAL_AUTOMATION/watermelon-vscode/.vscode-test/vscode-darwin-arm64-1.109.5/Visual Studio Code.app/Contents/Resources/app/extensions/ms-vscode.js-debug/resources/readme/top-level-await.png	36K	CITATIONS_SOURCES	Possible citation/source registry material
/Users/sethadmin/ZZ_ARCHIVE_HOLD_iCloudDriveArchive_DO_NOT_USE_AS_ACTIVE_ROOT_20260524/Documents/Documents - SFMacBook Pro M5/LEGAL_AUTOMATION/watermelon-vscode/.vscode-test/vscode-darwin-arm64-1.109.5/Visual Studio Code.app/Contents/Resources/app/extensions/ms-vscode.js-debug/resources/readme/exclude-caller.png	8.0K	CITATIONS_SOURCES	Possible citation/source registry material
/Users/sethadmin/ZZ_ARCHIVE_HOLD_iCloudDriveArchive_DO_NOT_USE_AS_ACTIVE_ROOT_20260524/Documents/Documents - SFMacBook Pro M5/LEGAL_AUTOMATION/watermelon-vscode/.vscode-test/vscode-darwin-arm64-1.109.5/Visual Studio Code.app/Contents/Resources/app/extensions/ms-vscode.js-debug/resources/readme/conditional-exception-breakpoints.png	8.0K	CITATIONS_SOURCES	Possible citation/source registry material
/Users/sethadmin/ZZ_ARCHIVE_HOLD_iCloudDriveArchive_DO_NOT_USE_AS_ACTIVE_ROOT_20260524/Documents/Documents - SFMacBook Pro M5/LEGAL_AUTOMATION/watermelon-vscode/.vscode-test/vscode-darwin-arm64-1.109.5/Visual Studio Code.app/Contents/Resources/app/extensions/ms-vscode.js-debug/resources/readme/pretty-print.png	12K	CITATIONS_SOURCES	Possible citation/source registry material
/Users/sethadmin/ZZ_ARCHIVE_HOLD_iCloudDriveArchive_DO_NOT_USE_AS_ACTIVE_ROOT_20260524/Documents/Documents - SFMacBook Pro M5/LEGAL_AUTOMATION/watermelon-vscode/.vscode-test/vscode-darwin-arm64-1.109.5/Visual Studio Code.app/Contents/Resources/app/extensions/ms-vscode.js-debug/resources/readme/network-view.png	16K	CITATIONS_SOURCES	Possible citation/source registry material
/Users/sethadmin/ZZ_ARCHIVE_HOLD_iCloudDriveArchive_DO_NOT_USE_AS_ACTIVE_ROOT_20260524/Documents/Documents - SFMacBook Pro M5/LEGAL_AUTOMATION/watermelon-vscode/.vscode-test/vscode-darwin-arm64-1.109.5/Visual Studio Code.app/Contents/Resources/app/extensions/ms-vscode.js-debug/resources/readme/returnvalue.png	216K	CITATIONS_SOURCES	Possible citation/source registry material
/Users/sethadmin/ZZ_ARCHIVE_HOLD_iCloudDriveArchive_DO_NOT_USE_AS_ACTIVE_ROOT_20260524/Documents/Documents - SFMacBook Pro M5/LEGAL_AUTOMATION/watermelon-vscode/.vscode-test/vscode-darwin-arm64-1.109.5/Visual Studio Code.app/Contents/Resources/app/extensions/ms-vscode.js-debug/resources/readme/webview2.png	60K	CITATIONS_SOURCES	Possible citation/source registry material
/Users/sethadmin/ZZ_ARCHIVE_HOLD_iCloudDriveArchive_DO_NOT_USE_AS_ACTIVE_ROOT_20260524/Documents/Documents - SFMacBook Pro M5/LEGAL_AUTOMATION/watermelon-vscode/.vscode-test/vscode-darwin-arm64-1.109.5/Visual Studio Code.app/Contents/Resources/app/extensions/ms-vscode.js-debug/resources/readme/instrumentation-breakpoints.png	8.0K	CITATIONS_SOURCES	Possible citation/source registry material
/Users/sethadmin/ZZ_ARCHIVE_HOLD_iCloudDriveArchive_DO_NOT_USE_AS_ACTIVE_ROOT_20260524/Documents/Documents - SFMacBook Pro M5/LEGAL_AUTOMATION/watermelon-vscode/.vscode-test/vscode-darwin-arm64-1.109.5/Visual Studio Code.app/Contents/Resources/app/extensions/ms-vscode.js-debug/resources/readme/web-worker.png	24K	CITATIONS_SOURCES	Possible citation/source registry material
/Users/sethadmin/ZZ_ARCHIVE_HOLD_iCloudDriveArchive_DO_NOT_USE_AS_ACTIVE_ROOT_20260524/Documents/Documents - SFMacBook Pro M5/LEGAL_AUTOMATION/watermelon-vscode/.vscode-test/vscode-darwin-arm64-1.109.5/Visual Studio Code.app/Contents/Resources/app/extensions/ms-vscode.js-debug/resources/readme/flame-chart.png	28K	CITATIONS_SOURCES	Possible citation/source registry material
/Users/sethadmin/ZZ_ARCHIVE_HOLD_iCloudDriveArchive_DO_NOT_USE_AS_ACTIVE_ROOT_20260524/Documents/Documents - SFMacBook Pro M5/LEGAL_AUTOMATION/watermelon-vscode/.vscode-test/vscode-darwin-arm64-1.109.5/Visual Studio Code.app/Contents/Resources/app/extensions/ms-vscode.js-debug/resources/readme/logo-with-text.png	12K	CITATIONS_SOURCES	Possible citation/source registry material
/Users/sethadmin/ZZ_ARCHIVE_HOLD_iCloudDriveArchive_DO_NOT_USE_AS_ACTIVE_ROOT_20260524/Documents/Documents - SFMacBook Pro M5/LEGAL_AUTOMATION/watermelon-vscode/.vscode-test/vscode-darwin-arm64-1.109.5/Visual Studio Code.app/Contents/Resources/app/extensions/ms-vscode.js-debug/resources/readme/wasm-dwarf.png	96K	CITATIONS_SOURCES	Possible citation/source registry material
/Users/sethadmin/ZZ_ARCHIVE_HOLD_iCloudDriveArchive_DO_NOT_USE_AS_ACTIVE_ROOT_20260524/Documents/Documents - SFMacBook Pro M5/LEGAL_AUTOMATION/watermelon-vscode/.vscode-test/vscode-darwin-arm64-1.109.5/Visual Studio Code.app/Contents/Resources/app/extensions/ms-vscode.js-debug/resources/readme/auto-attach.png	28K	CITATIONS_SOURCES	Possible citation/source registry material
/Users/sethadmin/ZZ_ARCHIVE_HOLD_iCloudDriveArchive_DO_NOT_USE_AS_ACTIVE_ROOT_20260524/Documents/Documents - SFMacBook Pro M5/LEGAL_AUTOMATION/watermelon-vscode/.vscode-test/vscode-darwin-arm64-1.109.5/Visual Studio Code.app/Contents/Resources/app/extensions/ms-vscode.js-debug/resources/readme/instrumentation-breakpoints2.png	28K	CITATIONS_SOURCES	Possible citation/source registry material
/Users/sethadmin/ZZ_ARCHIVE_HOLD_iCloudDriveArchive_DO_NOT_USE_AS_ACTIVE_ROOT_20260524/Documents/Documents - SFMacBook Pro M5/LEGAL_AUTOMATION/watermelon-vscode/.vscode-test/vscode-darwin-arm64-1.109.5/Visual Studio Code.app/Contents/Resources/app/extensions/ms-vscode.js-debug/resources/logo.png	8.0K	CITATIONS_SOURCES	Possible citation/source registry material
/Users/sethadmin/ZZ_ARCHIVE_HOLD_iCloudDriveArchive_DO_NOT_USE_AS_ACTIVE_ROOT_20260524/Documents/Documents - SFMacBook Pro M5/LEGAL_AUTOMATION/watermelon-vscode/.vscode-test/vscode-darwin-arm64-1.109.5/Visual Studio Code.app/Contents/Resources/app/extensions/ms-vscode.js-debug/resources/light/connect.svg	4.0K	CITATIONS_SOURCES	Possible citation/source registry material
/Users/sethadmin/ZZ_ARCHIVE_HOLD_iCloudDriveArchive_DO_NOT_USE_AS_ACTIVE_ROOT_20260524/Documents/Documents - SFMacBook Pro M5/LEGAL_AUTOMATION/watermelon-vscode/.vscode-test/vscode-darwin-arm64-1.109.5/Visual Studio Code.app/Contents/Resources/app/extensions/ms-vscode.js-debug/resources/light/resume.svg	4.0K	CITATIONS_SOURCES	Possible citation/source registry material
/Users/sethadmin/ZZ_ARCHIVE_HOLD_iCloudDriveArchive_DO_NOT_USE_AS_ACTIVE_ROOT_20260524/Documents/Documents - SFMacBook Pro M5/LEGAL_AUTOMATION/watermelon-vscode/.vscode-test/vscode-darwin-arm64-1.109.5/Visual Studio Code.app/Contents/Resources/app/extensions/ms-vscode.js-debug/resources/light/restart.svg	4.0K	CITATIONS_SOURCES	Possible citation/source registry material
/Users/sethadmin/ZZ_ARCHIVE_HOLD_iCloudDriveArchive_DO_NOT_USE_AS_ACTIVE_ROOT_20260524/Documents/Documents - SFMacBook Pro M5/LEGAL_AUTOMATION/watermelon-vscode/.vscode-test/vscode-darwin-arm64-1.109.5/Visual Studio Code.app/Contents/Resources/app/extensions/ms-vscode.js-debug/resources/light/disconnect.svg	4.0K	CITATIONS_SOURCES	Possible citation/source registry material
/Users/sethadmin/ZZ_ARCHIVE_HOLD_iCloudDriveArchive_DO_NOT_USE_AS_ACTIVE_ROOT_20260524/Documents/Documents - SFMacBook Pro M5/LEGAL_AUTOMATION/watermelon-vscode/.vscode-test/vscode-darwin-arm64-1.109.5/Visual Studio Code.app/Contents/Resources/app/extensions/ms-vscode.js-debug/resources/light/open-file.svg	4.0K	CITATIONS_SOURCES	Possible citation/source registry material
/Users/sethadmin/ZZ_ARCHIVE_HOLD_iCloudDriveArchive_DO_NOT_USE_AS_ACTIVE_ROOT_20260524/Documents/Documents - SFMacBook Pro M5/LEGAL_AUTOMATION/watermelon-vscode/.vscode-test/vscode-darwin-arm64-1.109.5/Visual Studio Code.app/Contents/Resources/app/extensions/ms-vscode.js-debug/resources/light/service-worker.svg	8.0K	CITATIONS_SOURCES	Possible citation/source registry material
/Users/sethadmin/ZZ_ARCHIVE_HOLD_iCloudDriveArchive_DO_NOT_USE_AS_ACTIVE_ROOT_20260524/Documents/Documents - SFMacBook Pro M5/LEGAL_AUTOMATION/watermelon-vscode/.vscode-test/vscode-darwin-arm64-1.109.5/Visual Studio Code.app/Contents/Resources/app/extensions/ms-vscode.js-debug/resources/light/stop.svg	4.0K	CITATIONS_SOURCES	Possible citation/source registry material
/Users/sethadmin/ZZ_ARCHIVE_HOLD_iCloudDriveArchive_DO_NOT_USE_AS_ACTIVE_ROOT_20260524/Documents/Documents - SFMacBook Pro M5/LEGAL_AUTOMATION/watermelon-vscode/.vscode-test/vscode-darwin-arm64-1.109.5/Visual Studio Code.app/Contents/Resources/app/extensions/ms-vscode.js-debug/resources/light/page.svg	4.0K	CITATIONS_SOURCES	Possible citation/source registry material
/Users/sethadmin/ZZ_ARCHIVE_HOLD_iCloudDriveArchive_DO_NOT_USE_AS_ACTIVE_ROOT_20260524/Documents/Documents - SFMacBook Pro M5/LEGAL_AUTOMATION/watermelon-vscode/.vscode-test/vscode-darwin-arm64-1.109.5/Visual Studio Code.app/Contents/Resources/app/extensions/ms-vscode.js-debug/resources/light/pause.svg	4.0K	CITATIONS_SOURCES	Possible citation/source registry material
/Users/sethadmin/ZZ_ARCHIVE_HOLD_iCloudDriveArchive_DO_NOT_USE_AS_ACTIVE_ROOT_20260524/Documents/Documents - SFMacBook Pro M5/LEGAL_AUTOMATION/watermelon-vscode/.vscode-test/vscode-darwin-arm64-1.109.5/Visual Studio Code.app/Contents/Resources/app/extensions/ms-vscode.js-debug/resources/light/worker.svg	4.0K	CITATIONS_SOURCES	Possible citation/source registry material
/Users/sethadmin/ZZ_ARCHIVE_HOLD_iCloudDriveArchive_DO_NOT_USE_AS_ACTIVE_ROOT_20260524/Documents/Documents - SFMacBook Pro M5/LEGAL_AUTOMATION/watermelon-vscode/.vscode-test/vscode-darwin-arm64-1.109.5/Visual Studio Code.app/Contents/Resources/app/extensions/ms-vscode.js-debug/resources/light/configure.svg	12K	CITATIONS_SOURCES	Possible citation/source registry material
/Users/sethadmin/ZZ_ARCHIVE_HOLD_iCloudDriveArchive_DO_NOT_USE_AS_ACTIVE_ROOT_20260524/Documents/Documents - SFMacBook Pro M5/LEGAL_AUTOMATION/watermelon-vscode/.vscode-test/vscode-darwin-arm64-1.109.5/Visual Studio Code.app/Contents/Resources/app/extensions/ms-vscode.js-debug/resources/light/node.svg	4.0K	CITATIONS_SOURCES	Possible citation/source registry material
/Users/sethadmin/ZZ_ARCHIVE_HOLD_iCloudDriveArchive_DO_NOT_USE_AS_ACTIVE_ROOT_20260524/Documents/Documents - SFMacBook Pro M5/LEGAL_AUTOMATION/watermelon-vscode/.vscode-test/vscode-darwin-arm64-1.109.5/Visual Studio Code.app/Contents/Resources/app/extensions/ms-vscode.js-debug/resources/dark/connect.svg	4.0K	CITATIONS_SOURCES	Possible citation/source registry material
/Users/sethadmin/ZZ_ARCHIVE_HOLD_iCloudDriveArchive_DO_NOT_USE_AS_ACTIVE_ROOT_20260524/Documents/Documents - SFMacBook Pro M5/LEGAL_AUTOMATION/watermelon-vscode/.vscode-test/vscode-darwin-arm64-1.109.5/Visual Studio Code.app/Contents/Resources/app/extensions/ms-vscode.js-debug/resources/dark/resume.svg	4.0K	CITATIONS_SOURCES	Possible citation/source registry material
/Users/sethadmin/ZZ_ARCHIVE_HOLD_iCloudDriveArchive_DO_NOT_USE_AS_ACTIVE_ROOT_20260524/Documents/Documents - SFMacBook Pro M5/LEGAL_AUTOMATION/watermelon-vscode/.vscode-test/vscode-darwin-arm64-1.109.5/Visual Studio Code.app/Contents/Resources/app/extensions/ms-vscode.js-debug/resources/dark/stop-profiling.svg	4.0K	CITATIONS_SOURCES	Possible citation/source registry material
/Users/sethadmin/ZZ_ARCHIVE_HOLD_iCloudDriveArchive_DO_NOT_USE_AS_ACTIVE_ROOT_20260524/Documents/Documents - SFMacBook Pro M5/LEGAL_AUTOMATION/watermelon-vscode/.vscode-test/vscode-darwin-arm64-1.109.5/Visual Studio Code.app/Contents/Resources/app/extensions/ms-vscode.js-debug/resources/dark/restart.svg	4.0K	CITATIONS_SOURCES	Possible citation/source registry material
/Users/sethadmin/ZZ_ARCHIVE_HOLD_iCloudDriveArchive_DO_NOT_USE_AS_ACTIVE_ROOT_20260524/Documents/Documents - SFMacBook Pro M5/LEGAL_AUTOMATION/watermelon-vscode/.vscode-test/vscode-darwin-arm64-1.109.5/Visual Studio Code.app/Contents/Resources/app/extensions/ms-vscode.js-debug/resources/dark/disconnect.svg	4.0K	CITATIONS_SOURCES	Possible citation/source registry material
/Users/sethadmin/ZZ_ARCHIVE_HOLD_iCloudDriveArchive_DO_NOT_USE_AS_ACTIVE_ROOT_20260524/Documents/Documents - SFMacBook Pro M5/LEGAL_AUTOMATION/watermelon-vscode/.vscode-test/vscode-darwin-arm64-1.109.5/Visual Studio Code.app/Contents/Resources/app/extensions/ms-vscode.js-debug/resources/dark/open-file.svg	4.0K	CITATIONS_SOURCES	Possible citation/source registry material
/Users/sethadmin/ZZ_ARCHIVE_HOLD_iCloudDriveArchive_DO_NOT_USE_AS_ACTIVE_ROOT_20260524/Documents/Documents - SFMacBook Pro M5/LEGAL_AUTOMATION/watermelon-vscode/.vscode-test/vscode-darwin-arm64-1.109.5/Visual Studio Code.app/Contents/Resources/app/extensions/ms-vscode.js-debug/resources/dark/service-worker.svg	8.0K	CITATIONS_SOURCES	Possible citation/source registry material
/Users/sethadmin/ZZ_ARCHIVE_HOLD_iCloudDriveArchive_DO_NOT_USE_AS_ACTIVE_ROOT_20260524/Documents/Documents - SFMacBook Pro M5/LEGAL_AUTOMATION/watermelon-vscode/.vscode-test/vscode-darwin-arm64-1.109.5/Visual Studio Code.app/Contents/Resources/app/extensions/ms-vscode.js-debug/resources/dark/stop.svg	4.0K	CITATIONS_SOURCES	Possible citation/source registry material
/Users/sethadmin/ZZ_ARCHIVE_HOLD_iCloudDriveArchive_DO_NOT_USE_AS_ACTIVE_ROOT_20260524/Documents/Documents - SFMacBook Pro M5/LEGAL_AUTOMATION/watermelon-vscode/.vscode-test/vscode-darwin-arm64-1.109.5/Visual Studio Code.app/Contents/Resources/app/extensions/ms-vscode.js-debug/resources/dark/page.svg	4.0K	CITATIONS_SOURCES	Possible citation/source registry material
/Users/sethadmin/ZZ_ARCHIVE_HOLD_iCloudDriveArchive_DO_NOT_USE_AS_ACTIVE_ROOT_20260524/Documents/Documents - SFMacBook Pro M5/LEGAL_AUTOMATION/watermelon-vscode/.vscode-test/vscode-darwin-arm64-1.109.5/Visual Studio Code.app/Contents/Resources/app/extensions/ms-vscode.js-debug/resources/dark/pause.svg	4.0K	CITATIONS_SOURCES	Possible citation/source registry material
/Users/sethadmin/ZZ_ARCHIVE_HOLD_iCloudDriveArchive_DO_NOT_USE_AS_ACTIVE_ROOT_20260524/Documents/Documents - SFMacBook Pro M5/LEGAL_AUTOMATION/watermelon-vscode/.vscode-test/vscode-darwin-arm64-1.109.5/Visual Studio Code.app/Contents/Resources/app/extensions/ms-vscode.js-debug/resources/dark/worker.svg	4.0K	CITATIONS_SOURCES	Possible citation/source registry material
/Users/sethadmin/ZZ_ARCHIVE_HOLD_iCloudDriveArchive_DO_NOT_USE_AS_ACTIVE_ROOT_20260524/Documents/Documents - SFMacBook Pro M5/LEGAL_AUTOMATION/watermelon-vscode/.vscode-test/vscode-darwin-arm64-1.109.5/Visual Studio Code.app/Contents/Resources/app/extensions/ms-vscode.js-debug/resources/dark/configure.svg	12K	CITATIONS_SOURCES	Possible citation/source registry material
/Users/sethadmin/ZZ_ARCHIVE_HOLD_iCloudDriveArchive_DO_NOT_USE_AS_ACTIVE_ROOT_20260524/Documents/Documents - SFMacBook Pro M5/LEGAL_AUTOMATION/watermelon-vscode/.vscode-test/vscode-darwin-arm64-1.109.5/Visual Studio Code.app/Contents/Resources/app/extensions/ms-vscode.js-debug/resources/dark/node.svg	4.0K	CITATIONS_SOURCES	Possible citation/source registry material
/Users/sethadmin/ZZ_ARCHIVE_HOLD_iCloudDriveArchive_DO_NOT_USE_AS_ACTIVE_ROOT_20260524/Documents/Documents - SFMacBook Pro M5/LEGAL_AUTOMATION/watermelon-vscode/.vscode-test/vscode-darwin-arm64-1.109.5/Visual Studio Code.app/Contents/Resources/app/extensions/ms-vscode.js-debug/resources/logo.svg	4.0K	CITATIONS_SOURCES	Possible citation/source registry material
/Users/sethadmin/ZZ_ARCHIVE_HOLD_iCloudDriveArchive_DO_NOT_USE_AS_ACTIVE_ROOT_20260524/Documents/Documents - SFMacBook Pro M5/LEGAL_AUTOMATION/watermelon-vscode/.vscode-test/vscode-darwin-arm64-1.109.5/Visual Studio Code.app/Contents/Resources/app/extensions/ms-vscode.js-debug/readme.md	8.0K	CITATIONS_SOURCES	Possible citation/source registry material
/Users/sethadmin/ZZ_ARCHIVE_HOLD_iCloudDriveArchive_DO_NOT_USE_AS_ACTIVE_ROOT_20260524/Documents/Documents - SFMacBook Pro M5/LEGAL_AUTOMATION/watermelon-vscode/.vscode-test/vscode-darwin-arm64-1.109.5/Visual Studio Code.app/Contents/Resources/app/extensions/ms-vscode.js-debug/package.json	244K	CITATIONS_SOURCES	Possible citation/source registry material
/Users/sethadmin/ZZ_ARCHIVE_HOLD_iCloudDriveArchive_DO_NOT_USE_AS_ACTIVE_ROOT_20260524/Documents/Documents - SFMacBook Pro M5/LEGAL_AUTOMATION/watermelon-vscode/.vscode-test/vscode-darwin-arm64-1.109.5/Visual Studio Code.app/Contents/Resources/app/extensions/ms-vscode.js-debug/telemetry.json	4.0K	CITATIONS_SOURCES	Possible citation/source registry material
/Users/sethadmin/ZZ_ARCHIVE_HOLD_iCloudDriveArchive_DO_NOT_USE_AS_ACTIVE_ROOT_20260524/Documents/Documents - SFMacBook Pro M5/LEGAL_AUTOMATION/watermelon-vscode/.vscode-test/vscode-darwin-arm64-1.109.5/Visual Studio Code.app/Contents/Resources/app/extensions/ms-vscode.js-debug/LICENSE.txt	4.0K	CITATIONS_SOURCES	Possible citation/source registry material
/Users/sethadmin/ZZ_ARCHIVE_HOLD_iCloudDriveArchive_DO_NOT_USE_AS_ACTIVE_ROOT_20260524/Documents/Documents - SFMacBook Pro M5/LEGAL_AUTOMATION/watermelon-vscode/.vscode-test/vscode-darwin-arm64-1.109.5/Visual Studio Code.app/Contents/Resources/app/extensions/ms-vscode.js-debug/package.nls.json	28K	CITATIONS_SOURCES	Possible citation/source registry material
/Users/sethadmin/ZZ_ARCHIVE_HOLD_iCloudDriveArchive_DO_NOT_USE_AS_ACTIVE_ROOT_20260524/Documents/Documents - SFMacBook Pro M5/LEGAL_AUTOMATION/watermelon-vscode/.vscode-test/vscode-darwin-arm64-1.109.5/Visual Studio Code.app/Contents/Resources/app/extensions/ms-vscode.js-debug/src/ui/basic-wat.configuration.json	4.0K	CITATIONS_SOURCES	Possible citation/source registry material
/Users/sethadmin/ZZ_ARCHIVE_HOLD_iCloudDriveArchive_DO_NOT_USE_AS_ACTIVE_ROOT_20260524/Documents/Documents - SFMacBook Pro M5/LEGAL_AUTOMATION/watermelon-vscode/.vscode-test/vscode-darwin-arm64-1.109.5/Visual Studio Code.app/Contents/Resources/app/extensions/ms-vscode.js-debug/src/ui/basic-wat.tmLanguage.json	4.0K	CITATIONS_SOURCES	Possible citation/source registry material
/Users/sethadmin/ZZ_ARCHIVE_HOLD_iCloudDriveArchive_DO_NOT_USE_AS_ACTIVE_ROOT_20260524/Documents/Documents - SFMacBook Pro M5/LEGAL_AUTOMATION/watermelon-vscode/.vscode-test/vscode-darwin-arm64-1.109.5/Visual Studio Code.app/Contents/Resources/app/extensions/ms-vscode.js-debug/src/win32-app-container-tokens.win32-arm64-msvc-4ZJZ3U55.node	176K	CITATIONS_SOURCES	Possible citation/source registry material
/Users/sethadmin/ZZ_ARCHIVE_HOLD_iCloudDriveArchive_DO_NOT_USE_AS_ACTIVE_ROOT_20260524/Documents/Documents - SFMacBook Pro M5/LEGAL_AUTOMATION/watermelon-vscode/.vscode-test/vscode-darwin-arm64-1.109.5/Visual Studio Code.app/Contents/Resources/app/extensions/ms-vscode.js-debug/src/win32-app-container-tokens.win32-x64-msvc-VCQE7GJP.node	284K	CITATIONS_SOURCES	Possible citation/source registry material
/Users/sethadmin/ZZ_ARCHIVE_HOLD_iCloudDriveArchive_DO_NOT_USE_AS_ACTIVE_ROOT_20260524/Documents/Documents - SFMacBook Pro M5/LEGAL_AUTOMATION/watermelon-vscode/.vscode-test/vscode-darwin-arm64-1.109.5/Visual Studio Code.app/Contents/Resources/app/extensions/ms-vscode.js-debug/src/diagnosticTool.js	32K	CITATIONS_SOURCES	Possible citation/source registry material
/Users/sethadmin/ZZ_ARCHIVE_HOLD_iCloudDriveArchive_DO_NOT_USE_AS_ACTIVE_ROOT_20260524/Documents/Documents - SFMacBook Pro M5/LEGAL_AUTOMATION/watermelon-vscode/.vscode-test/vscode-darwin-arm64-1.109.5/Visual Studio Code.app/Contents/Resources/app/extensions/ms-vscode.js-debug/src/diagnosticTool.css	4.0K	CITATIONS_SOURCES	Possible citation/source registry material
/Users/sethadmin/ZZ_ARCHIVE_HOLD_iCloudDriveArchive_DO_NOT_USE_AS_ACTIVE_ROOT_20260524/Documents/Documents - SFMacBook Pro M5/LEGAL_AUTOMATION/watermelon-vscode/.vscode-test/vscode-darwin-arm64-1.109.5/Visual Studio Code.app/Contents/Resources/app/extensions/ms-vscode.js-debug/src/chromehash_bg.wasm	20K	CITATIONS_SOURCES	Possible citation/source registry material
/Users/sethadmin/ZZ_ARCHIVE_HOLD_iCloudDriveArchive_DO_NOT_USE_AS_ACTIVE_ROOT_20260524/Documents/Documents - SFMacBook Pro M5/LEGAL_AUTOMATION/watermelon-vscode/.vscode-test/vscode-darwin-arm64-1.109.5/Visual Studio Code.app/Contents/Resources/app/extensions/ms-vscode.js-debug/src/targets/node/terminateProcess.sh	4.0K	CITATIONS_SOURCES	Possible citation/source registry material
/Users/sethadmin/ZZ_ARCHIVE_HOLD_iCloudDriveArchive_DO_NOT_USE_AS_ACTIVE_ROOT_20260524/Documents/Documents - SFMacBook Pro M5/LEGAL_AUTOMATION/watermelon-vscode/.vscode-test/vscode-darwin-arm64-1.109.5/Visual Studio Code.app/Contents/Resources/app/extensions/ms-vscode.js-debug/src/renameWorker.js	8.0K	CITATIONS_SOURCES	Possible citation/source registry material
/Users/sethadmin/ZZ_ARCHIVE_HOLD_iCloudDriveArchive_DO_NOT_USE_AS_ACTIVE_ROOT_20260524/Documents/Documents - SFMacBook Pro M5/LEGAL_AUTOMATION/watermelon-vscode/.vscode-test/vscode-darwin-arm64-1.109.5/Visual Studio Code.app/Contents/Resources/app/extensions/ms-vscode.js-debug/src/watchdog.js	208K	CITATIONS_SOURCES	Possible citation/source registry material
/Users/sethadmin/ZZ_ARCHIVE_HOLD_iCloudDriveArchive_DO_NOT_USE_AS_ACTIVE_ROOT_20260524/Documents/Documents - SFMacBook Pro M5/LEGAL_AUTOMATION/watermelon-vscode/.vscode-test/vscode-darwin-arm64-1.109.5/Visual Studio Code.app/Contents/Resources/app/extensions/ms-vscode.js-debug/src/bootloader.js	92K	CITATIONS_SOURCES	Possible citation/source registry material
/Users/sethadmin/ZZ_ARCHIVE_HOLD_iCloudDriveArchive_DO_NOT_USE_AS_ACTIVE_ROOT_20260524/Documents/Documents - SFMacBook Pro M5/LEGAL_AUTOMATION/watermelon-vscode/.vscode-test/vscode-darwin-arm64-1.109.5/Visual Studio Code.app/Contents/Resources/app/extensions/ms-vscode.js-debug/src/hash.js	8.0K	CITATIONS_SOURCES	Possible citation/source registry material
/Users/sethadmin/ZZ_ARCHIVE_HOLD_iCloudDriveArchive_DO_NOT_USE_AS_ACTIVE_ROOT_20260524/Documents/Documents - SFMacBook Pro M5/LEGAL_AUTOMATION/watermelon-vscode/.vscode-test/vscode-darwin-arm64-1.109.5/Visual Studio Code.app/Contents/Resources/app/extensions/ms-vscode.js-debug/src/vendor/acorn-loose.js	36K	CITATIONS_SOURCES	Possible citation/source registry material
/Users/sethadmin/ZZ_ARCHIVE_HOLD_iCloudDriveArchive_DO_NOT_USE_AS_ACTIVE_ROOT_20260524/Documents/Documents - SFMacBook Pro M5/LEGAL_AUTOMATION/watermelon-vscode/.vscode-test/vscode-darwin-arm64-1.109.5/Visual Studio Code.app/Contents/Resources/app/extensions/ms-vscode.js-debug/src/vendor/acorn.js	116K	CITATIONS_SOURCES	Possible citation/source registry material
/Users/sethadmin/ZZ_ARCHIVE_HOLD_iCloudDriveArchive_DO_NOT_USE_AS_ACTIVE_ROOT_20260524/Documents/Documents - SFMacBook Pro M5/LEGAL_AUTOMATION/watermelon-vscode/.vscode-test/vscode-darwin-arm64-1.109.5/Visual Studio Code.app/Contents/Resources/app/extensions/ms-vscode.js-debug/src/extension.js	940K	CITATIONS_SOURCES	Possible citation/source registry material
/Users/sethadmin/ZZ_ARCHIVE_HOLD_iCloudDriveArchive_DO_NOT_USE_AS_ACTIVE_ROOT_20260524/Documents/Documents - SFMacBook Pro M5/LEGAL_AUTOMATION/watermelon-vscode/.vscode-test/vscode-darwin-arm64-1.109.5/Visual Studio Code.app/Contents/Resources/app/extensions/lua/package.json	4.0K	CITATIONS_SOURCES	Possible citation/source registry material
/Users/sethadmin/ZZ_ARCHIVE_HOLD_iCloudDriveArchive_DO_NOT_USE_AS_ACTIVE_ROOT_20260524/Documents/Documents - SFMacBook Pro M5/LEGAL_AUTOMATION/watermelon-vscode/.vscode-test/vscode-darwin-arm64-1.109.5/Visual Studio Code.app/Contents/Resources/app/extensions/lua/syntaxes/lua.tmLanguage.json	16K	CITATIONS_SOURCES	Possible citation/source registry material
/Users/sethadmin/ZZ_ARCHIVE_HOLD_iCloudDriveArchive_DO_NOT_USE_AS_ACTIVE_ROOT_20260524/Documents/Documents - SFMacBook Pro M5/LEGAL_AUTOMATION/watermelon-vscode/.vscode-test/vscode-darwin-arm64-1.109.5/Visual Studio Code.app/Contents/Resources/app/extensions/lua/language-configuration.json	4.0K	CITATIONS_SOURCES	Possible citation/source registry material
/Users/sethadmin/ZZ_ARCHIVE_HOLD_iCloudDriveArchive_DO_NOT_USE_AS_ACTIVE_ROOT_20260524/Documents/Documents - SFMacBook Pro M5/LEGAL_AUTOMATION/watermelon-vscode/.vscode-test/vscode-darwin-arm64-1.109.5/Visual Studio Code.app/Contents/Resources/app/extensions/lua/package.nls.json	4.0K	CITATIONS_SOURCES	Possible citation/source registry material
/Users/sethadmin/ZZ_ARCHIVE_HOLD_iCloudDriveArchive_DO_NOT_USE_AS_ACTIVE_ROOT_20260524/Documents/Documents - SFMacBook Pro M5/LEGAL_AUTOMATION/watermelon-vscode/.vscode-test/vscode-darwin-arm64-1.109.5/Visual Studio Code.app/Contents/Resources/app/extensions/emmet/dist/node/emmetNodeMain.js	248K	CITATIONS_SOURCES	Possible citation/source registry material
/Users/sethadmin/ZZ_ARCHIVE_HOLD_iCloudDriveArchive_DO_NOT_USE_AS_ACTIVE_ROOT_20260524/Documents/Documents - SFMacBook Pro M5/LEGAL_AUTOMATION/watermelon-vscode/.vscode-test/vscode-darwin-arm64-1.109.5/Visual Studio Code.app/Contents/Resources/app/extensions/emmet/images/icon.png	12K	CITATIONS_SOURCES	Possible citation/source registry material
/Users/sethadmin/ZZ_ARCHIVE_HOLD_iCloudDriveArchive_DO_NOT_USE_AS_ACTIVE_ROOT_20260524/Documents/Documents - SFMacBook Pro M5/LEGAL_AUTOMATION/watermelon-vscode/.vscode-test/vscode-darwin-arm64-1.109.5/Visual Studio Code.app/Contents/Resources/app/extensions/emmet/README.md	4.0K	CITATIONS_SOURCES	Possible citation/source registry material
/Users/sethadmin/ZZ_ARCHIVE_HOLD_iCloudDriveArchive_DO_NOT_USE_AS_ACTIVE_ROOT_20260524/Documents/Documents - SFMacBook Pro M5/LEGAL_AUTOMATION/watermelon-vscode/.vscode-test/vscode-darwin-arm64-1.109.5/Visual Studio Code.app/Contents/Resources/app/extensions/emmet/package.json	12K	CITATIONS_SOURCES	Possible citation/source registry material
/Users/sethadmin/ZZ_ARCHIVE_HOLD_iCloudDriveArchive_DO_NOT_USE_AS_ACTIVE_ROOT_20260524/Documents/Documents - SFMacBook Pro M5/LEGAL_AUTOMATION/watermelon-vscode/.vscode-test/vscode-darwin-arm64-1.109.5/Visual Studio Code.app/Contents/Resources/app/extensions/emmet/package.nls.json	8.0K	CITATIONS_SOURCES	Possible citation/source registry material
/Users/sethadmin/ZZ_ARCHIVE_HOLD_iCloudDriveArchive_DO_NOT_USE_AS_ACTIVE_ROOT_20260524/Documents/Documents - SFMacBook Pro M5/LEGAL_AUTOMATION/watermelon-vscode/.vscode-test/vscode-darwin-arm64-1.109.5/Visual Studio Code.app/Contents/Resources/app/extensions/xml/xml.language-configuration.json	4.0K	CITATIONS_SOURCES	Possible citation/source registry material
/Users/sethadmin/ZZ_ARCHIVE_HOLD_iCloudDriveArchive_DO_NOT_USE_AS_ACTIVE_ROOT_20260524/Documents/Documents - SFMacBook Pro M5/LEGAL_AUTOMATION/watermelon-vscode/.vscode-test/vscode-darwin-arm64-1.109.5/Visual Studio Code.app/Contents/Resources/app/extensions/xml/package.json	4.0K	CITATIONS_SOURCES	Possible citation/source registry material
/Users/sethadmin/ZZ_ARCHIVE_HOLD_iCloudDriveArchive_DO_NOT_USE_AS_ACTIVE_ROOT_20260524/Documents/Documents - SFMacBook Pro M5/LEGAL_AUTOMATION/watermelon-vscode/.vscode-test/vscode-darwin-arm64-1.109.5/Visual Studio Code.app/Contents/Resources/app/extensions/xml/syntaxes/xml.tmLanguage.json	8.0K	CITATIONS_SOURCES	Possible citation/source registry material
/Users/sethadmin/ZZ_ARCHIVE_HOLD_iCloudDriveArchive_DO_NOT_USE_AS_ACTIVE_ROOT_20260524/Documents/Documents - SFMacBook Pro M5/LEGAL_AUTOMATION/watermelon-vscode/.vscode-test/vscode-darwin-arm64-1.109.5/Visual Studio Code.app/Contents/Resources/app/extensions/xml/syntaxes/xsl.tmLanguage.json	4.0K	CITATIONS_SOURCES	Possible citation/source registry material
/Users/sethadmin/ZZ_ARCHIVE_HOLD_iCloudDriveArchive_DO_NOT_USE_AS_ACTIVE_ROOT_20260524/Documents/Documents - SFMacBook Pro M5/LEGAL_AUTOMATION/watermelon-vscode/.vscode-test/vscode-darwin-arm64-1.109.5/Visual Studio Code.app/Contents/Resources/app/extensions/xml/xsl.language-configuration.json	4.0K	CITATIONS_SOURCES	Possible citation/source registry material
/Users/sethadmin/ZZ_ARCHIVE_HOLD_iCloudDriveArchive_DO_NOT_USE_AS_ACTIVE_ROOT_20260524/Documents/Documents - SFMacBook Pro M5/LEGAL_AUTOMATION/watermelon-vscode/.vscode-test/vscode-darwin-arm64-1.109.5/Visual Studio Code.app/Contents/Resources/app/extensions/xml/package.nls.json	4.0K	CITATIONS_SOURCES	Possible citation/source registry material
/Users/sethadmin/ZZ_ARCHIVE_HOLD_iCloudDriveArchive_DO_NOT_USE_AS_ACTIVE_ROOT_20260524/Documents/Documents - SFMacBook Pro M5/LEGAL_AUTOMATION/watermelon-vscode/.vscode-test/vscode-darwin-arm64-1.109.5/Visual Studio Code.app/Contents/Resources/app/extensions/theme-quietlight/package.json	4.0K	CITATIONS_SOURCES	Possible citation/source registry material
/Users/sethadmin/ZZ_ARCHIVE_HOLD_iCloudDriveArchive_DO_NOT_USE_AS_ACTIVE_ROOT_20260524/Documents/Documents - SFMacBook Pro M5/LEGAL_AUTOMATION/watermelon-vscode/.vscode-test/vscode-darwin-arm64-1.109.5/Visual Studio Code.app/Contents/Resources/app/extensions/theme-quietlight/themes/quietlight-color-theme.json	12K	CITATIONS_SOURCES	Possible citation/source registry material
/Users/sethadmin/ZZ_ARCHIVE_HOLD_iCloudDriveArchive_DO_NOT_USE_AS_ACTIVE_ROOT_20260524/Documents/Documents - SFMacBook Pro M5/LEGAL_AUTOMATION/watermelon-vscode/.vscode-test/vscode-darwin-arm64-1.109.5/Visual Studio Code.app/Contents/Resources/app/extensions/theme-quietlight/package.nls.json	4.0K	CITATIONS_SOURCES	Possible citation/source registry material
/Users/sethadmin/ZZ_ARCHIVE_HOLD_iCloudDriveArchive_DO_NOT_USE_AS_ACTIVE_ROOT_20260524/Documents/Documents - SFMacBook Pro M5/LEGAL_AUTOMATION/watermelon-vscode/.vscode-test/vscode-darwin-arm64-1.109.5/Visual Studio Code.app/Contents/Resources/app/extensions/vb/snippets/vb.code-snippets	4.0K	CITATIONS_SOURCES	Possible citation/source registry material
/Users/sethadmin/ZZ_ARCHIVE_HOLD_iCloudDriveArchive_DO_NOT_USE_AS_ACTIVE_ROOT_20260524/Documents/Documents - SFMacBook Pro M5/LEGAL_AUTOMATION/watermelon-vscode/.vscode-test/vscode-darwin-arm64-1.109.5/Visual Studio Code.app/Contents/Resources/app/extensions/vb/package.json	4.0K	CITATIONS_SOURCES	Possible citation/source registry material
/Users/sethadmin/ZZ_ARCHIVE_HOLD_iCloudDriveArchive_DO_NOT_USE_AS_ACTIVE_ROOT_20260524/Documents/Documents - SFMacBook Pro M5/LEGAL_AUTOMATION/watermelon-vscode/.vscode-test/vscode-darwin-arm64-1.109.5/Visual Studio Code.app/Contents/Resources/app/extensions/vb/syntaxes/asp-vb-net.tmLanguage.json	8.0K	CITATIONS_SOURCES	Possible citation/source registry material
/Users/sethadmin/ZZ_ARCHIVE_HOLD_iCloudDriveArchive_DO_NOT_USE_AS_ACTIVE_ROOT_20260524/Documents/Documents - SFMacBook Pro M5/LEGAL_AUTOMATION/watermelon-vscode/.vscode-test/vscode-darwin-arm64-1.109.5/Visual Studio Code.app/Contents/Resources/app/extensions/vb/language-configuration.json	4.0K	CITATIONS_SOURCES	Possible citation/source registry material
/Users/sethadmin/ZZ_ARCHIVE_HOLD_iCloudDriveArchive_DO_NOT_USE_AS_ACTIVE_ROOT_20260524/Documents/Documents - SFMacBook Pro M5/LEGAL_AUTOMATION/watermelon-vscode/.vscode-test/vscode-darwin-arm64-1.109.5/Visual Studio Code.app/Contents/Resources/app/extensions/vb/package.nls.json	4.0K	CITATIONS_SOURCES	Possible citation/source registry material
/Users/sethadmin/ZZ_ARCHIVE_HOLD_iCloudDriveArchive_DO_NOT_USE_AS_ACTIVE_ROOT_20260524/Documents/Documents - SFMacBook Pro M5/LEGAL_AUTOMATION/watermelon-vscode/.vscode-test/vscode-darwin-arm64-1.109.5/Visual Studio Code.app/Contents/Resources/app/extensions/theme-solarized-dark/package.json	4.0K	CITATIONS_SOURCES	Possible citation/source registry material
/Users/sethadmin/ZZ_ARCHIVE_HOLD_iCloudDriveArchive_DO_NOT_USE_AS_ACTIVE_ROOT_20260524/Documents/Documents - SFMacBook Pro M5/LEGAL_AUTOMATION/watermelon-vscode/.vscode-test/vscode-darwin-arm64-1.109.5/Visual Studio Code.app/Contents/Resources/app/extensions/theme-solarized-dark/themes/solarized-dark-color-theme.json	8.0K	CITATIONS_SOURCES	Possible citation/source registry material
/Users/sethadmin/ZZ_ARCHIVE_HOLD_iCloudDriveArchive_DO_NOT_USE_AS_ACTIVE_ROOT_20260524/Documents/Documents - SFMacBook Pro M5/LEGAL_AUTOMATION/watermelon-vscode/.vscode-test/vscode-darwin-arm64-1.109.5/Visual Studio Code.app/Contents/Resources/app/extensions/theme-solarized-dark/package.nls.json	4.0K	CITATIONS_SOURCES	Possible citation/source registry material
/Users/sethadmin/ZZ_ARCHIVE_HOLD_iCloudDriveArchive_DO_NOT_USE_AS_ACTIVE_ROOT_20260524/Documents/Documents - SFMacBook Pro M5/LEGAL_AUTOMATION/watermelon-vscode/.vscode-test/vscode-darwin-arm64-1.109.5/Visual Studio Code.app/Contents/Resources/app/extensions/powershell/package.json	4.0K	CITATIONS_SOURCES	Possible citation/source registry material
/Users/sethadmin/ZZ_ARCHIVE_HOLD_iCloudDriveArchive_DO_NOT_USE_AS_ACTIVE_ROOT_20260524/Documents/Documents - SFMacBook Pro M5/LEGAL_AUTOMATION/watermelon-vscode/.vscode-test/vscode-darwin-arm64-1.109.5/Visual Studio Code.app/Contents/Resources/app/extensions/powershell/syntaxes/powershell.tmLanguage.json	24K	CITATIONS_SOURCES	Possible citation/source registry material
/Users/sethadmin/ZZ_ARCHIVE_HOLD_iCloudDriveArchive_DO_NOT_USE_AS_ACTIVE_ROOT_20260524/Documents/Documents - SFMacBook Pro M5/LEGAL_AUTOMATION/watermelon-vscode/.vscode-test/vscode-darwin-arm64-1.109.5/Visual Studio Code.app/Contents/Resources/app/extensions/powershell/language-configuration.json	4.0K	CITATIONS_SOURCES	Possible citation/source registry material
/Users/sethadmin/ZZ_ARCHIVE_HOLD_iCloudDriveArchive_DO_NOT_USE_AS_ACTIVE_ROOT_20260524/Documents/Documents - SFMacBook Pro M5/LEGAL_AUTOMATION/watermelon-vscode/.vscode-test/vscode-darwin-arm64-1.109.5/Visual Studio Code.app/Contents/Resources/app/extensions/powershell/package.nls.json	4.0K	CITATIONS_SOURCES	Possible citation/source registry material
/Users/sethadmin/ZZ_ARCHIVE_HOLD_iCloudDriveArchive_DO_NOT_USE_AS_ACTIVE_ROOT_20260524/Documents/Documents - SFMacBook Pro M5/LEGAL_AUTOMATION/watermelon-vscode/.vscode-test/vscode-darwin-arm64-1.109.5/Visual Studio Code.app/Contents/Resources/app/extensions/typescript-basics/snippets/typescript.code-snippets	8.0K	CITATIONS_SOURCES	Possible citation/source registry material
/Users/sethadmin/ZZ_ARCHIVE_HOLD_iCloudDriveArchive_DO_NOT_USE_AS_ACTIVE_ROOT_20260524/Documents/Documents - SFMacBook Pro M5/LEGAL_AUTOMATION/watermelon-vscode/.vscode-test/vscode-darwin-arm64-1.109.5/Visual Studio Code.app/Contents/Resources/app/extensions/typescript-basics/package.json	4.0K	CITATIONS_SOURCES	Possible citation/source registry material
/Users/sethadmin/ZZ_ARCHIVE_HOLD_iCloudDriveArchive_DO_NOT_USE_AS_ACTIVE_ROOT_20260524/Documents/Documents - SFMacBook Pro M5/LEGAL_AUTOMATION/watermelon-vscode/.vscode-test/vscode-darwin-arm64-1.109.5/Visual Studio Code.app/Contents/Resources/app/extensions/typescript-basics/syntaxes/jsdoc.js.injection.tmLanguage.json	4.0K	CITATIONS_SOURCES	Possible citation/source registry material
/Users/sethadmin/ZZ_ARCHIVE_HOLD_iCloudDriveArchive_DO_NOT_USE_AS_ACTIVE_ROOT_20260524/Documents/Documents - SFMacBook Pro M5/LEGAL_AUTOMATION/watermelon-vscode/.vscode-test/vscode-darwin-arm64-1.109.5/Visual Studio Code.app/Contents/Resources/app/extensions/typescript-basics/syntaxes/TypeScript.tmLanguage.json	192K	CITATIONS_SOURCES	Possible citation/source registry material
/Users/sethadmin/ZZ_ARCHIVE_HOLD_iCloudDriveArchive_DO_NOT_USE_AS_ACTIVE_ROOT_20260524/Documents/Documents - SFMacBook Pro M5/LEGAL_AUTOMATION/watermelon-vscode/.vscode-test/vscode-darwin-arm64-1.109.5/Visual Studio Code.app/Contents/Resources/app/extensions/typescript-basics/syntaxes/TypeScriptReact.tmLanguage.json	188K	CITATIONS_SOURCES	Possible citation/source registry material
/Users/sethadmin/ZZ_ARCHIVE_HOLD_iCloudDriveArchive_DO_NOT_USE_AS_ACTIVE_ROOT_20260524/Documents/Documents - SFMacBook Pro M5/LEGAL_AUTOMATION/watermelon-vscode/.vscode-test/vscode-darwin-arm64-1.109.5/Visual Studio Code.app/Contents/Resources/app/extensions/typescript-basics/syntaxes/jsdoc.ts.injection.tmLanguage.json	4.0K	CITATIONS_SOURCES	Possible citation/source registry material
/Users/sethadmin/ZZ_ARCHIVE_HOLD_iCloudDriveArchive_DO_NOT_USE_AS_ACTIVE_ROOT_20260524/Documents/Documents - SFMacBook Pro M5/LEGAL_AUTOMATION/watermelon-vscode/.vscode-test/vscode-darwin-arm64-1.109.5/Visual Studio Code.app/Contents/Resources/app/extensions/typescript-basics/language-configuration.json	4.0K	CITATIONS_SOURCES	Possible citation/source registry material
/Users/sethadmin/ZZ_ARCHIVE_HOLD_iCloudDriveArchive_DO_NOT_USE_AS_ACTIVE_ROOT_20260524/Documents/Documents - SFMacBook Pro M5/LEGAL_AUTOMATION/watermelon-vscode/.vscode-test/vscode-darwin-arm64-1.109.5/Visual Studio Code.app/Contents/Resources/app/extensions/typescript-basics/package.nls.json	4.0K	CITATIONS_SOURCES	Possible citation/source registry material
/Users/sethadmin/ZZ_ARCHIVE_HOLD_iCloudDriveArchive_DO_NOT_USE_AS_ACTIVE_ROOT_20260524/Documents/Documents - SFMacBook Pro M5/LEGAL_AUTOMATION/watermelon-vscode/.vscode-test/vscode-darwin-arm64-1.109.5/Visual Studio Code.app/Contents/Resources/app/extensions/debug-auto-launch/dist/extension.js	8.0K	CITATIONS_SOURCES	Possible citation/source registry material
/Users/sethadmin/ZZ_ARCHIVE_HOLD_iCloudDriveArchive_DO_NOT_USE_AS_ACTIVE_ROOT_20260524/Documents/Documents - SFMacBook Pro M5/LEGAL_AUTOMATION/watermelon-vscode/.vscode-test/vscode-darwin-arm64-1.109.5/Visual Studio Code.app/Contents/Resources/app/extensions/debug-auto-launch/package.json	4.0K	CITATIONS_SOURCES	Possible citation/source registry material
/Users/sethadmin/ZZ_ARCHIVE_HOLD_iCloudDriveArchive_DO_NOT_USE_AS_ACTIVE_ROOT_20260524/Documents/Documents - SFMacBook Pro M5/LEGAL_AUTOMATION/watermelon-vscode/.vscode-test/vscode-darwin-arm64-1.109.5/Visual Studio Code.app/Contents/Resources/app/extensions/debug-auto-launch/.vscode/launch.json	4.0K	CITATIONS_SOURCES	Possible citation/source registry material
/Users/sethadmin/ZZ_ARCHIVE_HOLD_iCloudDriveArchive_DO_NOT_USE_AS_ACTIVE_ROOT_20260524/Documents/Documents - SFMacBook Pro M5/LEGAL_AUTOMATION/watermelon-vscode/.vscode-test/vscode-darwin-arm64-1.109.5/Visual Studio Code.app/Contents/Resources/app/extensions/debug-auto-launch/package.nls.json	4.0K	CITATIONS_SOURCES	Possible citation/source registry material
/Users/sethadmin/ZZ_ARCHIVE_HOLD_iCloudDriveArchive_DO_NOT_USE_AS_ACTIVE_ROOT_20260524/Documents/Documents - SFMacBook Pro M5/LEGAL_AUTOMATION/watermelon-vscode/.vscode-test/vscode-darwin-arm64-1.109.5/Visual Studio Code.app/Contents/Resources/app/extensions/debug-auto-launch/media/icon.png	8.0K	CITATIONS_SOURCES	Possible citation/source registry material
/Users/sethadmin/ZZ_ARCHIVE_HOLD_iCloudDriveArchive_DO_NOT_USE_AS_ACTIVE_ROOT_20260524/Documents/Documents - SFMacBook Pro M5/LEGAL_AUTOMATION/watermelon-vscode/.vscode-test/vscode-darwin-arm64-1.109.5/Visual Studio Code.app/Contents/Resources/app/extensions/debug-server-ready/dist/extension.js	8.0K	CITATIONS_SOURCES	Possible citation/source registry material
/Users/sethadmin/ZZ_ARCHIVE_HOLD_iCloudDriveArchive_DO_NOT_USE_AS_ACTIVE_ROOT_20260524/Documents/Documents - SFMacBook Pro M5/LEGAL_AUTOMATION/watermelon-vscode/.vscode-test/vscode-darwin-arm64-1.109.5/Visual Studio Code.app/Contents/Resources/app/extensions/debug-server-ready/package.json	8.0K	CITATIONS_SOURCES	Possible citation/source registry material
/Users/sethadmin/ZZ_ARCHIVE_HOLD_iCloudDriveArchive_DO_NOT_USE_AS_ACTIVE_ROOT_20260524/Documents/Documents - SFMacBook Pro M5/LEGAL_AUTOMATION/watermelon-vscode/.vscode-test/vscode-darwin-arm64-1.109.5/Visual Studio Code.app/Contents/Resources/app/extensions/debug-server-ready/package.nls.json	4.0K	CITATIONS_SOURCES	Possible citation/source registry material
/Users/sethadmin/ZZ_ARCHIVE_HOLD_iCloudDriveArchive_DO_NOT_USE_AS_ACTIVE_ROOT_20260524/Documents/Documents - SFMacBook Pro M5/LEGAL_AUTOMATION/watermelon-vscode/.vscode-test/vscode-darwin-arm64-1.109.5/Visual Studio Code.app/Contents/Resources/app/extensions/debug-server-ready/media/icon.png	12K	CITATIONS_SOURCES	Possible citation/source registry material
/Users/sethadmin/ZZ_ARCHIVE_HOLD_iCloudDriveArchive_DO_NOT_USE_AS_ACTIVE_ROOT_20260524/Documents/Documents - SFMacBook Pro M5/LEGAL_AUTOMATION/watermelon-vscode/.vscode-test/vscode-darwin-arm64-1.109.5/Visual Studio Code.app/Contents/Resources/app/extensions/ini/properties.language-configuration.json	4.0K	CITATIONS_SOURCES	Possible citation/source registry material
/Users/sethadmin/ZZ_ARCHIVE_HOLD_iCloudDriveArchive_DO_NOT_USE_AS_ACTIVE_ROOT_20260524/Documents/Documents - SFMacBook Pro M5/LEGAL_AUTOMATION/watermelon-vscode/.vscode-test/vscode-darwin-arm64-1.109.5/Visual Studio Code.app/Contents/Resources/app/extensions/ini/ini.language-configuration.json	4.0K	CITATIONS_SOURCES	Possible citation/source registry material
/Users/sethadmin/ZZ_ARCHIVE_HOLD_iCloudDriveArchive_DO_NOT_USE_AS_ACTIVE_ROOT_20260524/Documents/Documents - SFMacBook Pro M5/LEGAL_AUTOMATION/watermelon-vscode/.vscode-test/vscode-darwin-arm64-1.109.5/Visual Studio Code.app/Contents/Resources/app/extensions/ini/package.json	4.0K	CITATIONS_SOURCES	Possible citation/source registry material
/Users/sethadmin/ZZ_ARCHIVE_HOLD_iCloudDriveArchive_DO_NOT_USE_AS_ACTIVE_ROOT_20260524/Documents/Documents - SFMacBook Pro M5/LEGAL_AUTOMATION/watermelon-vscode/.vscode-test/vscode-darwin-arm64-1.109.5/Visual Studio Code.app/Contents/Resources/app/extensions/ini/syntaxes/ini.tmLanguage.json	4.0K	CITATIONS_SOURCES	Possible citation/source registry material
/Users/sethadmin/ZZ_ARCHIVE_HOLD_iCloudDriveArchive_DO_NOT_USE_AS_ACTIVE_ROOT_20260524/Documents/Documents - SFMacBook Pro M5/LEGAL_AUTOMATION/watermelon-vscode/.vscode-test/vscode-darwin-arm64-1.109.5/Visual Studio Code.app/Contents/Resources/app/extensions/ini/package.nls.json	4.0K	CITATIONS_SOURCES	Possible citation/source registry material
/Users/sethadmin/ZZ_ARCHIVE_HOLD_iCloudDriveArchive_DO_NOT_USE_AS_ACTIVE_ROOT_20260524/Documents/Documents - SFMacBook Pro M5/LEGAL_AUTOMATION/watermelon-vscode/.vscode-test/vscode-darwin-arm64-1.109.5/Visual Studio Code.app/Contents/Resources/app/extensions/json/package.json	4.0K	CITATIONS_SOURCES	Possible citation/source registry material
/Users/sethadmin/ZZ_ARCHIVE_HOLD_iCloudDriveArchive_DO_NOT_USE_AS_ACTIVE_ROOT_20260524/Documents/Documents - SFMacBook Pro M5/LEGAL_AUTOMATION/watermelon-vscode/.vscode-test/vscode-darwin-arm64-1.109.5/Visual Studio Code.app/Contents/Resources/app/extensions/json/syntaxes/JSONL.tmLanguage.json	4.0K	CITATIONS_SOURCES	Possible citation/source registry material
/Users/sethadmin/ZZ_ARCHIVE_HOLD_iCloudDriveArchive_DO_NOT_USE_AS_ACTIVE_ROOT_20260524/Documents/Documents - SFMacBook Pro M5/LEGAL_AUTOMATION/watermelon-vscode/.vscode-test/vscode-darwin-arm64-1.109.5/Visual Studio Code.app/Contents/Resources/app/extensions/json/syntaxes/JSONC.tmLanguage.json	8.0K	CITATIONS_SOURCES	Possible citation/source registry material
/Users/sethadmin/ZZ_ARCHIVE_HOLD_iCloudDriveArchive_DO_NOT_USE_AS_ACTIVE_ROOT_20260524/Documents/Documents - SFMacBook Pro M5/LEGAL_AUTOMATION/watermelon-vscode/.vscode-test/vscode-darwin-arm64-1.109.5/Visual Studio Code.app/Contents/Resources/app/extensions/json/syntaxes/JSON.tmLanguage.json	4.0K	CITATIONS_SOURCES	Possible citation/source registry material
/Users/sethadmin/ZZ_ARCHIVE_HOLD_iCloudDriveArchive_DO_NOT_USE_AS_ACTIVE_ROOT_20260524/Documents/Documents - SFMacBook Pro M5/LEGAL_AUTOMATION/watermelon-vscode/.vscode-test/vscode-darwin-arm64-1.109.5/Visual Studio Code.app/Contents/Resources/app/extensions/json/syntaxes/snippets.tmLanguage.json	248K	CITATIONS_SOURCES	Possible citation/source registry material
/Users/sethadmin/ZZ_ARCHIVE_HOLD_iCloudDriveArchive_DO_NOT_USE_AS_ACTIVE_ROOT_20260524/Documents/Documents - SFMacBook Pro M5/LEGAL_AUTOMATION/watermelon-vscode/.vscode-test/vscode-darwin-arm64-1.109.5/Visual Studio Code.app/Contents/Resources/app/extensions/json/language-configuration.json	4.0K	CITATIONS_SOURCES	Possible citation/source registry material
/Users/sethadmin/ZZ_ARCHIVE_HOLD_iCloudDriveArchive_DO_NOT_USE_AS_ACTIVE_ROOT_20260524/Documents/Documents - SFMacBook Pro M5/LEGAL_AUTOMATION/watermelon-vscode/.vscode-test/vscode-darwin-arm64-1.109.5/Visual Studio Code.app/Contents/Resources/app/extensions/json/package.nls.json	4.0K	CITATIONS_SOURCES	Possible citation/source registry material
/Users/sethadmin/ZZ_ARCHIVE_HOLD_iCloudDriveArchive_DO_NOT_USE_AS_ACTIVE_ROOT_20260524/Documents/Documents - SFMacBook Pro M5/LEGAL_AUTOMATION/watermelon-vscode/.vscode-test/vscode-darwin-arm64-1.109.5/Visual Studio Code.app/Contents/Resources/app/extensions/theme-tomorrow-night-blue/package.json	4.0K	CITATIONS_SOURCES	Possible citation/source registry material
/Users/sethadmin/ZZ_ARCHIVE_HOLD_iCloudDriveArchive_DO_NOT_USE_AS_ACTIVE_ROOT_20260524/Documents/Documents - SFMacBook Pro M5/LEGAL_AUTOMATION/watermelon-vscode/.vscode-test/vscode-darwin-arm64-1.109.5/Visual Studio Code.app/Contents/Resources/app/extensions/theme-tomorrow-night-blue/themes/tomorrow-night-blue-color-theme.json	8.0K	CITATIONS_SOURCES	Possible citation/source registry material
/Users/sethadmin/ZZ_ARCHIVE_HOLD_iCloudDriveArchive_DO_NOT_USE_AS_ACTIVE_ROOT_20260524/Documents/Documents - SFMacBook Pro M5/LEGAL_AUTOMATION/watermelon-vscode/.vscode-test/vscode-darwin-arm64-1.109.5/Visual Studio Code.app/Contents/Resources/app/extensions/theme-tomorrow-night-blue/package.nls.json	4.0K	CITATIONS_SOURCES	Possible citation/source registry material
/Users/sethadmin/ZZ_ARCHIVE_HOLD_iCloudDriveArchive_DO_NOT_USE_AS_ACTIVE_ROOT_20260524/Documents/Documents - SFMacBook Pro M5/LEGAL_AUTOMATION/watermelon-vscode/.vscode-test/vscode-darwin-arm64-1.109.5/Visual Studio Code.app/Contents/Resources/app/extensions/github/dist/430.js	92K	CITATIONS_SOURCES	Possible citation/source registry material
/Users/sethadmin/ZZ_ARCHIVE_HOLD_iCloudDriveArchive_DO_NOT_USE_AS_ACTIVE_ROOT_20260524/Documents/Documents - SFMacBook Pro M5/LEGAL_AUTOMATION/watermelon-vscode/.vscode-test/vscode-darwin-arm64-1.109.5/Visual Studio Code.app/Contents/Resources/app/extensions/github/dist/extension.js.LICENSE.txt	4.0K	CITATIONS_SOURCES	Possible citation/source registry material
/Users/sethadmin/ZZ_ARCHIVE_HOLD_iCloudDriveArchive_DO_NOT_USE_AS_ACTIVE_ROOT_20260524/Documents/Documents - SFMacBook Pro M5/LEGAL_AUTOMATION/watermelon-vscode/.vscode-test/vscode-darwin-arm64-1.109.5/Visual Studio Code.app/Contents/Resources/app/extensions/github/dist/555.js	4.0K	CITATIONS_SOURCES	Possible citation/source registry material
/Users/sethadmin/ZZ_ARCHIVE_HOLD_iCloudDriveArchive_DO_NOT_USE_AS_ACTIVE_ROOT_20260524/Documents/Documents - SFMacBook Pro M5/LEGAL_AUTOMATION/watermelon-vscode/.vscode-test/vscode-darwin-arm64-1.109.5/Visual Studio Code.app/Contents/Resources/app/extensions/github/dist/698.js	12K	CITATIONS_SOURCES	Possible citation/source registry material
/Users/sethadmin/ZZ_ARCHIVE_HOLD_iCloudDriveArchive_DO_NOT_USE_AS_ACTIVE_ROOT_20260524/Documents/Documents - SFMacBook Pro M5/LEGAL_AUTOMATION/watermelon-vscode/.vscode-test/vscode-darwin-arm64-1.109.5/Visual Studio Code.app/Contents/Resources/app/extensions/github/dist/extension.js	200K	CITATIONS_SOURCES	Possible citation/source registry material
/Users/sethadmin/ZZ_ARCHIVE_HOLD_iCloudDriveArchive_DO_NOT_USE_AS_ACTIVE_ROOT_20260524/Documents/Documents - SFMacBook Pro M5/LEGAL_AUTOMATION/watermelon-vscode/.vscode-test/vscode-darwin-arm64-1.109.5/Visual Studio Code.app/Contents/Resources/app/extensions/github/images/icon.png	4.0K	CITATIONS_SOURCES	Possible citation/source registry material
/Users/sethadmin/ZZ_ARCHIVE_HOLD_iCloudDriveArchive_DO_NOT_USE_AS_ACTIVE_ROOT_20260524/Documents/Documents - SFMacBook Pro M5/LEGAL_AUTOMATION/watermelon-vscode/.vscode-test/vscode-darwin-arm64-1.109.5/Visual Studio Code.app/Contents/Resources/app/extensions/github/markdown.css	4.0K	CITATIONS_SOURCES	Possible citation/source registry material
/Users/sethadmin/ZZ_ARCHIVE_HOLD_iCloudDriveArchive_DO_NOT_USE_AS_ACTIVE_ROOT_20260524/Documents/Documents - SFMacBook Pro M5/LEGAL_AUTOMATION/watermelon-vscode/.vscode-test/vscode-darwin-arm64-1.109.5/Visual Studio Code.app/Contents/Resources/app/extensions/github/README.md	4.0K	CITATIONS_SOURCES	Possible citation/source registry material
/Users/sethadmin/ZZ_ARCHIVE_HOLD_iCloudDriveArchive_DO_NOT_USE_AS_ACTIVE_ROOT_20260524/Documents/Documents - SFMacBook Pro M5/LEGAL_AUTOMATION/watermelon-vscode/.vscode-test/vscode-darwin-arm64-1.109.5/Visual Studio Code.app/Contents/Resources/app/extensions/github/package.json	8.0K	CITATIONS_SOURCES	Possible citation/source registry material
/Users/sethadmin/ZZ_ARCHIVE_HOLD_iCloudDriveArchive_DO_NOT_USE_AS_ACTIVE_ROOT_20260524/Documents/Documents - SFMacBook Pro M5/LEGAL_AUTOMATION/watermelon-vscode/.vscode-test/vscode-darwin-arm64-1.109.5/Visual Studio Code.app/Contents/Resources/app/extensions/github/package.nls.json	4.0K	CITATIONS_SOURCES	Possible citation/source registry material
/Users/sethadmin/ZZ_ARCHIVE_HOLD_iCloudDriveArchive_DO_NOT_USE_AS_ACTIVE_ROOT_20260524/Documents/Documents - SFMacBook Pro M5/LEGAL_AUTOMATION/watermelon-vscode/.vscode-test/vscode-darwin-arm64-1.109.5/Visual Studio Code.app/Contents/Resources/app/extensions/markdown-language-features/icon.png	4.0K	CITATIONS_SOURCES	Possible citation/source registry material
/Users/sethadmin/ZZ_ARCHIVE_HOLD_iCloudDriveArchive_DO_NOT_USE_AS_ACTIVE_ROOT_20260524/Documents/Documents - SFMacBook Pro M5/LEGAL_AUTOMATION/watermelon-vscode/.vscode-test/vscode-darwin-arm64-1.109.5/Visual Studio Code.app/Contents/Resources/app/extensions/markdown-language-features/notebook-out/index.js	136K	CITATIONS_SOURCES	Possible citation/source registry material
/Users/sethadmin/ZZ_ARCHIVE_HOLD_iCloudDriveArchive_DO_NOT_USE_AS_ACTIVE_ROOT_20260524/Documents/Documents - SFMacBook Pro M5/LEGAL_AUTOMATION/watermelon-vscode/.vscode-test/vscode-darwin-arm64-1.109.5/Visual Studio Code.app/Contents/Resources/app/extensions/markdown-language-features/dist/extension.js.LICENSE.txt	4.0K	CITATIONS_SOURCES	Possible citation/source registry material
/Users/sethadmin/ZZ_ARCHIVE_HOLD_iCloudDriveArchive_DO_NOT_USE_AS_ACTIVE_ROOT_20260524/Documents/Documents - SFMacBook Pro M5/LEGAL_AUTOMATION/watermelon-vscode/.vscode-test/vscode-darwin-arm64-1.109.5/Visual Studio Code.app/Contents/Resources/app/extensions/markdown-language-features/dist/serverWorkerMain.js.LICENSE.txt	4.0K	CITATIONS_SOURCES	Possible citation/source registry material
/Users/sethadmin/ZZ_ARCHIVE_HOLD_iCloudDriveArchive_DO_NOT_USE_AS_ACTIVE_ROOT_20260524/Documents/Documents - SFMacBook Pro M5/LEGAL_AUTOMATION/watermelon-vscode/.vscode-test/vscode-darwin-arm64-1.109.5/Visual Studio Code.app/Contents/Resources/app/extensions/markdown-language-features/dist/serverWorkerMain.js	584K	CITATIONS_SOURCES	Possible citation/source registry material
/Users/sethadmin/ZZ_ARCHIVE_HOLD_iCloudDriveArchive_DO_NOT_USE_AS_ACTIVE_ROOT_20260524/Documents/Documents - SFMacBook Pro M5/LEGAL_AUTOMATION/watermelon-vscode/.vscode-test/vscode-darwin-arm64-1.109.5/Visual Studio Code.app/Contents/Resources/app/extensions/markdown-language-features/dist/extension.js	1.6M	CITATIONS_SOURCES	Possible citation/source registry material
/Users/sethadmin/ZZ_ARCHIVE_HOLD_iCloudDriveArchive_DO_NOT_USE_AS_ACTIVE_ROOT_20260524/Documents/Documents - SFMacBook Pro M5/LEGAL_AUTOMATION/watermelon-vscode/.vscode-test/vscode-darwin-arm64-1.109.5/Visual Studio Code.app/Contents/Resources/app/extensions/markdown-language-features/schemas/package.schema.json	4.0K	CITATIONS_SOURCES	Possible citation/source registry material
/Users/sethadmin/ZZ_ARCHIVE_HOLD_iCloudDriveArchive_DO_NOT_USE_AS_ACTIVE_ROOT_20260524/Documents/Documents - SFMacBook Pro M5/LEGAL_AUTOMATION/watermelon-vscode/.vscode-test/vscode-darwin-arm64-1.109.5/Visual Studio Code.app/Contents/Resources/app/extensions/markdown-language-features/README.md	4.0K	CITATIONS_SOURCES	Possible citation/source registry material
/Users/sethadmin/ZZ_ARCHIVE_HOLD_iCloudDriveArchive_DO_NOT_USE_AS_ACTIVE_ROOT_20260524/Documents/Documents - SFMacBook Pro M5/LEGAL_AUTOMATION/watermelon-vscode/.vscode-test/vscode-darwin-arm64-1.109.5/Visual Studio Code.app/Contents/Resources/app/extensions/markdown-language-features/package.json	20K	CITATIONS_SOURCES	Possible citation/source registry material
/Users/sethadmin/ZZ_ARCHIVE_HOLD_iCloudDriveArchive_DO_NOT_USE_AS_ACTIVE_ROOT_20260524/Documents/Documents - SFMacBook Pro M5/LEGAL_AUTOMATION/watermelon-vscode/.vscode-test/vscode-darwin-arm64-1.109.5/Visual Studio Code.app/Contents/Resources/app/extensions/markdown-language-features/package.nls.json	16K	CITATIONS_SOURCES	Possible citation/source registry material
/Users/sethadmin/ZZ_ARCHIVE_HOLD_iCloudDriveArchive_DO_NOT_USE_AS_ACTIVE_ROOT_20260524/Documents/Documents - SFMacBook Pro M5/LEGAL_AUTOMATION/watermelon-vscode/.vscode-test/vscode-darwin-arm64-1.109.5/Visual Studio Code.app/Contents/Resources/app/extensions/markdown-language-features/media/preview-light.svg	4.0K	CITATIONS_SOURCES	Possible citation/source registry material
/Users/sethadmin/ZZ_ARCHIVE_HOLD_iCloudDriveArchive_DO_NOT_USE_AS_ACTIVE_ROOT_20260524/Documents/Documents - SFMacBook Pro M5/LEGAL_AUTOMATION/watermelon-vscode/.vscode-test/vscode-darwin-arm64-1.109.5/Visual Studio Code.app/Contents/Resources/app/extensions/markdown-language-features/media/highlight.css	4.0K	CITATIONS_SOURCES	Possible citation/source registry material
/Users/sethadmin/ZZ_ARCHIVE_HOLD_iCloudDriveArchive_DO_NOT_USE_AS_ACTIVE_ROOT_20260524/Documents/Documents - SFMacBook Pro M5/LEGAL_AUTOMATION/watermelon-vscode/.vscode-test/vscode-darwin-arm64-1.109.5/Visual Studio Code.app/Contents/Resources/app/extensions/markdown-language-features/media/preview-dark.svg	4.0K	CITATIONS_SOURCES	Possible citation/source registry material
/Users/sethadmin/ZZ_ARCHIVE_HOLD_iCloudDriveArchive_DO_NOT_USE_AS_ACTIVE_ROOT_20260524/Documents/Documents - SFMacBook Pro M5/LEGAL_AUTOMATION/watermelon-vscode/.vscode-test/vscode-darwin-arm64-1.109.5/Visual Studio Code.app/Contents/Resources/app/extensions/markdown-language-features/media/markdown.css	8.0K	CITATIONS_SOURCES	Possible citation/source registry material
/Users/sethadmin/ZZ_ARCHIVE_HOLD_iCloudDriveArchive_DO_NOT_USE_AS_ACTIVE_ROOT_20260524/Documents/Documents - SFMacBook Pro M5/LEGAL_AUTOMATION/watermelon-vscode/.vscode-test/vscode-darwin-arm64-1.109.5/Visual Studio Code.app/Contents/Resources/app/extensions/markdown-language-features/media/index.js	16K	CITATIONS_SOURCES	Possible citation/source registry material
/Users/sethadmin/ZZ_ARCHIVE_HOLD_iCloudDriveArchive_DO_NOT_USE_AS_ACTIVE_ROOT_20260524/Documents/Documents - SFMacBook Pro M5/LEGAL_AUTOMATION/watermelon-vscode/.vscode-test/vscode-darwin-arm64-1.109.5/Visual Studio Code.app/Contents/Resources/app/extensions/markdown-language-features/media/pre.js	4.0K	CITATIONS_SOURCES	Possible citation/source registry material
/Users/sethadmin/ZZ_ARCHIVE_HOLD_iCloudDriveArchive_DO_NOT_USE_AS_ACTIVE_ROOT_20260524/Documents/Documents - SFMacBook Pro M5/LEGAL_AUTOMATION/watermelon-vscode/.vscode-test/vscode-darwin-arm64-1.109.5/Visual Studio Code.app/Contents/Resources/app/extensions/git-base/dist/extension.js	12K	CITATIONS_SOURCES	Possible citation/source registry material
/Users/sethadmin/ZZ_ARCHIVE_HOLD_iCloudDriveArchive_DO_NOT_USE_AS_ACTIVE_ROOT_20260524/Documents/Documents - SFMacBook Pro M5/LEGAL_AUTOMATION/watermelon-vscode/.vscode-test/vscode-darwin-arm64-1.109.5/Visual Studio Code.app/Contents/Resources/app/extensions/git-base/resources/icons/git.png	4.0K	CITATIONS_SOURCES	Possible citation/source registry material
/Users/sethadmin/ZZ_ARCHIVE_HOLD_iCloudDriveArchive_DO_NOT_USE_AS_ACTIVE_ROOT_20260524/Documents/Documents - SFMacBook Pro M5/LEGAL_AUTOMATION/watermelon-vscode/.vscode-test/vscode-darwin-arm64-1.109.5/Visual Studio Code.app/Contents/Resources/app/extensions/git-base/languages/git-rebase.language-configuration.json	4.0K	CITATIONS_SOURCES	Possible citation/source registry material
/Users/sethadmin/ZZ_ARCHIVE_HOLD_iCloudDriveArchive_DO_NOT_USE_AS_ACTIVE_ROOT_20260524/Documents/Documents - SFMacBook Pro M5/LEGAL_AUTOMATION/watermelon-vscode/.vscode-test/vscode-darwin-arm64-1.109.5/Visual Studio Code.app/Contents/Resources/app/extensions/git-base/languages/ignore.language-configuration.json	4.0K	CITATIONS_SOURCES	Possible citation/source registry material
/Users/sethadmin/ZZ_ARCHIVE_HOLD_iCloudDriveArchive_DO_NOT_USE_AS_ACTIVE_ROOT_20260524/Documents/Documents - SFMacBook Pro M5/LEGAL_AUTOMATION/watermelon-vscode/.vscode-test/vscode-darwin-arm64-1.109.5/Visual Studio Code.app/Contents/Resources/app/extensions/git-base/languages/git-commit.language-configuration.json	4.0K	CITATIONS_SOURCES	Possible citation/source registry material
/Users/sethadmin/ZZ_ARCHIVE_HOLD_iCloudDriveArchive_DO_NOT_USE_AS_ACTIVE_ROOT_20260524/Documents/Documents - SFMacBook Pro M5/LEGAL_AUTOMATION/watermelon-vscode/.vscode-test/vscode-darwin-arm64-1.109.5/Visual Studio Code.app/Contents/Resources/app/extensions/git-base/README.md	4.0K	CITATIONS_SOURCES	Possible citation/source registry material
/Users/sethadmin/ZZ_ARCHIVE_HOLD_iCloudDriveArchive_DO_NOT_USE_AS_ACTIVE_ROOT_20260524/Documents/Documents - SFMacBook Pro M5/LEGAL_AUTOMATION/watermelon-vscode/.vscode-test/vscode-darwin-arm64-1.109.5/Visual Studio Code.app/Contents/Resources/app/extensions/git-base/package.json	4.0K	CITATIONS_SOURCES	Possible citation/source registry material
/Users/sethadmin/ZZ_ARCHIVE_HOLD_iCloudDriveArchive_DO_NOT_USE_AS_ACTIVE_ROOT_20260524/Documents/Documents - SFMacBook Pro M5/LEGAL_AUTOMATION/watermelon-vscode/.vscode-test/vscode-darwin-arm64-1.109.5/Visual Studio Code.app/Contents/Resources/app/extensions/git-base/syntaxes/git-rebase.tmLanguage.json	4.0K	CITATIONS_SOURCES	Possible citation/source registry material
/Users/sethadmin/ZZ_ARCHIVE_HOLD_iCloudDriveArchive_DO_NOT_USE_AS_ACTIVE_ROOT_20260524/Documents/Documents - SFMacBook Pro M5/LEGAL_AUTOMATION/watermelon-vscode/.vscode-test/vscode-darwin-arm64-1.109.5/Visual Studio Code.app/Contents/Resources/app/extensions/git-base/syntaxes/git-commit.tmLanguage.json	4.0K	CITATIONS_SOURCES	Possible citation/source registry material
/Users/sethadmin/ZZ_ARCHIVE_HOLD_iCloudDriveArchive_DO_NOT_USE_AS_ACTIVE_ROOT_20260524/Documents/Documents - SFMacBook Pro M5/LEGAL_AUTOMATION/watermelon-vscode/.vscode-test/vscode-darwin-arm64-1.109.5/Visual Studio Code.app/Contents/Resources/app/extensions/git-base/syntaxes/ignore.tmLanguage.json	4.0K	CITATIONS_SOURCES	Possible citation/source registry material
/Users/sethadmin/ZZ_ARCHIVE_HOLD_iCloudDriveArchive_DO_NOT_USE_AS_ACTIVE_ROOT_20260524/Documents/Documents - SFMacBook Pro M5/LEGAL_AUTOMATION/watermelon-vscode/.vscode-test/vscode-darwin-arm64-1.109.5/Visual Studio Code.app/Contents/Resources/app/extensions/git-base/package.nls.json	4.0K	CITATIONS_SOURCES	Possible citation/source registry material
/Users/sethadmin/ZZ_ARCHIVE_HOLD_iCloudDriveArchive_DO_NOT_USE_AS_ACTIVE_ROOT_20260524/Documents/Documents - SFMacBook Pro M5/LEGAL_AUTOMATION/watermelon-vscode/.vscode-test/vscode-darwin-arm64-1.109.5/Visual Studio Code.app/Contents/Resources/app/extensions/theme-solarized-light/package.json	4.0K	CITATIONS_SOURCES	Possible citation/source registry material
/Users/sethadmin/ZZ_ARCHIVE_HOLD_iCloudDriveArchive_DO_NOT_USE_AS_ACTIVE_ROOT_20260524/Documents/Documents - SFMacBook Pro M5/LEGAL_AUTOMATION/watermelon-vscode/.vscode-test/vscode-darwin-arm64-1.109.5/Visual Studio Code.app/Contents/Resources/app/extensions/theme-solarized-light/themes/solarized-light-color-theme.json	8.0K	CITATIONS_SOURCES	Possible citation/source registry material
/Users/sethadmin/ZZ_ARCHIVE_HOLD_iCloudDriveArchive_DO_NOT_USE_AS_ACTIVE_ROOT_20260524/Documents/Documents - SFMacBook Pro M5/LEGAL_AUTOMATION/watermelon-vscode/.vscode-test/vscode-darwin-arm64-1.109.5/Visual Studio Code.app/Contents/Resources/app/extensions/theme-solarized-light/package.nls.json	4.0K	CITATIONS_SOURCES	Possible citation/source registry material
/Users/sethadmin/ZZ_ARCHIVE_HOLD_iCloudDriveArchive_DO_NOT_USE_AS_ACTIVE_ROOT_20260524/Documents/Documents - SFMacBook Pro M5/LEGAL_AUTOMATION/watermelon-vscode/.vscode-test/vscode-darwin-arm64-1.109.5/Visual Studio Code.app/Contents/Resources/app/extensions/handlebars/package.json	4.0K	CITATIONS_SOURCES	Possible citation/source registry material
/Users/sethadmin/ZZ_ARCHIVE_HOLD_iCloudDriveArchive_DO_NOT_USE_AS_ACTIVE_ROOT_20260524/Documents/Documents - SFMacBook Pro M5/LEGAL_AUTOMATION/watermelon-vscode/.vscode-test/vscode-darwin-arm64-1.109.5/Visual Studio Code.app/Contents/Resources/app/extensions/handlebars/syntaxes/Handlebars.tmLanguage.json	12K	CITATIONS_SOURCES	Possible citation/source registry material
/Users/sethadmin/ZZ_ARCHIVE_HOLD_iCloudDriveArchive_DO_NOT_USE_AS_ACTIVE_ROOT_20260524/Documents/Documents - SFMacBook Pro M5/LEGAL_AUTOMATION/watermelon-vscode/.vscode-test/vscode-darwin-arm64-1.109.5/Visual Studio Code.app/Contents/Resources/app/extensions/handlebars/language-configuration.json	4.0K	CITATIONS_SOURCES	Possible citation/source registry material
/Users/sethadmin/ZZ_ARCHIVE_HOLD_iCloudDriveArchive_DO_NOT_USE_AS_ACTIVE_ROOT_20260524/Documents/Documents - SFMacBook Pro M5/LEGAL_AUTOMATION/watermelon-vscode/.vscode-test/vscode-darwin-arm64-1.109.5/Visual Studio Code.app/Contents/Resources/app/extensions/handlebars/package.nls.json	4.0K	CITATIONS_SOURCES	Possible citation/source registry material
/Users/sethadmin/ZZ_ARCHIVE_HOLD_iCloudDriveArchive_DO_NOT_USE_AS_ACTIVE_ROOT_20260524/Documents/Documents - SFMacBook Pro M5/LEGAL_AUTOMATION/watermelon-vscode/.vscode-test/vscode-darwin-arm64-1.109.5/Visual Studio Code.app/Contents/Resources/app/extensions/cpp/snippets/cpp.code-snippets	4.0K	CITATIONS_SOURCES	Possible citation/source registry material
/Users/sethadmin/ZZ_ARCHIVE_HOLD_iCloudDriveArchive_DO_NOT_USE_AS_ACTIVE_ROOT_20260524/Documents/Documents - SFMacBook Pro M5/LEGAL_AUTOMATION/watermelon-vscode/.vscode-test/vscode-darwin-arm64-1.109.5/Visual Studio Code.app/Contents/Resources/app/extensions/cpp/snippets/c.code-snippets	4.0K	CITATIONS_SOURCES	Possible citation/source registry material
/Users/sethadmin/ZZ_ARCHIVE_HOLD_iCloudDriveArchive_DO_NOT_USE_AS_ACTIVE_ROOT_20260524/Documents/Documents - SFMacBook Pro M5/LEGAL_AUTOMATION/watermelon-vscode/.vscode-test/vscode-darwin-arm64-1.109.5/Visual Studio Code.app/Contents/Resources/app/extensions/cpp/package.json	4.0K	CITATIONS_SOURCES	Possible citation/source registry material
/Users/sethadmin/ZZ_ARCHIVE_HOLD_iCloudDriveArchive_DO_NOT_USE_AS_ACTIVE_ROOT_20260524/Documents/Documents - SFMacBook Pro M5/LEGAL_AUTOMATION/watermelon-vscode/.vscode-test/vscode-darwin-arm64-1.109.5/Visual Studio Code.app/Contents/Resources/app/extensions/cpp/syntaxes/platform.tmLanguage.json	552K	CITATIONS_SOURCES	Possible citation/source registry material
/Users/sethadmin/ZZ_ARCHIVE_HOLD_iCloudDriveArchive_DO_NOT_USE_AS_ACTIVE_ROOT_20260524/Documents/Documents - SFMacBook Pro M5/LEGAL_AUTOMATION/watermelon-vscode/.vscode-test/vscode-darwin-arm64-1.109.5/Visual Studio Code.app/Contents/Resources/app/extensions/cpp/syntaxes/c.tmLanguage.json	72K	CITATIONS_SOURCES	Possible citation/source registry material
/Users/sethadmin/ZZ_ARCHIVE_HOLD_iCloudDriveArchive_DO_NOT_USE_AS_ACTIVE_ROOT_20260524/Documents/Documents - SFMacBook Pro M5/LEGAL_AUTOMATION/watermelon-vscode/.vscode-test/vscode-darwin-arm64-1.109.5/Visual Studio Code.app/Contents/Resources/app/extensions/cpp/syntaxes/cpp.embedded.macro.tmLanguage.json	232K	CITATIONS_SOURCES	Possible citation/source registry material
/Users/sethadmin/ZZ_ARCHIVE_HOLD_iCloudDriveArchive_DO_NOT_USE_AS_ACTIVE_ROOT_20260524/Documents/Documents - SFMacBook Pro M5/LEGAL_AUTOMATION/watermelon-vscode/.vscode-test/vscode-darwin-arm64-1.109.5/Visual Studio Code.app/Contents/Resources/app/extensions/cpp/syntaxes/cpp.tmLanguage.json	412K	CITATIONS_SOURCES	Possible citation/source registry material
/Users/sethadmin/ZZ_ARCHIVE_HOLD_iCloudDriveArchive_DO_NOT_USE_AS_ACTIVE_ROOT_20260524/Documents/Documents - SFMacBook Pro M5/LEGAL_AUTOMATION/watermelon-vscode/.vscode-test/vscode-darwin-arm64-1.109.5/Visual Studio Code.app/Contents/Resources/app/extensions/cpp/syntaxes/cuda-cpp.tmLanguage.json	476K	CITATIONS_SOURCES	Possible citation/source registry material
/Users/sethadmin/ZZ_ARCHIVE_HOLD_iCloudDriveArchive_DO_NOT_USE_AS_ACTIVE_ROOT_20260524/Documents/Documents - SFMacBook Pro M5/LEGAL_AUTOMATION/watermelon-vscode/.vscode-test/vscode-darwin-arm64-1.109.5/Visual Studio Code.app/Contents/Resources/app/extensions/cpp/language-configuration.json	4.0K	CITATIONS_SOURCES	Possible citation/source registry material
/Users/sethadmin/ZZ_ARCHIVE_HOLD_iCloudDriveArchive_DO_NOT_USE_AS_ACTIVE_ROOT_20260524/Documents/Documents - SFMacBook Pro M5/LEGAL_AUTOMATION/watermelon-vscode/.vscode-test/vscode-darwin-arm64-1.109.5/Visual Studio Code.app/Contents/Resources/app/extensions/cpp/package.nls.json	4.0K	CITATIONS_SOURCES	Possible citation/source registry material
/Users/sethadmin/ZZ_ARCHIVE_HOLD_iCloudDriveArchive_DO_NOT_USE_AS_ACTIVE_ROOT_20260524/Documents/Documents - SFMacBook Pro M5/LEGAL_AUTOMATION/watermelon-vscode/.vscode-test/vscode-darwin-arm64-1.109.5/Visual Studio Code.app/Contents/Resources/app/extensions/swift/snippets/swift.code-snippets	4.0K	CITATIONS_SOURCES	Possible citation/source registry material
/Users/sethadmin/ZZ_ARCHIVE_HOLD_iCloudDriveArchive_DO_NOT_USE_AS_ACTIVE_ROOT_20260524/Documents/Documents - SFMacBook Pro M5/LEGAL_AUTOMATION/watermelon-vscode/.vscode-test/vscode-darwin-arm64-1.109.5/Visual Studio Code.app/Contents/Resources/app/extensions/swift/package.json	4.0K	CITATIONS_SOURCES	Possible citation/source registry material
/Users/sethadmin/ZZ_ARCHIVE_HOLD_iCloudDriveArchive_DO_NOT_USE_AS_ACTIVE_ROOT_20260524/Documents/Documents - SFMacBook Pro M5/LEGAL_AUTOMATION/watermelon-vscode/.vscode-test/vscode-darwin-arm64-1.109.5/Visual Studio Code.app/Contents/Resources/app/extensions/swift/syntaxes/swift.tmLanguage.json	104K	CITATIONS_SOURCES	Possible citation/source registry material
/Users/sethadmin/ZZ_ARCHIVE_HOLD_iCloudDriveArchive_DO_NOT_USE_AS_ACTIVE_ROOT_20260524/Documents/Documents - SFMacBook Pro M5/LEGAL_AUTOMATION/watermelon-vscode/.vscode-test/vscode-darwin-arm64-1.109.5/Visual Studio Code.app/Contents/Resources/app/extensions/swift/language-configuration.json	4.0K	CITATIONS_SOURCES	Possible citation/source registry material
/Users/sethadmin/ZZ_ARCHIVE_HOLD_iCloudDriveArchive_DO_NOT_USE_AS_ACTIVE_ROOT_20260524/Documents/Documents - SFMacBook Pro M5/LEGAL_AUTOMATION/watermelon-vscode/.vscode-test/vscode-darwin-arm64-1.109.5/Visual Studio Code.app/Contents/Resources/app/extensions/swift/package.nls.json	4.0K	CITATIONS_SOURCES	Possible citation/source registry material
/Users/sethadmin/ZZ_ARCHIVE_HOLD_iCloudDriveArchive_DO_NOT_USE_AS_ACTIVE_ROOT_20260524/Documents/Documents - SFMacBook Pro M5/LEGAL_AUTOMATION/watermelon-vscode/.vscode-test/vscode-darwin-arm64-1.109.5/Visual Studio Code.app/Contents/Resources/app/extensions/make/package.json	4.0K	CITATIONS_SOURCES	Possible citation/source registry material
/Users/sethadmin/ZZ_ARCHIVE_HOLD_iCloudDriveArchive_DO_NOT_USE_AS_ACTIVE_ROOT_20260524/Documents/Documents - SFMacBook Pro M5/LEGAL_AUTOMATION/watermelon-vscode/.vscode-test/vscode-darwin-arm64-1.109.5/Visual Studio Code.app/Contents/Resources/app/extensions/make/syntaxes/make.tmLanguage.json	12K	CITATIONS_SOURCES	Possible citation/source registry material
/Users/sethadmin/ZZ_ARCHIVE_HOLD_iCloudDriveArchive_DO_NOT_USE_AS_ACTIVE_ROOT_20260524/Documents/Documents - SFMacBook Pro M5/LEGAL_AUTOMATION/watermelon-vscode/.vscode-test/vscode-darwin-arm64-1.109.5/Visual Studio Code.app/Contents/Resources/app/extensions/make/language-configuration.json	4.0K	CITATIONS_SOURCES	Possible citation/source registry material
/Users/sethadmin/ZZ_ARCHIVE_HOLD_iCloudDriveArchive_DO_NOT_USE_AS_ACTIVE_ROOT_20260524/Documents/Documents - SFMacBook Pro M5/LEGAL_AUTOMATION/watermelon-vscode/.vscode-test/vscode-darwin-arm64-1.109.5/Visual Studio Code.app/Contents/Resources/app/extensions/make/package.nls.json	4.0K	CITATIONS_SOURCES	Possible citation/source registry material
/Users/sethadmin/ZZ_ARCHIVE_HOLD_iCloudDriveArchive_DO_NOT_USE_AS_ACTIVE_ROOT_20260524/Documents/Documents - SFMacBook Pro M5/LEGAL_AUTOMATION/watermelon-vscode/.vscode-test/vscode-darwin-arm64-1.109.5/Visual Studio Code.app/Contents/Resources/app/extensions/shellscript/package.json	4.0K	CITATIONS_SOURCES	Possible citation/source registry material
/Users/sethadmin/ZZ_ARCHIVE_HOLD_iCloudDriveArchive_DO_NOT_USE_AS_ACTIVE_ROOT_20260524/Documents/Documents - SFMacBook Pro M5/LEGAL_AUTOMATION/watermelon-vscode/.vscode-test/vscode-darwin-arm64-1.109.5/Visual Studio Code.app/Contents/Resources/app/extensions/shellscript/syntaxes/shell-unix-bash.tmLanguage.json	44K	CITATIONS_SOURCES	Possible citation/source registry material
/Users/sethadmin/ZZ_ARCHIVE_HOLD_iCloudDriveArchive_DO_NOT_USE_AS_ACTIVE_ROOT_20260524/Documents/Documents - SFMacBook Pro M5/LEGAL_AUTOMATION/watermelon-vscode/.vscode-test/vscode-darwin-arm64-1.109.5/Visual Studio Code.app/Contents/Resources/app/extensions/shellscript/language-configuration.json	4.0K	CITATIONS_SOURCES	Possible citation/source registry material
/Users/sethadmin/ZZ_ARCHIVE_HOLD_iCloudDriveArchive_DO_NOT_USE_AS_ACTIVE_ROOT_20260524/Documents/Documents - SFMacBook Pro M5/LEGAL_AUTOMATION/watermelon-vscode/.vscode-test/vscode-darwin-arm64-1.109.5/Visual Studio Code.app/Contents/Resources/app/extensions/shellscript/package.nls.json	4.0K	CITATIONS_SOURCES	Possible citation/source registry material
/Users/sethadmin/ZZ_ARCHIVE_HOLD_iCloudDriveArchive_DO_NOT_USE_AS_ACTIVE_ROOT_20260524/Documents/Documents - SFMacBook Pro M5/LEGAL_AUTOMATION/watermelon-vscode/.vscode-test/vscode-darwin-arm64-1.109.5/Visual Studio Code.app/Contents/Resources/app/extensions/markdown-basics/snippets/markdown.code-snippets	4.0K	CITATIONS_SOURCES	Possible citation/source registry material
/Users/sethadmin/ZZ_ARCHIVE_HOLD_iCloudDriveArchive_DO_NOT_USE_AS_ACTIVE_ROOT_20260524/Documents/Documents - SFMacBook Pro M5/LEGAL_AUTOMATION/watermelon-vscode/.vscode-test/vscode-darwin-arm64-1.109.5/Visual Studio Code.app/Contents/Resources/app/extensions/markdown-basics/package.json	4.0K	CITATIONS_SOURCES	Possible citation/source registry material
/Users/sethadmin/ZZ_ARCHIVE_HOLD_iCloudDriveArchive_DO_NOT_USE_AS_ACTIVE_ROOT_20260524/Documents/Documents - SFMacBook Pro M5/LEGAL_AUTOMATION/watermelon-vscode/.vscode-test/vscode-darwin-arm64-1.109.5/Visual Studio Code.app/Contents/Resources/app/extensions/markdown-basics/syntaxes/markdown.tmLanguage.json	60K	CITATIONS_SOURCES	Possible citation/source registry material
/Users/sethadmin/ZZ_ARCHIVE_HOLD_iCloudDriveArchive_DO_NOT_USE_AS_ACTIVE_ROOT_20260524/Documents/Documents - SFMacBook Pro M5/LEGAL_AUTOMATION/watermelon-vscode/.vscode-test/vscode-darwin-arm64-1.109.5/Visual Studio Code.app/Contents/Resources/app/extensions/markdown-basics/language-configuration.json	4.0K	CITATIONS_SOURCES	Possible citation/source registry material
/Users/sethadmin/ZZ_ARCHIVE_HOLD_iCloudDriveArchive_DO_NOT_USE_AS_ACTIVE_ROOT_20260524/Documents/Documents - SFMacBook Pro M5/LEGAL_AUTOMATION/watermelon-vscode/.vscode-test/vscode-darwin-arm64-1.109.5/Visual Studio Code.app/Contents/Resources/app/extensions/markdown-basics/package.nls.json	4.0K	CITATIONS_SOURCES	Possible citation/source registry material
/Users/sethadmin/ZZ_ARCHIVE_HOLD_iCloudDriveArchive_DO_NOT_USE_AS_ACTIVE_ROOT_20260524/Documents/Documents - SFMacBook Pro M5/LEGAL_AUTOMATION/watermelon-vscode/.vscode-test/vscode-darwin-arm64-1.109.5/Visual Studio Code.app/Contents/Resources/app/extensions/markdown-math/icon.png	4.0K	CITATIONS_SOURCES	Possible citation/source registry material
/Users/sethadmin/ZZ_ARCHIVE_HOLD_iCloudDriveArchive_DO_NOT_USE_AS_ACTIVE_ROOT_20260524/Documents/Documents - SFMacBook Pro M5/LEGAL_AUTOMATION/watermelon-vscode/.vscode-test/vscode-darwin-arm64-1.109.5/Visual Studio Code.app/Contents/Resources/app/extensions/markdown-math/notebook-out/katex.js	276K	CITATIONS_SOURCES	Possible citation/source registry material
/Users/sethadmin/ZZ_ARCHIVE_HOLD_iCloudDriveArchive_DO_NOT_USE_AS_ACTIVE_ROOT_20260524/Documents/Documents - SFMacBook Pro M5/LEGAL_AUTOMATION/watermelon-vscode/.vscode-test/vscode-darwin-arm64-1.109.5/Visual Studio Code.app/Contents/Resources/app/extensions/markdown-math/notebook-out/katex.min.css	24K	CITATIONS_SOURCES	Possible citation/source registry material
/Users/sethadmin/ZZ_ARCHIVE_HOLD_iCloudDriveArchive_DO_NOT_USE_AS_ACTIVE_ROOT_20260524/Documents/Documents - SFMacBook Pro M5/LEGAL_AUTOMATION/watermelon-vscode/.vscode-test/vscode-darwin-arm64-1.109.5/Visual Studio Code.app/Contents/Resources/app/extensions/markdown-math/notebook-out/fonts/KaTeX_Typewriter-Regular.woff2	16K	CITATIONS_SOURCES	Possible citation/source registry material
/Users/sethadmin/ZZ_ARCHIVE_HOLD_iCloudDriveArchive_DO_NOT_USE_AS_ACTIVE_ROOT_20260524/Documents/Documents - SFMacBook Pro M5/LEGAL_AUTOMATION/watermelon-vscode/.vscode-test/vscode-darwin-arm64-1.109.5/Visual Studio Code.app/Contents/Resources/app/extensions/markdown-math/notebook-out/fonts/KaTeX_AMS-Regular.woff2	28K	CITATIONS_SOURCES	Possible citation/source registry material
/Users/sethadmin/ZZ_ARCHIVE_HOLD_iCloudDriveArchive_DO_NOT_USE_AS_ACTIVE_ROOT_20260524/Documents/Documents - SFMacBook Pro M5/LEGAL_AUTOMATION/watermelon-vscode/.vscode-test/vscode-darwin-arm64-1.109.5/Visual Studio Code.app/Contents/Resources/app/extensions/markdown-math/notebook-out/fonts/KaTeX_Size3-Regular.woff2	4.0K	CITATIONS_SOURCES	Possible citation/source registry material
/Users/sethadmin/ZZ_ARCHIVE_HOLD_iCloudDriveArchive_DO_NOT_USE_AS_ACTIVE_ROOT_20260524/Documents/Documents - SFMacBook Pro M5/LEGAL_AUTOMATION/watermelon-vscode/.vscode-test/vscode-darwin-arm64-1.109.5/Visual Studio Code.app/Contents/Resources/app/extensions/markdown-math/notebook-out/fonts/KaTeX_Main-Regular.woff2	28K	CITATIONS_SOURCES	Possible citation/source registry material
/Users/sethadmin/ZZ_ARCHIVE_HOLD_iCloudDriveArchive_DO_NOT_USE_AS_ACTIVE_ROOT_20260524/Documents/Documents - SFMacBook Pro M5/LEGAL_AUTOMATION/watermelon-vscode/.vscode-test/vscode-darwin-arm64-1.109.5/Visual Studio Code.app/Contents/Resources/app/extensions/markdown-math/notebook-out/fonts/KaTeX_Caligraphic-Bold.woff2	8.0K	CITATIONS_SOURCES	Possible citation/source registry material
/Users/sethadmin/ZZ_ARCHIVE_HOLD_iCloudDriveArchive_DO_NOT_USE_AS_ACTIVE_ROOT_20260524/Documents/Documents - SFMacBook Pro M5/LEGAL_AUTOMATION/watermelon-vscode/.vscode-test/vscode-darwin-arm64-1.109.5/Visual Studio Code.app/Contents/Resources/app/extensions/markdown-math/notebook-out/fonts/KaTeX_SansSerif-Bold.woff2	12K	CITATIONS_SOURCES	Possible citation/source registry material
/Users/sethadmin/ZZ_ARCHIVE_HOLD_iCloudDriveArchive_DO_NOT_USE_AS_ACTIVE_ROOT_20260524/Documents/Documents - SFMacBook Pro M5/LEGAL_AUTOMATION/watermelon-vscode/.vscode-test/vscode-darwin-arm64-1.109.5/Visual Studio Code.app/Contents/Resources/app/extensions/markdown-math/notebook-out/fonts/KaTeX_Math-Italic.woff2	20K	CITATIONS_SOURCES	Possible citation/source registry material
/Users/sethadmin/ZZ_ARCHIVE_HOLD_iCloudDriveArchive_DO_NOT_USE_AS_ACTIVE_ROOT_20260524/Documents/Documents - SFMacBook Pro M5/LEGAL_AUTOMATION/watermelon-vscode/.vscode-test/vscode-darwin-arm64-1.109.5/Visual Studio Code.app/Contents/Resources/app/extensions/markdown-math/notebook-out/fonts/KaTeX_Size4-Regular.woff2	8.0K	CITATIONS_SOURCES	Possible citation/source registry material
/Users/sethadmin/ZZ_ARCHIVE_HOLD_iCloudDriveArchive_DO_NOT_USE_AS_ACTIVE_ROOT_20260524/Documents/Documents - SFMacBook Pro M5/LEGAL_AUTOMATION/watermelon-vscode/.vscode-test/vscode-darwin-arm64-1.109.5/Visual Studio Code.app/Contents/Resources/app/extensions/markdown-math/notebook-out/fonts/KaTeX_Fraktur-Bold.woff2	12K	CITATIONS_SOURCES	Possible citation/source registry material
/Users/sethadmin/ZZ_ARCHIVE_HOLD_iCloudDriveArchive_DO_NOT_USE_AS_ACTIVE_ROOT_20260524/Documents/Documents - SFMacBook Pro M5/LEGAL_AUTOMATION/watermelon-vscode/.vscode-test/vscode-darwin-arm64-1.109.5/Visual Studio Code.app/Contents/Resources/app/extensions/markdown-math/notebook-out/fonts/KaTeX_SansSerif-Italic.woff2	12K	CITATIONS_SOURCES	Possible citation/source registry material
/Users/sethadmin/ZZ_ARCHIVE_HOLD_iCloudDriveArchive_DO_NOT_USE_AS_ACTIVE_ROOT_20260524/Documents/Documents - SFMacBook Pro M5/LEGAL_AUTOMATION/watermelon-vscode/.vscode-test/vscode-darwin-arm64-1.109.5/Visual Studio Code.app/Contents/Resources/app/extensions/markdown-math/notebook-out/fonts/KaTeX_Main-Bold.woff2	28K	CITATIONS_SOURCES	Possible citation/source registry material
/Users/sethadmin/ZZ_ARCHIVE_HOLD_iCloudDriveArchive_DO_NOT_USE_AS_ACTIVE_ROOT_20260524/Documents/Documents - SFMacBook Pro M5/LEGAL_AUTOMATION/watermelon-vscode/.vscode-test/vscode-darwin-arm64-1.109.5/Visual Studio Code.app/Contents/Resources/app/extensions/markdown-math/notebook-out/fonts/KaTeX_SansSerif-Regular.woff2	12K	CITATIONS_SOURCES	Possible citation/source registry material
/Users/sethadmin/ZZ_ARCHIVE_HOLD_iCloudDriveArchive_DO_NOT_USE_AS_ACTIVE_ROOT_20260524/Documents/Documents - SFMacBook Pro M5/LEGAL_AUTOMATION/watermelon-vscode/.vscode-test/vscode-darwin-arm64-1.109.5/Visual Studio Code.app/Contents/Resources/app/extensions/markdown-math/notebook-out/fonts/KaTeX_Main-BoldItalic.woff2	20K	CITATIONS_SOURCES	Possible citation/source registry material
/Users/sethadmin/ZZ_ARCHIVE_HOLD_iCloudDriveArchive_DO_NOT_USE_AS_ACTIVE_ROOT_20260524/Documents/Documents - SFMacBook Pro M5/LEGAL_AUTOMATION/watermelon-vscode/.vscode-test/vscode-darwin-arm64-1.109.5/Visual Studio Code.app/Contents/Resources/app/extensions/markdown-math/notebook-out/fonts/KaTeX_Fraktur-Regular.woff2	12K	CITATIONS_SOURCES	Possible citation/source registry material
/Users/sethadmin/ZZ_ARCHIVE_HOLD_iCloudDriveArchive_DO_NOT_USE_AS_ACTIVE_ROOT_20260524/Documents/Documents - SFMacBook Pro M5/LEGAL_AUTOMATION/watermelon-vscode/.vscode-test/vscode-darwin-arm64-1.109.5/Visual Studio Code.app/Contents/Resources/app/extensions/markdown-math/notebook-out/fonts/KaTeX_Script-Regular.woff2	12K	CITATIONS_SOURCES	Possible citation/source registry material
/Users/sethadmin/ZZ_ARCHIVE_HOLD_iCloudDriveArchive_DO_NOT_USE_AS_ACTIVE_ROOT_20260524/Documents/Documents - SFMacBook Pro M5/LEGAL_AUTOMATION/watermelon-vscode/.vscode-test/vscode-darwin-arm64-1.109.5/Visual Studio Code.app/Contents/Resources/app/extensions/markdown-math/notebook-out/fonts/KaTeX_Math-BoldItalic.woff2	20K	CITATIONS_SOURCES	Possible citation/source registry material
/Users/sethadmin/ZZ_ARCHIVE_HOLD_iCloudDriveArchive_DO_NOT_USE_AS_ACTIVE_ROOT_20260524/Documents/Documents - SFMacBook Pro M5/LEGAL_AUTOMATION/watermelon-vscode/.vscode-test/vscode-darwin-arm64-1.109.5/Visual Studio Code.app/Contents/Resources/app/extensions/markdown-math/notebook-out/fonts/KaTeX_Main-Italic.woff2	20K	CITATIONS_SOURCES	Possible citation/source registry material
/Users/sethadmin/ZZ_ARCHIVE_HOLD_iCloudDriveArchive_DO_NOT_USE_AS_ACTIVE_ROOT_20260524/Documents/Documents - SFMacBook Pro M5/LEGAL_AUTOMATION/watermelon-vscode/.vscode-test/vscode-darwin-arm64-1.109.5/Visual Studio Code.app/Contents/Resources/app/extensions/markdown-math/notebook-out/fonts/KaTeX_Size1-Regular.woff2	8.0K	CITATIONS_SOURCES	Possible citation/source registry material
/Users/sethadmin/ZZ_ARCHIVE_HOLD_iCloudDriveArchive_DO_NOT_USE_AS_ACTIVE_ROOT_20260524/Documents/Documents - SFMacBook Pro M5/LEGAL_AUTOMATION/watermelon-vscode/.vscode-test/vscode-darwin-arm64-1.109.5/Visual Studio Code.app/Contents/Resources/app/extensions/markdown-math/notebook-out/fonts/KaTeX_Size2-Regular.woff2	8.0K	CITATIONS_SOURCES	Possible citation/source registry material
/Users/sethadmin/ZZ_ARCHIVE_HOLD_iCloudDriveArchive_DO_NOT_USE_AS_ACTIVE_ROOT_20260524/Documents/Documents - SFMacBook Pro M5/LEGAL_AUTOMATION/watermelon-vscode/.vscode-test/vscode-darwin-arm64-1.109.5/Visual Studio Code.app/Contents/Resources/app/extensions/markdown-math/notebook-out/fonts/KaTeX_Caligraphic-Regular.woff2	8.0K	CITATIONS_SOURCES	Possible citation/source registry material
/Users/sethadmin/ZZ_ARCHIVE_HOLD_iCloudDriveArchive_DO_NOT_USE_AS_ACTIVE_ROOT_20260524/Documents/Documents - SFMacBook Pro M5/LEGAL_AUTOMATION/watermelon-vscode/.vscode-test/vscode-darwin-arm64-1.109.5/Visual Studio Code.app/Contents/Resources/app/extensions/markdown-math/dist/extension.js	272K	CITATIONS_SOURCES	Possible citation/source registry material
/Users/sethadmin/ZZ_ARCHIVE_HOLD_iCloudDriveArchive_DO_NOT_USE_AS_ACTIVE_ROOT_20260524/Documents/Documents - SFMacBook Pro M5/LEGAL_AUTOMATION/watermelon-vscode/.vscode-test/vscode-darwin-arm64-1.109.5/Visual Studio Code.app/Contents/Resources/app/extensions/markdown-math/README.md	4.0K	CITATIONS_SOURCES	Possible citation/source registry material
/Users/sethadmin/ZZ_ARCHIVE_HOLD_iCloudDriveArchive_DO_NOT_USE_AS_ACTIVE_ROOT_20260524/Documents/Documents - SFMacBook Pro M5/LEGAL_AUTOMATION/watermelon-vscode/.vscode-test/vscode-darwin-arm64-1.109.5/Visual Studio Code.app/Contents/Resources/app/extensions/markdown-math/package.json	4.0K	CITATIONS_SOURCES	Possible citation/source registry material
/Users/sethadmin/ZZ_ARCHIVE_HOLD_iCloudDriveArchive_DO_NOT_USE_AS_ACTIVE_ROOT_20260524/Documents/Documents - SFMacBook Pro M5/LEGAL_AUTOMATION/watermelon-vscode/.vscode-test/vscode-darwin-arm64-1.109.5/Visual Studio Code.app/Contents/Resources/app/extensions/markdown-math/preview-styles/index.css	4.0K	CITATIONS_SOURCES	Possible citation/source registry material
/Users/sethadmin/ZZ_ARCHIVE_HOLD_iCloudDriveArchive_DO_NOT_USE_AS_ACTIVE_ROOT_20260524/Documents/Documents - SFMacBook Pro M5/LEGAL_AUTOMATION/watermelon-vscode/.vscode-test/vscode-darwin-arm64-1.109.5/Visual Studio Code.app/Contents/Resources/app/extensions/markdown-math/syntaxes/md-math-block.tmLanguage.json	4.0K	CITATIONS_SOURCES	Possible citation/source registry material
/Users/sethadmin/ZZ_ARCHIVE_HOLD_iCloudDriveArchive_DO_NOT_USE_AS_ACTIVE_ROOT_20260524/Documents/Documents - SFMacBook Pro M5/LEGAL_AUTOMATION/watermelon-vscode/.vscode-test/vscode-darwin-arm64-1.109.5/Visual Studio Code.app/Contents/Resources/app/extensions/markdown-math/syntaxes/md-math-fence.tmLanguage.json	4.0K	CITATIONS_SOURCES	Possible citation/source registry material
/Users/sethadmin/ZZ_ARCHIVE_HOLD_iCloudDriveArchive_DO_NOT_USE_AS_ACTIVE_ROOT_20260524/Documents/Documents - SFMacBook Pro M5/LEGAL_AUTOMATION/watermelon-vscode/.vscode-test/vscode-darwin-arm64-1.109.5/Visual Studio Code.app/Contents/Resources/app/extensions/markdown-math/syntaxes/md-math.tmLanguage.json	4.0K	CITATIONS_SOURCES	Possible citation/source registry material
/Users/sethadmin/ZZ_ARCHIVE_HOLD_iCloudDriveArchive_DO_NOT_USE_AS_ACTIVE_ROOT_20260524/Documents/Documents - SFMacBook Pro M5/LEGAL_AUTOMATION/watermelon-vscode/.vscode-test/vscode-darwin-arm64-1.109.5/Visual Studio Code.app/Contents/Resources/app/extensions/markdown-math/syntaxes/md-math-inline.tmLanguage.json	4.0K	CITATIONS_SOURCES	Possible citation/source registry material
/Users/sethadmin/ZZ_ARCHIVE_HOLD_iCloudDriveArchive_DO_NOT_USE_AS_ACTIVE_ROOT_20260524/Documents/Documents - SFMacBook Pro M5/LEGAL_AUTOMATION/watermelon-vscode/.vscode-test/vscode-darwin-arm64-1.109.5/Visual Studio Code.app/Contents/Resources/app/extensions/markdown-math/package.nls.json	4.0K	CITATIONS_SOURCES	Possible citation/source registry material
/Users/sethadmin/ZZ_ARCHIVE_HOLD_iCloudDriveArchive_DO_NOT_USE_AS_ACTIVE_ROOT_20260524/Documents/Documents - SFMacBook Pro M5/LEGAL_AUTOMATION/watermelon-vscode/.vscode-test/vscode-darwin-arm64-1.109.5/Visual Studio Code.app/Contents/Resources/app/extensions/yaml/package.json	4.0K	CITATIONS_SOURCES	Possible citation/source registry material
/Users/sethadmin/ZZ_ARCHIVE_HOLD_iCloudDriveArchive_DO_NOT_USE_AS_ACTIVE_ROOT_20260524/Documents/Documents - SFMacBook Pro M5/LEGAL_AUTOMATION/watermelon-vscode/.vscode-test/vscode-darwin-arm64-1.109.5/Visual Studio Code.app/Contents/Resources/app/extensions/yaml/syntaxes/yaml-1.0.tmLanguage.json	24K	CITATIONS_SOURCES	Possible citation/source registry material
/Users/sethadmin/ZZ_ARCHIVE_HOLD_iCloudDriveArchive_DO_NOT_USE_AS_ACTIVE_ROOT_20260524/Documents/Documents - SFMacBook Pro M5/LEGAL_AUTOMATION/watermelon-vscode/.vscode-test/vscode-darwin-arm64-1.109.5/Visual Studio Code.app/Contents/Resources/app/extensions/yaml/syntaxes/yaml-1.1.tmLanguage.json	32K	CITATIONS_SOURCES	Possible citation/source registry material
/Users/sethadmin/ZZ_ARCHIVE_HOLD_iCloudDriveArchive_DO_NOT_USE_AS_ACTIVE_ROOT_20260524/Documents/Documents - SFMacBook Pro M5/LEGAL_AUTOMATION/watermelon-vscode/.vscode-test/vscode-darwin-arm64-1.109.5/Visual Studio Code.app/Contents/Resources/app/extensions/yaml/syntaxes/yaml.tmLanguage.json	4.0K	CITATIONS_SOURCES	Possible citation/source registry material
/Users/sethadmin/ZZ_ARCHIVE_HOLD_iCloudDriveArchive_DO_NOT_USE_AS_ACTIVE_ROOT_20260524/Documents/Documents - SFMacBook Pro M5/LEGAL_AUTOMATION/watermelon-vscode/.vscode-test/vscode-darwin-arm64-1.109.5/Visual Studio Code.app/Contents/Resources/app/extensions/yaml/syntaxes/yaml-1.3.tmLanguage.json	4.0K	CITATIONS_SOURCES	Possible citation/source registry material
/Users/sethadmin/ZZ_ARCHIVE_HOLD_iCloudDriveArchive_DO_NOT_USE_AS_ACTIVE_ROOT_20260524/Documents/Documents - SFMacBook Pro M5/LEGAL_AUTOMATION/watermelon-vscode/.vscode-test/vscode-darwin-arm64-1.109.5/Visual Studio Code.app/Contents/Resources/app/extensions/yaml/syntaxes/yaml-embedded.tmLanguage.json	12K	CITATIONS_SOURCES	Possible citation/source registry material
/Users/sethadmin/ZZ_ARCHIVE_HOLD_iCloudDriveArchive_DO_NOT_USE_AS_ACTIVE_ROOT_20260524/Documents/Documents - SFMacBook Pro M5/LEGAL_AUTOMATION/watermelon-vscode/.vscode-test/vscode-darwin-arm64-1.109.5/Visual Studio Code.app/Contents/Resources/app/extensions/yaml/syntaxes/yaml-1.2.tmLanguage.json	32K	CITATIONS_SOURCES	Possible citation/source registry material
/Users/sethadmin/ZZ_ARCHIVE_HOLD_iCloudDriveArchive_DO_NOT_USE_AS_ACTIVE_ROOT_20260524/Documents/Documents - SFMacBook Pro M5/LEGAL_AUTOMATION/watermelon-vscode/.vscode-test/vscode-darwin-arm64-1.109.5/Visual Studio Code.app/Contents/Resources/app/extensions/yaml/language-configuration.json	4.0K	CITATIONS_SOURCES	Possible citation/source registry material
/Users/sethadmin/ZZ_ARCHIVE_HOLD_iCloudDriveArchive_DO_NOT_USE_AS_ACTIVE_ROOT_20260524/Documents/Documents - SFMacBook Pro M5/LEGAL_AUTOMATION/watermelon-vscode/.vscode-test/vscode-darwin-arm64-1.109.5/Visual Studio Code.app/Contents/Resources/app/extensions/yaml/package.nls.json	4.0K	CITATIONS_SOURCES	Possible citation/source registry material
/Users/sethadmin/ZZ_ARCHIVE_HOLD_iCloudDriveArchive_DO_NOT_USE_AS_ACTIVE_ROOT_20260524/Documents/Documents - SFMacBook Pro M5/LEGAL_AUTOMATION/watermelon-vscode/.vscode-test/vscode-darwin-arm64-1.109.5/Visual Studio Code.app/Contents/Resources/app/extensions/log/package.json	4.0K	CITATIONS_SOURCES	Possible citation/source registry material
/Users/sethadmin/ZZ_ARCHIVE_HOLD_iCloudDriveArchive_DO_NOT_USE_AS_ACTIVE_ROOT_20260524/Documents/Documents - SFMacBook Pro M5/LEGAL_AUTOMATION/watermelon-vscode/.vscode-test/vscode-darwin-arm64-1.109.5/Visual Studio Code.app/Contents/Resources/app/extensions/log/syntaxes/log.tmLanguage.json	4.0K	CITATIONS_SOURCES	Possible citation/source registry material
/Users/sethadmin/ZZ_ARCHIVE_HOLD_iCloudDriveArchive_DO_NOT_USE_AS_ACTIVE_ROOT_20260524/Documents/Documents - SFMacBook Pro M5/LEGAL_AUTOMATION/watermelon-vscode/.vscode-test/vscode-darwin-arm64-1.109.5/Visual Studio Code.app/Contents/Resources/app/extensions/log/package.nls.json	4.0K	CITATIONS_SOURCES	Possible citation/source registry material
/Users/sethadmin/ZZ_ARCHIVE_HOLD_iCloudDriveArchive_DO_NOT_USE_AS_ACTIVE_ROOT_20260524/Documents/Documents - SFMacBook Pro M5/LEGAL_AUTOMATION/watermelon-vscode/.vscode-test/vscode-darwin-arm64-1.109.5/Visual Studio Code.app/Contents/Resources/app/extensions/github-authentication/dist/extension.js.LICENSE.txt	4.0K	CITATIONS_SOURCES	Possible citation/source registry material
/Users/sethadmin/ZZ_ARCHIVE_HOLD_iCloudDriveArchive_DO_NOT_USE_AS_ACTIVE_ROOT_20260524/Documents/Documents - SFMacBook Pro M5/LEGAL_AUTOMATION/watermelon-vscode/.vscode-test/vscode-darwin-arm64-1.109.5/Visual Studio Code.app/Contents/Resources/app/extensions/github-authentication/dist/extension.js	224K	CITATIONS_SOURCES	Possible citation/source registry material
/Users/sethadmin/ZZ_ARCHIVE_HOLD_iCloudDriveArchive_DO_NOT_USE_AS_ACTIVE_ROOT_20260524/Documents/Documents - SFMacBook Pro M5/LEGAL_AUTOMATION/watermelon-vscode/.vscode-test/vscode-darwin-arm64-1.109.5/Visual Studio Code.app/Contents/Resources/app/extensions/github-authentication/images/icon.png	4.0K	CITATIONS_SOURCES	Possible citation/source registry material
/Users/sethadmin/ZZ_ARCHIVE_HOLD_iCloudDriveArchive_DO_NOT_USE_AS_ACTIVE_ROOT_20260524/Documents/Documents - SFMacBook Pro M5/LEGAL_AUTOMATION/watermelon-vscode/.vscode-test/vscode-darwin-arm64-1.109.5/Visual Studio Code.app/Contents/Resources/app/extensions/github-authentication/README.md	4.0K	CITATIONS_SOURCES	Possible citation/source registry material
/Users/sethadmin/ZZ_ARCHIVE_HOLD_iCloudDriveArchive_DO_NOT_USE_AS_ACTIVE_ROOT_20260524/Documents/Documents - SFMacBook Pro M5/LEGAL_AUTOMATION/watermelon-vscode/.vscode-test/vscode-darwin-arm64-1.109.5/Visual Studio Code.app/Contents/Resources/app/extensions/github-authentication/package.json	4.0K	CITATIONS_SOURCES	Possible citation/source registry material
/Users/sethadmin/ZZ_ARCHIVE_HOLD_iCloudDriveArchive_DO_NOT_USE_AS_ACTIVE_ROOT_20260524/Documents/Documents - SFMacBook Pro M5/LEGAL_AUTOMATION/watermelon-vscode/.vscode-test/vscode-darwin-arm64-1.109.5/Visual Studio Code.app/Contents/Resources/app/extensions/github-authentication/package.nls.json	4.0K	CITATIONS_SOURCES	Possible citation/source registry material
/Users/sethadmin/ZZ_ARCHIVE_HOLD_iCloudDriveArchive_DO_NOT_USE_AS_ACTIVE_ROOT_20260524/Documents/Documents - SFMacBook Pro M5/LEGAL_AUTOMATION/watermelon-vscode/.vscode-test/vscode-darwin-arm64-1.109.5/Visual Studio Code.app/Contents/Resources/app/extensions/github-authentication/media/icon.png	4.0K	CITATIONS_SOURCES	Possible citation/source registry material
/Users/sethadmin/ZZ_ARCHIVE_HOLD_iCloudDriveArchive_DO_NOT_USE_AS_ACTIVE_ROOT_20260524/Documents/Documents - SFMacBook Pro M5/LEGAL_AUTOMATION/watermelon-vscode/.vscode-test/vscode-darwin-arm64-1.109.5/Visual Studio Code.app/Contents/Resources/app/extensions/github-authentication/media/favicon.ico	36K	CITATIONS_SOURCES	Possible citation/source registry material
/Users/sethadmin/ZZ_ARCHIVE_HOLD_iCloudDriveArchive_DO_NOT_USE_AS_ACTIVE_ROOT_20260524/Documents/Documents - SFMacBook Pro M5/LEGAL_AUTOMATION/watermelon-vscode/.vscode-test/vscode-darwin-arm64-1.109.5/Visual Studio Code.app/Contents/Resources/app/extensions/github-authentication/media/index.html	4.0K	CITATIONS_SOURCES	Possible citation/source registry material
/Users/sethadmin/ZZ_ARCHIVE_HOLD_iCloudDriveArchive_DO_NOT_USE_AS_ACTIVE_ROOT_20260524/Documents/Documents - SFMacBook Pro M5/LEGAL_AUTOMATION/watermelon-vscode/.vscode-test/vscode-darwin-arm64-1.109.5/Visual Studio Code.app/Contents/Resources/app/extensions/github-authentication/media/auth.css	4.0K	CITATIONS_SOURCES	Possible citation/source registry material
/Users/sethadmin/ZZ_ARCHIVE_HOLD_iCloudDriveArchive_DO_NOT_USE_AS_ACTIVE_ROOT_20260524/Documents/Documents - SFMacBook Pro M5/LEGAL_AUTOMATION/watermelon-vscode/.vscode-test/vscode-darwin-arm64-1.109.5/Visual Studio Code.app/Contents/Resources/app/extensions/github-authentication/media/code-icon.svg	8.0K	CITATIONS_SOURCES	Possible citation/source registry material
/Users/sethadmin/ZZ_ARCHIVE_HOLD_iCloudDriveArchive_DO_NOT_USE_AS_ACTIVE_ROOT_20260524/Documents/Documents - SFMacBook Pro M5/LEGAL_AUTOMATION/watermelon-vscode/.vscode-test/vscode-darwin-arm64-1.109.5/Visual Studio Code.app/Contents/Resources/app/extensions/theme-defaults/fileicons/images/root-folder-light.svg	4.0K	CITATIONS_SOURCES	Possible citation/source registry material
/Users/sethadmin/ZZ_ARCHIVE_HOLD_iCloudDriveArchive_DO_NOT_USE_AS_ACTIVE_ROOT_20260524/Documents/Documents - SFMacBook Pro M5/LEGAL_AUTOMATION/watermelon-vscode/.vscode-test/vscode-darwin-arm64-1.109.5/Visual Studio Code.app/Contents/Resources/app/extensions/theme-defaults/fileicons/images/document-dark.svg	4.0K	CITATIONS_SOURCES	Possible citation/source registry material
/Users/sethadmin/ZZ_ARCHIVE_HOLD_iCloudDriveArchive_DO_NOT_USE_AS_ACTIVE_ROOT_20260524/Documents/Documents - SFMacBook Pro M5/LEGAL_AUTOMATION/watermelon-vscode/.vscode-test/vscode-darwin-arm64-1.109.5/Visual Studio Code.app/Contents/Resources/app/extensions/theme-defaults/fileicons/images/root-folder-open-dark.svg	4.0K	CITATIONS_SOURCES	Possible citation/source registry material
/Users/sethadmin/ZZ_ARCHIVE_HOLD_iCloudDriveArchive_DO_NOT_USE_AS_ACTIVE_ROOT_20260524/Documents/Documents - SFMacBook Pro M5/LEGAL_AUTOMATION/watermelon-vscode/.vscode-test/vscode-darwin-arm64-1.109.5/Visual Studio Code.app/Contents/Resources/app/extensions/theme-defaults/fileicons/images/root-folder-open-light.svg	4.0K	CITATIONS_SOURCES	Possible citation/source registry material
/Users/sethadmin/ZZ_ARCHIVE_HOLD_iCloudDriveArchive_DO_NOT_USE_AS_ACTIVE_ROOT_20260524/Documents/Documents - SFMacBook Pro M5/LEGAL_AUTOMATION/watermelon-vscode/.vscode-test/vscode-darwin-arm64-1.109.5/Visual Studio Code.app/Contents/Resources/app/extensions/theme-defaults/fileicons/images/folder-light.svg	4.0K	CITATIONS_SOURCES	Possible citation/source registry material
/Users/sethadmin/ZZ_ARCHIVE_HOLD_iCloudDriveArchive_DO_NOT_USE_AS_ACTIVE_ROOT_20260524/Documents/Documents - SFMacBook Pro M5/LEGAL_AUTOMATION/watermelon-vscode/.vscode-test/vscode-darwin-arm64-1.109.5/Visual Studio Code.app/Contents/Resources/app/extensions/theme-defaults/fileicons/images/document-light.svg	4.0K	CITATIONS_SOURCES	Possible citation/source registry material
/Users/sethadmin/ZZ_ARCHIVE_HOLD_iCloudDriveArchive_DO_NOT_USE_AS_ACTIVE_ROOT_20260524/Documents/Documents - SFMacBook Pro M5/LEGAL_AUTOMATION/watermelon-vscode/.vscode-test/vscode-darwin-arm64-1.109.5/Visual Studio Code.app/Contents/Resources/app/extensions/theme-defaults/fileicons/images/folder-dark.svg	4.0K	CITATIONS_SOURCES	Possible citation/source registry material
/Users/sethadmin/ZZ_ARCHIVE_HOLD_iCloudDriveArchive_DO_NOT_USE_AS_ACTIVE_ROOT_20260524/Documents/Documents - SFMacBook Pro M5/LEGAL_AUTOMATION/watermelon-vscode/.vscode-test/vscode-darwin-arm64-1.109.5/Visual Studio Code.app/Contents/Resources/app/extensions/theme-defaults/fileicons/images/folder-open-light.svg	4.0K	CITATIONS_SOURCES	Possible citation/source registry material
/Users/sethadmin/ZZ_ARCHIVE_HOLD_iCloudDriveArchive_DO_NOT_USE_AS_ACTIVE_ROOT_20260524/Documents/Documents - SFMacBook Pro M5/LEGAL_AUTOMATION/watermelon-vscode/.vscode-test/vscode-darwin-arm64-1.109.5/Visual Studio Code.app/Contents/Resources/app/extensions/theme-defaults/fileicons/images/folder-open-dark.svg	4.0K	CITATIONS_SOURCES	Possible citation/source registry material
/Users/sethadmin/ZZ_ARCHIVE_HOLD_iCloudDriveArchive_DO_NOT_USE_AS_ACTIVE_ROOT_20260524/Documents/Documents - SFMacBook Pro M5/LEGAL_AUTOMATION/watermelon-vscode/.vscode-test/vscode-darwin-arm64-1.109.5/Visual Studio Code.app/Contents/Resources/app/extensions/theme-defaults/fileicons/images/root-folder-dark.svg	4.0K	CITATIONS_SOURCES	Possible citation/source registry material
/Users/sethadmin/ZZ_ARCHIVE_HOLD_iCloudDriveArchive_DO_NOT_USE_AS_ACTIVE_ROOT_20260524/Documents/Documents - SFMacBook Pro M5/LEGAL_AUTOMATION/watermelon-vscode/.vscode-test/vscode-darwin-arm64-1.109.5/Visual Studio Code.app/Contents/Resources/app/extensions/theme-defaults/fileicons/vs_minimal-icon-theme.json	4.0K	CITATIONS_SOURCES	Possible citation/source registry material
/Users/sethadmin/ZZ_ARCHIVE_HOLD_iCloudDriveArchive_DO_NOT_USE_AS_ACTIVE_ROOT_20260524/Documents/Documents - SFMacBook Pro M5/LEGAL_AUTOMATION/watermelon-vscode/.vscode-test/vscode-darwin-arm64-1.109.5/Visual Studio Code.app/Contents/Resources/app/extensions/theme-defaults/package.json	4.0K	CITATIONS_SOURCES	Possible citation/source registry material
/Users/sethadmin/ZZ_ARCHIVE_HOLD_iCloudDriveArchive_DO_NOT_USE_AS_ACTIVE_ROOT_20260524/Documents/Documents - SFMacBook Pro M5/LEGAL_AUTOMATION/watermelon-vscode/.vscode-test/vscode-darwin-arm64-1.109.5/Visual Studio Code.app/Contents/Resources/app/extensions/theme-defaults/themes/dark_modern.json	8.0K	CITATIONS_SOURCES	Possible citation/source registry material
/Users/sethadmin/ZZ_ARCHIVE_HOLD_iCloudDriveArchive_DO_NOT_USE_AS_ACTIVE_ROOT_20260524/Documents/Documents - SFMacBook Pro M5/LEGAL_AUTOMATION/watermelon-vscode/.vscode-test/vscode-darwin-arm64-1.109.5/Visual Studio Code.app/Contents/Resources/app/extensions/theme-defaults/themes/dark_vs.json	8.0K	CITATIONS_SOURCES	Possible citation/source registry material
/Users/sethadmin/ZZ_ARCHIVE_HOLD_iCloudDriveArchive_DO_NOT_USE_AS_ACTIVE_ROOT_20260524/Documents/Documents - SFMacBook Pro M5/LEGAL_AUTOMATION/watermelon-vscode/.vscode-test/vscode-darwin-arm64-1.109.5/Visual Studio Code.app/Contents/Resources/app/extensions/theme-defaults/themes/light_vs.json	8.0K	CITATIONS_SOURCES	Possible citation/source registry material
/Users/sethadmin/ZZ_ARCHIVE_HOLD_iCloudDriveArchive_DO_NOT_USE_AS_ACTIVE_ROOT_20260524/Documents/Documents - SFMacBook Pro M5/LEGAL_AUTOMATION/watermelon-vscode/.vscode-test/vscode-darwin-arm64-1.109.5/Visual Studio Code.app/Contents/Resources/app/extensions/theme-defaults/themes/hc_black.json	8.0K	CITATIONS_SOURCES	Possible citation/source registry material
/Users/sethadmin/ZZ_ARCHIVE_HOLD_iCloudDriveArchive_DO_NOT_USE_AS_ACTIVE_ROOT_20260524/Documents/Documents - SFMacBook Pro M5/LEGAL_AUTOMATION/watermelon-vscode/.vscode-test/vscode-darwin-arm64-1.109.5/Visual Studio Code.app/Contents/Resources/app/extensions/theme-defaults/themes/dark_plus.json	4.0K	CITATIONS_SOURCES	Possible citation/source registry material
/Users/sethadmin/ZZ_ARCHIVE_HOLD_iCloudDriveArchive_DO_NOT_USE_AS_ACTIVE_ROOT_20260524/Documents/Documents - SFMacBook Pro M5/LEGAL_AUTOMATION/watermelon-vscode/.vscode-test/vscode-darwin-arm64-1.109.5/Visual Studio Code.app/Contents/Resources/app/extensions/theme-defaults/themes/light_modern.json	8.0K	CITATIONS_SOURCES	Possible citation/source registry material
/Users/sethadmin/ZZ_ARCHIVE_HOLD_iCloudDriveArchive_DO_NOT_USE_AS_ACTIVE_ROOT_20260524/Documents/Documents - SFMacBook Pro M5/LEGAL_AUTOMATION/watermelon-vscode/.vscode-test/vscode-darwin-arm64-1.109.5/Visual Studio Code.app/Contents/Resources/app/extensions/theme-defaults/themes/light_plus.json	4.0K	CITATIONS_SOURCES	Possible citation/source registry material
/Users/sethadmin/ZZ_ARCHIVE_HOLD_iCloudDriveArchive_DO_NOT_USE_AS_ACTIVE_ROOT_20260524/Documents/Documents - SFMacBook Pro M5/LEGAL_AUTOMATION/watermelon-vscode/.vscode-test/vscode-darwin-arm64-1.109.5/Visual Studio Code.app/Contents/Resources/app/extensions/theme-defaults/themes/hc_light.json	12K	CITATIONS_SOURCES	Possible citation/source registry material
/Users/sethadmin/ZZ_ARCHIVE_HOLD_iCloudDriveArchive_DO_NOT_USE_AS_ACTIVE_ROOT_20260524/Documents/Documents - SFMacBook Pro M5/LEGAL_AUTOMATION/watermelon-vscode/.vscode-test/vscode-darwin-arm64-1.109.5/Visual Studio Code.app/Contents/Resources/app/extensions/theme-defaults/package.nls.json	4.0K	CITATIONS_SOURCES	Possible citation/source registry material
/Users/sethadmin/ZZ_ARCHIVE_HOLD_iCloudDriveArchive_DO_NOT_USE_AS_ACTIVE_ROOT_20260524/Documents/Documents - SFMacBook Pro M5/LEGAL_AUTOMATION/watermelon-vscode/.vscode-test/vscode-darwin-arm64-1.109.5/Visual Studio Code.app/Contents/Resources/app/extensions/csharp/snippets/csharp.code-snippets	4.0K	CITATIONS_SOURCES	Possible citation/source registry material
/Users/sethadmin/ZZ_ARCHIVE_HOLD_iCloudDriveArchive_DO_NOT_USE_AS_ACTIVE_ROOT_20260524/Documents/Documents - SFMacBook Pro M5/LEGAL_AUTOMATION/watermelon-vscode/.vscode-test/vscode-darwin-arm64-1.109.5/Visual Studio Code.app/Contents/Resources/app/extensions/csharp/package.json	4.0K	CITATIONS_SOURCES	Possible citation/source registry material
/Users/sethadmin/ZZ_ARCHIVE_HOLD_iCloudDriveArchive_DO_NOT_USE_AS_ACTIVE_ROOT_20260524/Documents/Documents - SFMacBook Pro M5/LEGAL_AUTOMATION/watermelon-vscode/.vscode-test/vscode-darwin-arm64-1.109.5/Visual Studio Code.app/Contents/Resources/app/extensions/csharp/syntaxes/csharp.tmLanguage.json	100K	CITATIONS_SOURCES	Possible citation/source registry material
/Users/sethadmin/ZZ_ARCHIVE_HOLD_iCloudDriveArchive_DO_NOT_USE_AS_ACTIVE_ROOT_20260524/Documents/Documents - SFMacBook Pro M5/LEGAL_AUTOMATION/watermelon-vscode/.vscode-test/vscode-darwin-arm64-1.109.5/Visual Studio Code.app/Contents/Resources/app/extensions/csharp/language-configuration.json	4.0K	CITATIONS_SOURCES	Possible citation/source registry material
/Users/sethadmin/ZZ_ARCHIVE_HOLD_iCloudDriveArchive_DO_NOT_USE_AS_ACTIVE_ROOT_20260524/Documents/Documents - SFMacBook Pro M5/LEGAL_AUTOMATION/watermelon-vscode/.vscode-test/vscode-darwin-arm64-1.109.5/Visual Studio Code.app/Contents/Resources/app/extensions/csharp/package.nls.json	4.0K	CITATIONS_SOURCES	Possible citation/source registry material
/Users/sethadmin/ZZ_ARCHIVE_HOLD_iCloudDriveArchive_DO_NOT_USE_AS_ACTIVE_ROOT_20260524/Documents/Documents - SFMacBook Pro M5/LEGAL_AUTOMATION/watermelon-vscode/.vscode-test/vscode-darwin-arm64-1.109.5/Visual Studio Code.app/Contents/Resources/app/extensions/julia/package.json	4.0K	CITATIONS_SOURCES	Possible citation/source registry material
/Users/sethadmin/ZZ_ARCHIVE_HOLD_iCloudDriveArchive_DO_NOT_USE_AS_ACTIVE_ROOT_20260524/Documents/Documents - SFMacBook Pro M5/LEGAL_AUTOMATION/watermelon-vscode/.vscode-test/vscode-darwin-arm64-1.109.5/Visual Studio Code.app/Contents/Resources/app/extensions/julia/syntaxes/julia.tmLanguage.json	36K	CITATIONS_SOURCES	Possible citation/source registry material
/Users/sethadmin/ZZ_ARCHIVE_HOLD_iCloudDriveArchive_DO_NOT_USE_AS_ACTIVE_ROOT_20260524/Documents/Documents - SFMacBook Pro M5/LEGAL_AUTOMATION/watermelon-vscode/.vscode-test/vscode-darwin-arm64-1.109.5/Visual Studio Code.app/Contents/Resources/app/extensions/julia/language-configuration.json	4.0K	CITATIONS_SOURCES	Possible citation/source registry material
/Users/sethadmin/ZZ_ARCHIVE_HOLD_iCloudDriveArchive_DO_NOT_USE_AS_ACTIVE_ROOT_20260524/Documents/Documents - SFMacBook Pro M5/LEGAL_AUTOMATION/watermelon-vscode/.vscode-test/vscode-darwin-arm64-1.109.5/Visual Studio Code.app/Contents/Resources/app/extensions/julia/package.nls.json	4.0K	CITATIONS_SOURCES	Possible citation/source registry material
/Users/sethadmin/ZZ_ARCHIVE_HOLD_iCloudDriveArchive_DO_NOT_USE_AS_ACTIVE_ROOT_20260524/Documents/Documents - SFMacBook Pro M5/LEGAL_AUTOMATION/watermelon-vscode/.vscode-test/vscode-darwin-arm64-1.109.5/Visual Studio Code.app/Contents/Resources/app/extensions/theme-monokai-dimmed/package.json	4.0K	CITATIONS_SOURCES	Possible citation/source registry material
/Users/sethadmin/ZZ_ARCHIVE_HOLD_iCloudDriveArchive_DO_NOT_USE_AS_ACTIVE_ROOT_20260524/Documents/Documents - SFMacBook Pro M5/LEGAL_AUTOMATION/watermelon-vscode/.vscode-test/vscode-darwin-arm64-1.109.5/Visual Studio Code.app/Contents/Resources/app/extensions/theme-monokai-dimmed/themes/dimmed-monokai-color-theme.json	12K	CITATIONS_SOURCES	Possible citation/source registry material
/Users/sethadmin/ZZ_ARCHIVE_HOLD_iCloudDriveArchive_DO_NOT_USE_AS_ACTIVE_ROOT_20260524/Documents/Documents - SFMacBook Pro M5/LEGAL_AUTOMATION/watermelon-vscode/.vscode-test/vscode-darwin-arm64-1.109.5/Visual Studio Code.app/Contents/Resources/app/extensions/theme-monokai-dimmed/package.nls.json	4.0K	CITATIONS_SOURCES	Possible citation/source registry material
/Users/sethadmin/ZZ_ARCHIVE_HOLD_iCloudDriveArchive_DO_NOT_USE_AS_ACTIVE_ROOT_20260524/Documents/Documents - SFMacBook Pro M5/LEGAL_AUTOMATION/watermelon-vscode/.vscode-test/vscode-darwin-arm64-1.109.5/Visual Studio Code.app/Contents/Resources/app/extensions/bat/snippets/batchfile.code-snippets	4.0K	CITATIONS_SOURCES	Possible citation/source registry material
/Users/sethadmin/ZZ_ARCHIVE_HOLD_iCloudDriveArchive_DO_NOT_USE_AS_ACTIVE_ROOT_20260524/Documents/Documents - SFMacBook Pro M5/LEGAL_AUTOMATION/watermelon-vscode/.vscode-test/vscode-darwin-arm64-1.109.5/Visual Studio Code.app/Contents/Resources/app/extensions/bat/package.json	4.0K	CITATIONS_SOURCES	Possible citation/source registry material
/Users/sethadmin/ZZ_ARCHIVE_HOLD_iCloudDriveArchive_DO_NOT_USE_AS_ACTIVE_ROOT_20260524/Documents/Documents - SFMacBook Pro M5/LEGAL_AUTOMATION/watermelon-vscode/.vscode-test/vscode-darwin-arm64-1.109.5/Visual Studio Code.app/Contents/Resources/app/extensions/bat/syntaxes/batchfile.tmLanguage.json	16K	CITATIONS_SOURCES	Possible citation/source registry material
/Users/sethadmin/ZZ_ARCHIVE_HOLD_iCloudDriveArchive_DO_NOT_USE_AS_ACTIVE_ROOT_20260524/Documents/Documents - SFMacBook Pro M5/LEGAL_AUTOMATION/watermelon-vscode/.vscode-test/vscode-darwin-arm64-1.109.5/Visual Studio Code.app/Contents/Resources/app/extensions/bat/language-configuration.json	4.0K	CITATIONS_SOURCES	Possible citation/source registry material
/Users/sethadmin/ZZ_ARCHIVE_HOLD_iCloudDriveArchive_DO_NOT_USE_AS_ACTIVE_ROOT_20260524/Documents/Documents - SFMacBook Pro M5/LEGAL_AUTOMATION/watermelon-vscode/.vscode-test/vscode-darwin-arm64-1.109.5/Visual Studio Code.app/Contents/Resources/app/extensions/bat/package.nls.json	4.0K	CITATIONS_SOURCES	Possible citation/source registry material
/Users/sethadmin/ZZ_ARCHIVE_HOLD_iCloudDriveArchive_DO_NOT_USE_AS_ACTIVE_ROOT_20260524/Documents/Documents - SFMacBook Pro M5/LEGAL_AUTOMATION/watermelon-vscode/.vscode-test/vscode-darwin-arm64-1.109.5/Visual Studio Code.app/Contents/Resources/app/extensions/groovy/snippets/groovy.code-snippets	4.0K	CITATIONS_SOURCES	Possible citation/source registry material
/Users/sethadmin/ZZ_ARCHIVE_HOLD_iCloudDriveArchive_DO_NOT_USE_AS_ACTIVE_ROOT_20260524/Documents/Documents - SFMacBook Pro M5/LEGAL_AUTOMATION/watermelon-vscode/.vscode-test/vscode-darwin-arm64-1.109.5/Visual Studio Code.app/Contents/Resources/app/extensions/groovy/package.json	4.0K	CITATIONS_SOURCES	Possible citation/source registry material
/Users/sethadmin/ZZ_ARCHIVE_HOLD_iCloudDriveArchive_DO_NOT_USE_AS_ACTIVE_ROOT_20260524/Documents/Documents - SFMacBook Pro M5/LEGAL_AUTOMATION/watermelon-vscode/.vscode-test/vscode-darwin-arm64-1.109.5/Visual Studio Code.app/Contents/Resources/app/extensions/groovy/syntaxes/groovy.tmLanguage.json	20K	CITATIONS_SOURCES	Possible citation/source registry material
/Users/sethadmin/ZZ_ARCHIVE_HOLD_iCloudDriveArchive_DO_NOT_USE_AS_ACTIVE_ROOT_20260524/Documents/Documents - SFMacBook Pro M5/LEGAL_AUTOMATION/watermelon-vscode/.vscode-test/vscode-darwin-arm64-1.109.5/Visual Studio Code.app/Contents/Resources/app/extensions/groovy/language-configuration.json	4.0K	CITATIONS_SOURCES	Possible citation/source registry material
/Users/sethadmin/ZZ_ARCHIVE_HOLD_iCloudDriveArchive_DO_NOT_USE_AS_ACTIVE_ROOT_20260524/Documents/Documents - SFMacBook Pro M5/LEGAL_AUTOMATION/watermelon-vscode/.vscode-test/vscode-darwin-arm64-1.109.5/Visual Studio Code.app/Contents/Resources/app/extensions/groovy/package.nls.json	4.0K	CITATIONS_SOURCES	Possible citation/source registry material
/Users/sethadmin/ZZ_ARCHIVE_HOLD_iCloudDriveArchive_DO_NOT_USE_AS_ACTIVE_ROOT_20260524/Documents/Documents - SFMacBook Pro M5/LEGAL_AUTOMATION/watermelon-vscode/.vscode-test/vscode-darwin-arm64-1.109.5/Visual Studio Code.app/Contents/Resources/app/extensions/coffeescript/snippets/coffeescript.code-snippets	4.0K	CITATIONS_SOURCES	Possible citation/source registry material
/Users/sethadmin/ZZ_ARCHIVE_HOLD_iCloudDriveArchive_DO_NOT_USE_AS_ACTIVE_ROOT_20260524/Documents/Documents - SFMacBook Pro M5/LEGAL_AUTOMATION/watermelon-vscode/.vscode-test/vscode-darwin-arm64-1.109.5/Visual Studio Code.app/Contents/Resources/app/extensions/coffeescript/package.json	4.0K	CITATIONS_SOURCES	Possible citation/source registry material
/Users/sethadmin/ZZ_ARCHIVE_HOLD_iCloudDriveArchive_DO_NOT_USE_AS_ACTIVE_ROOT_20260524/Documents/Documents - SFMacBook Pro M5/LEGAL_AUTOMATION/watermelon-vscode/.vscode-test/vscode-darwin-arm64-1.109.5/Visual Studio Code.app/Contents/Resources/app/extensions/coffeescript/syntaxes/coffeescript.tmLanguage.json	28K	CITATIONS_SOURCES	Possible citation/source registry material
/Users/sethadmin/ZZ_ARCHIVE_HOLD_iCloudDriveArchive_DO_NOT_USE_AS_ACTIVE_ROOT_20260524/Documents/Documents - SFMacBook Pro M5/LEGAL_AUTOMATION/watermelon-vscode/.vscode-test/vscode-darwin-arm64-1.109.5/Visual Studio Code.app/Contents/Resources/app/extensions/coffeescript/language-configuration.json	4.0K	CITATIONS_SOURCES	Possible citation/source registry material
/Users/sethadmin/ZZ_ARCHIVE_HOLD_iCloudDriveArchive_DO_NOT_USE_AS_ACTIVE_ROOT_20260524/Documents/Documents - SFMacBook Pro M5/LEGAL_AUTOMATION/watermelon-vscode/.vscode-test/vscode-darwin-arm64-1.109.5/Visual Studio Code.app/Contents/Resources/app/extensions/coffeescript/package.nls.json	4.0K	CITATIONS_SOURCES	Possible citation/source registry material
/Users/sethadmin/ZZ_ARCHIVE_HOLD_iCloudDriveArchive_DO_NOT_USE_AS_ACTIVE_ROOT_20260524/Documents/Documents - SFMacBook Pro M5/LEGAL_AUTOMATION/watermelon-vscode/.vscode-test/vscode-darwin-arm64-1.109.5/Visual Studio Code.app/Contents/Resources/app/extensions/javascript/snippets/javascript.code-snippets	8.0K	CITATIONS_SOURCES	Possible citation/source registry material
/Users/sethadmin/ZZ_ARCHIVE_HOLD_iCloudDriveArchive_DO_NOT_USE_AS_ACTIVE_ROOT_20260524/Documents/Documents - SFMacBook Pro M5/LEGAL_AUTOMATION/watermelon-vscode/.vscode-test/vscode-darwin-arm64-1.109.5/Visual Studio Code.app/Contents/Resources/app/extensions/javascript/package.json	4.0K	CITATIONS_SOURCES	Possible citation/source registry material
/Users/sethadmin/ZZ_ARCHIVE_HOLD_iCloudDriveArchive_DO_NOT_USE_AS_ACTIVE_ROOT_20260524/Documents/Documents - SFMacBook Pro M5/LEGAL_AUTOMATION/watermelon-vscode/.vscode-test/vscode-darwin-arm64-1.109.5/Visual Studio Code.app/Contents/Resources/app/extensions/javascript/tags-language-configuration.json	4.0K	CITATIONS_SOURCES	Possible citation/source registry material
/Users/sethadmin/ZZ_ARCHIVE_HOLD_iCloudDriveArchive_DO_NOT_USE_AS_ACTIVE_ROOT_20260524/Documents/Documents - SFMacBook Pro M5/LEGAL_AUTOMATION/watermelon-vscode/.vscode-test/vscode-darwin-arm64-1.109.5/Visual Studio Code.app/Contents/Resources/app/extensions/javascript/syntaxes/JavaScript.tmLanguage.json	184K	CITATIONS_SOURCES	Possible citation/source registry material
/Users/sethadmin/ZZ_ARCHIVE_HOLD_iCloudDriveArchive_DO_NOT_USE_AS_ACTIVE_ROOT_20260524/Documents/Documents - SFMacBook Pro M5/LEGAL_AUTOMATION/watermelon-vscode/.vscode-test/vscode-darwin-arm64-1.109.5/Visual Studio Code.app/Contents/Resources/app/extensions/javascript/syntaxes/Regular Expressions (JavaScript).tmLanguage	8.0K	CITATIONS_SOURCES	Possible citation/source registry material
/Users/sethadmin/ZZ_ARCHIVE_HOLD_iCloudDriveArchive_DO_NOT_USE_AS_ACTIVE_ROOT_20260524/Documents/Documents - SFMacBook Pro M5/LEGAL_AUTOMATION/watermelon-vscode/.vscode-test/vscode-darwin-arm64-1.109.5/Visual Studio Code.app/Contents/Resources/app/extensions/javascript/syntaxes/JavaScriptReact.tmLanguage.json	188K	CITATIONS_SOURCES	Possible citation/source registry material
/Users/sethadmin/ZZ_ARCHIVE_HOLD_iCloudDriveArchive_DO_NOT_USE_AS_ACTIVE_ROOT_20260524/Documents/Documents - SFMacBook Pro M5/LEGAL_AUTOMATION/watermelon-vscode/.vscode-test/vscode-darwin-arm64-1.109.5/Visual Studio Code.app/Contents/Resources/app/extensions/javascript/package.nls.json	4.0K	CITATIONS_SOURCES	Possible citation/source registry material
/Users/sethadmin/ZZ_ARCHIVE_HOLD_iCloudDriveArchive_DO_NOT_USE_AS_ACTIVE_ROOT_20260524/Documents/Documents - SFMacBook Pro M5/LEGAL_AUTOMATION/watermelon-vscode/.vscode-test/vscode-darwin-arm64-1.109.5/Visual Studio Code.app/Contents/Resources/app/extensions/javascript/javascript-language-configuration.json	4.0K	CITATIONS_SOURCES	Possible citation/source registry material
/Users/sethadmin/ZZ_ARCHIVE_HOLD_iCloudDriveArchive_DO_NOT_USE_AS_ACTIVE_ROOT_20260524/Documents/Documents - SFMacBook Pro M5/LEGAL_AUTOMATION/watermelon-vscode/.vscode-test/vscode-darwin-arm64-1.109.5/Visual Studio Code.app/Contents/Resources/app/extensions/ms-vscode.vscode-js-profile-table/ThirdPartyNotices.txt	1.8M	CITATIONS_SOURCES	Possible citation/source registry material
/Users/sethadmin/ZZ_ARCHIVE_HOLD_iCloudDriveArchive_DO_NOT_USE_AS_ACTIVE_ROOT_20260524/Documents/Documents - SFMacBook Pro M5/LEGAL_AUTOMATION/watermelon-vscode/.vscode-test/vscode-darwin-arm64-1.109.5/Visual Studio Code.app/Contents/Resources/app/extensions/ms-vscode.vscode-js-profile-table/out/dbd61d846b1102299709.module.wasm	180K	CITATIONS_SOURCES	Possible citation/source registry material
/Users/sethadmin/ZZ_ARCHIVE_HOLD_iCloudDriveArchive_DO_NOT_USE_AS_ACTIVE_ROOT_20260524/Documents/Documents - SFMacBook Pro M5/LEGAL_AUTOMATION/watermelon-vscode/.vscode-test/vscode-darwin-arm64-1.109.5/Visual Studio Code.app/Contents/Resources/app/extensions/ms-vscode.vscode-js-profile-table/out/extension.web.js	28K	CITATIONS_SOURCES	Possible citation/source registry material
/Users/sethadmin/ZZ_ARCHIVE_HOLD_iCloudDriveArchive_DO_NOT_USE_AS_ACTIVE_ROOT_20260524/Documents/Documents - SFMacBook Pro M5/LEGAL_AUTOMATION/watermelon-vscode/.vscode-test/vscode-darwin-arm64-1.109.5/Visual Studio Code.app/Contents/Resources/app/extensions/ms-vscode.vscode-js-profile-table/out/848.extension.web.js	12K	CITATIONS_SOURCES	Possible citation/source registry material
/Users/sethadmin/ZZ_ARCHIVE_HOLD_iCloudDriveArchive_DO_NOT_USE_AS_ACTIVE_ROOT_20260524/Documents/Documents - SFMacBook Pro M5/LEGAL_AUTOMATION/watermelon-vscode/.vscode-test/vscode-darwin-arm64-1.109.5/Visual Studio Code.app/Contents/Resources/app/extensions/ms-vscode.vscode-js-profile-table/out/cpu-client.bundle.js	44K	CITATIONS_SOURCES	Possible citation/source registry material
/Users/sethadmin/ZZ_ARCHIVE_HOLD_iCloudDriveArchive_DO_NOT_USE_AS_ACTIVE_ROOT_20260524/Documents/Documents - SFMacBook Pro M5/LEGAL_AUTOMATION/watermelon-vscode/.vscode-test/vscode-darwin-arm64-1.109.5/Visual Studio Code.app/Contents/Resources/app/extensions/ms-vscode.vscode-js-profile-table/out/heap-client.bundle.js	44K	CITATIONS_SOURCES	Possible citation/source registry material
/Users/sethadmin/ZZ_ARCHIVE_HOLD_iCloudDriveArchive_DO_NOT_USE_AS_ACTIVE_ROOT_20260524/Documents/Documents - SFMacBook Pro M5/LEGAL_AUTOMATION/watermelon-vscode/.vscode-test/vscode-darwin-arm64-1.109.5/Visual Studio Code.app/Contents/Resources/app/extensions/ms-vscode.vscode-js-profile-table/out/heapsnapshotWorker.js	4.0K	CITATIONS_SOURCES	Possible citation/source registry material
/Users/sethadmin/ZZ_ARCHIVE_HOLD_iCloudDriveArchive_DO_NOT_USE_AS_ACTIVE_ROOT_20260524/Documents/Documents - SFMacBook Pro M5/LEGAL_AUTOMATION/watermelon-vscode/.vscode-test/vscode-darwin-arm64-1.109.5/Visual Studio Code.app/Contents/Resources/app/extensions/ms-vscode.vscode-js-profile-table/out/heapsnapshot-client.bundle.js	44K	CITATIONS_SOURCES	Possible citation/source registry material
/Users/sethadmin/ZZ_ARCHIVE_HOLD_iCloudDriveArchive_DO_NOT_USE_AS_ACTIVE_ROOT_20260524/Documents/Documents - SFMacBook Pro M5/LEGAL_AUTOMATION/watermelon-vscode/.vscode-test/vscode-darwin-arm64-1.109.5/Visual Studio Code.app/Contents/Resources/app/extensions/ms-vscode.vscode-js-profile-table/out/425.heapsnapshotWorker.js	12K	CITATIONS_SOURCES	Possible citation/source registry material
/Users/sethadmin/ZZ_ARCHIVE_HOLD_iCloudDriveArchive_DO_NOT_USE_AS_ACTIVE_ROOT_20260524/Documents/Documents - SFMacBook Pro M5/LEGAL_AUTOMATION/watermelon-vscode/.vscode-test/vscode-darwin-arm64-1.109.5/Visual Studio Code.app/Contents/Resources/app/extensions/ms-vscode.vscode-js-profile-table/out/extension.js	20K	CITATIONS_SOURCES	Possible citation/source registry material
/Users/sethadmin/ZZ_ARCHIVE_HOLD_iCloudDriveArchive_DO_NOT_USE_AS_ACTIVE_ROOT_20260524/Documents/Documents - SFMacBook Pro M5/LEGAL_AUTOMATION/watermelon-vscode/.vscode-test/vscode-darwin-arm64-1.109.5/Visual Studio Code.app/Contents/Resources/app/extensions/ms-vscode.vscode-js-profile-table/out/a443ca1a33b96237dd48.module.wasm	180K	CITATIONS_SOURCES	Possible citation/source registry material
/Users/sethadmin/ZZ_ARCHIVE_HOLD_iCloudDriveArchive_DO_NOT_USE_AS_ACTIVE_ROOT_20260524/Documents/Documents - SFMacBook Pro M5/LEGAL_AUTOMATION/watermelon-vscode/.vscode-test/vscode-darwin-arm64-1.109.5/Visual Studio Code.app/Contents/Resources/app/extensions/ms-vscode.vscode-js-profile-table/resources/icon.png	8.0K	CITATIONS_SOURCES	Possible citation/source registry material
/Users/sethadmin/ZZ_ARCHIVE_HOLD_iCloudDriveArchive_DO_NOT_USE_AS_ACTIVE_ROOT_20260524/Documents/Documents - SFMacBook Pro M5/LEGAL_AUTOMATION/watermelon-vscode/.vscode-test/vscode-darwin-arm64-1.109.5/Visual Studio Code.app/Contents/Resources/app/extensions/ms-vscode.vscode-js-profile-table/README.md	4.0K	CITATIONS_SOURCES	Possible citation/source registry material
/Users/sethadmin/ZZ_ARCHIVE_HOLD_iCloudDriveArchive_DO_NOT_USE_AS_ACTIVE_ROOT_20260524/Documents/Documents - SFMacBook Pro M5/LEGAL_AUTOMATION/watermelon-vscode/.vscode-test/vscode-darwin-arm64-1.109.5/Visual Studio Code.app/Contents/Resources/app/extensions/ms-vscode.vscode-js-profile-table/package.json	4.0K	CITATIONS_SOURCES	Possible citation/source registry material
/Users/sethadmin/ZZ_ARCHIVE_HOLD_iCloudDriveArchive_DO_NOT_USE_AS_ACTIVE_ROOT_20260524/Documents/Documents - SFMacBook Pro M5/LEGAL_AUTOMATION/watermelon-vscode/.vscode-test/vscode-darwin-arm64-1.109.5/Visual Studio Code.app/Contents/Resources/app/extensions/ms-vscode.vscode-js-profile-table/tsconfig.browser.json	4.0K	CITATIONS_SOURCES	Possible citation/source registry material
/Users/sethadmin/ZZ_ARCHIVE_HOLD_iCloudDriveArchive_DO_NOT_USE_AS_ACTIVE_ROOT_20260524/Documents/Documents - SFMacBook Pro M5/LEGAL_AUTOMATION/watermelon-vscode/.vscode-test/vscode-darwin-arm64-1.109.5/Visual Studio Code.app/Contents/Resources/app/extensions/ms-vscode.vscode-js-profile-table/ci.yml	4.0K	CITATIONS_SOURCES	Possible citation/source registry material
/Users/sethadmin/ZZ_ARCHIVE_HOLD_iCloudDriveArchive_DO_NOT_USE_AS_ACTIVE_ROOT_20260524/Documents/Documents - SFMacBook Pro M5/LEGAL_AUTOMATION/watermelon-vscode/.vscode-test/vscode-darwin-arm64-1.109.5/Visual Studio Code.app/Contents/Resources/app/extensions/php-language-features/dist/phpMain.js	224K	CITATIONS_SOURCES	Possible citation/source registry material
/Users/sethadmin/ZZ_ARCHIVE_HOLD_iCloudDriveArchive_DO_NOT_USE_AS_ACTIVE_ROOT_20260524/Documents/Documents - SFMacBook Pro M5/LEGAL_AUTOMATION/watermelon-vscode/.vscode-test/vscode-darwin-arm64-1.109.5/Visual Studio Code.app/Contents/Resources/app/extensions/php-language-features/README.md	4.0K	CITATIONS_SOURCES	Possible citation/source registry material
/Users/sethadmin/ZZ_ARCHIVE_HOLD_iCloudDriveArchive_DO_NOT_USE_AS_ACTIVE_ROOT_20260524/Documents/Documents - SFMacBook Pro M5/LEGAL_AUTOMATION/watermelon-vscode/.vscode-test/vscode-darwin-arm64-1.109.5/Visual Studio Code.app/Contents/Resources/app/extensions/php-language-features/package.json	4.0K	CITATIONS_SOURCES	Possible citation/source registry material
/Users/sethadmin/ZZ_ARCHIVE_HOLD_iCloudDriveArchive_DO_NOT_USE_AS_ACTIVE_ROOT_20260524/Documents/Documents - SFMacBook Pro M5/LEGAL_AUTOMATION/watermelon-vscode/.vscode-test/vscode-darwin-arm64-1.109.5/Visual Studio Code.app/Contents/Resources/app/extensions/php-language-features/icons/logo.png	12K	CITATIONS_SOURCES	Possible citation/source registry material
/Users/sethadmin/ZZ_ARCHIVE_HOLD_iCloudDriveArchive_DO_NOT_USE_AS_ACTIVE_ROOT_20260524/Documents/Documents - SFMacBook Pro M5/LEGAL_AUTOMATION/watermelon-vscode/.vscode-test/vscode-darwin-arm64-1.109.5/Visual Studio Code.app/Contents/Resources/app/extensions/php-language-features/package.nls.json	4.0K	CITATIONS_SOURCES	Possible citation/source registry material
/Users/sethadmin/ZZ_ARCHIVE_HOLD_iCloudDriveArchive_DO_NOT_USE_AS_ACTIVE_ROOT_20260524/Documents/Documents - SFMacBook Pro M5/LEGAL_AUTOMATION/watermelon-vscode/.vscode-test/vscode-darwin-arm64-1.109.5/Visual Studio Code.app/Contents/Resources/app/extensions/tunnel-forwarding/dist/extension.js	12K	CITATIONS_SOURCES	Possible citation/source registry material
/Users/sethadmin/ZZ_ARCHIVE_HOLD_iCloudDriveArchive_DO_NOT_USE_AS_ACTIVE_ROOT_20260524/Documents/Documents - SFMacBook Pro M5/LEGAL_AUTOMATION/watermelon-vscode/.vscode-test/vscode-darwin-arm64-1.109.5/Visual Studio Code.app/Contents/Resources/app/extensions/tunnel-forwarding/package.json	4.0K	CITATIONS_SOURCES	Possible citation/source registry material
/Users/sethadmin/ZZ_ARCHIVE_HOLD_iCloudDriveArchive_DO_NOT_USE_AS_ACTIVE_ROOT_20260524/Documents/Documents - SFMacBook Pro M5/LEGAL_AUTOMATION/watermelon-vscode/.vscode-test/vscode-darwin-arm64-1.109.5/Visual Studio Code.app/Contents/Resources/app/extensions/tunnel-forwarding/.vscode/launch.json	4.0K	CITATIONS_SOURCES	Possible citation/source registry material
/Users/sethadmin/ZZ_ARCHIVE_HOLD_iCloudDriveArchive_DO_NOT_USE_AS_ACTIVE_ROOT_20260524/Documents/Documents - SFMacBook Pro M5/LEGAL_AUTOMATION/watermelon-vscode/.vscode-test/vscode-darwin-arm64-1.109.5/Visual Studio Code.app/Contents/Resources/app/extensions/tunnel-forwarding/package.nls.json	4.0K	CITATIONS_SOURCES	Possible citation/source registry material
/Users/sethadmin/ZZ_ARCHIVE_HOLD_iCloudDriveArchive_DO_NOT_USE_AS_ACTIVE_ROOT_20260524/Documents/Documents - SFMacBook Pro M5/LEGAL_AUTOMATION/watermelon-vscode/.vscode-test/vscode-darwin-arm64-1.109.5/Visual Studio Code.app/Contents/Resources/app/extensions/tunnel-forwarding/media/icon.png	8.0K	CITATIONS_SOURCES	Possible citation/source registry material
/Users/sethadmin/ZZ_ARCHIVE_HOLD_iCloudDriveArchive_DO_NOT_USE_AS_ACTIVE_ROOT_20260524/Documents/Documents - SFMacBook Pro M5/LEGAL_AUTOMATION/watermelon-vscode/.vscode-test/vscode-darwin-arm64-1.109.5/Visual Studio Code.app/Contents/Resources/app/extensions/extension-editing/dist/extensionEditingMain.js	324K	CITATIONS_SOURCES	Possible citation/source registry material
/Users/sethadmin/ZZ_ARCHIVE_HOLD_iCloudDriveArchive_DO_NOT_USE_AS_ACTIVE_ROOT_20260524/Documents/Documents - SFMacBook Pro M5/LEGAL_AUTOMATION/watermelon-vscode/.vscode-test/vscode-darwin-arm64-1.109.5/Visual Studio Code.app/Contents/Resources/app/extensions/extension-editing/images/icon.png	4.0K	CITATIONS_SOURCES	Possible citation/source registry material
/Users/sethadmin/ZZ_ARCHIVE_HOLD_iCloudDriveArchive_DO_NOT_USE_AS_ACTIVE_ROOT_20260524/Documents/Documents - SFMacBook Pro M5/LEGAL_AUTOMATION/watermelon-vscode/.vscode-test/vscode-darwin-arm64-1.109.5/Visual Studio Code.app/Contents/Resources/app/extensions/extension-editing/package.json	4.0K	CITATIONS_SOURCES	Possible citation/source registry material
/Users/sethadmin/ZZ_ARCHIVE_HOLD_iCloudDriveArchive_DO_NOT_USE_AS_ACTIVE_ROOT_20260524/Documents/Documents - SFMacBook Pro M5/LEGAL_AUTOMATION/watermelon-vscode/.vscode-test/vscode-darwin-arm64-1.109.5/Visual Studio Code.app/Contents/Resources/app/extensions/extension-editing/package.nls.json	4.0K	CITATIONS_SOURCES	Possible citation/source registry material
/Users/sethadmin/ZZ_ARCHIVE_HOLD_iCloudDriveArchive_DO_NOT_USE_AS_ACTIVE_ROOT_20260524/Documents/Documents - SFMacBook Pro M5/LEGAL_AUTOMATION/watermelon-vscode/.vscode-test/vscode-darwin-arm64-1.109.5/Visual Studio Code.app/Contents/Resources/app/extensions/hlsl/package.json	4.0K	CITATIONS_SOURCES	Possible citation/source registry material
/Users/sethadmin/ZZ_ARCHIVE_HOLD_iCloudDriveArchive_DO_NOT_USE_AS_ACTIVE_ROOT_20260524/Documents/Documents - SFMacBook Pro M5/LEGAL_AUTOMATION/watermelon-vscode/.vscode-test/vscode-darwin-arm64-1.109.5/Visual Studio Code.app/Contents/Resources/app/extensions/hlsl/syntaxes/hlsl.tmLanguage.json	8.0K	CITATIONS_SOURCES	Possible citation/source registry material
/Users/sethadmin/ZZ_ARCHIVE_HOLD_iCloudDriveArchive_DO_NOT_USE_AS_ACTIVE_ROOT_20260524/Documents/Documents - SFMacBook Pro M5/LEGAL_AUTOMATION/watermelon-vscode/.vscode-test/vscode-darwin-arm64-1.109.5/Visual Studio Code.app/Contents/Resources/app/extensions/hlsl/language-configuration.json	4.0K	CITATIONS_SOURCES	Possible citation/source registry material
/Users/sethadmin/ZZ_ARCHIVE_HOLD_iCloudDriveArchive_DO_NOT_USE_AS_ACTIVE_ROOT_20260524/Documents/Documents - SFMacBook Pro M5/LEGAL_AUTOMATION/watermelon-vscode/.vscode-test/vscode-darwin-arm64-1.109.5/Visual Studio Code.app/Contents/Resources/app/extensions/hlsl/package.nls.json	4.0K	CITATIONS_SOURCES	Possible citation/source registry material
/Users/sethadmin/ZZ_ARCHIVE_HOLD_iCloudDriveArchive_DO_NOT_USE_AS_ACTIVE_ROOT_20260524/Documents/Documents - SFMacBook Pro M5/LEGAL_AUTOMATION/watermelon-vscode/.vscode-test/vscode-darwin-arm64-1.109.5/Visual Studio Code.app/Contents/Resources/app/extensions/restructuredtext/package.json	4.0K	CITATIONS_SOURCES	Possible citation/source registry material
/Users/sethadmin/ZZ_ARCHIVE_HOLD_iCloudDriveArchive_DO_NOT_USE_AS_ACTIVE_ROOT_20260524/Documents/Documents - SFMacBook Pro M5/LEGAL_AUTOMATION/watermelon-vscode/.vscode-test/vscode-darwin-arm64-1.109.5/Visual Studio Code.app/Contents/Resources/app/extensions/restructuredtext/syntaxes/rst.tmLanguage.json	12K	CITATIONS_SOURCES	Possible citation/source registry material
/Users/sethadmin/ZZ_ARCHIVE_HOLD_iCloudDriveArchive_DO_NOT_USE_AS_ACTIVE_ROOT_20260524/Documents/Documents - SFMacBook Pro M5/LEGAL_AUTOMATION/watermelon-vscode/.vscode-test/vscode-darwin-arm64-1.109.5/Visual Studio Code.app/Contents/Resources/app/extensions/restructuredtext/language-configuration.json	4.0K	CITATIONS_SOURCES	Possible citation/source registry material
/Users/sethadmin/ZZ_ARCHIVE_HOLD_iCloudDriveArchive_DO_NOT_USE_AS_ACTIVE_ROOT_20260524/Documents/Documents - SFMacBook Pro M5/LEGAL_AUTOMATION/watermelon-vscode/.vscode-test/vscode-darwin-arm64-1.109.5/Visual Studio Code.app/Contents/Resources/app/extensions/restructuredtext/package.nls.json	4.0K	CITATIONS_SOURCES	Possible citation/source registry material
/Users/sethadmin/ZZ_ARCHIVE_HOLD_iCloudDriveArchive_DO_NOT_USE_AS_ACTIVE_ROOT_20260524/Documents/Documents - SFMacBook Pro M5/LEGAL_AUTOMATION/watermelon-vscode/.vscode-test/vscode-darwin-arm64-1.109.5/Visual Studio Code.app/Contents/Resources/app/extensions/theme-kimbie-dark/package.json	4.0K	CITATIONS_SOURCES	Possible citation/source registry material
/Users/sethadmin/ZZ_ARCHIVE_HOLD_iCloudDriveArchive_DO_NOT_USE_AS_ACTIVE_ROOT_20260524/Documents/Documents - SFMacBook Pro M5/LEGAL_AUTOMATION/watermelon-vscode/.vscode-test/vscode-darwin-arm64-1.109.5/Visual Studio Code.app/Contents/Resources/app/extensions/theme-kimbie-dark/themes/kimbie-dark-color-theme.json	8.0K	CITATIONS_SOURCES	Possible citation/source registry material
/Users/sethadmin/ZZ_ARCHIVE_HOLD_iCloudDriveArchive_DO_NOT_USE_AS_ACTIVE_ROOT_20260524/Documents/Documents - SFMacBook Pro M5/LEGAL_AUTOMATION/watermelon-vscode/.vscode-test/vscode-darwin-arm64-1.109.5/Visual Studio Code.app/Contents/Resources/app/extensions/theme-kimbie-dark/package.nls.json	4.0K	CITATIONS_SOURCES	Possible citation/source registry material
/Users/sethadmin/ZZ_ARCHIVE_HOLD_iCloudDriveArchive_DO_NOT_USE_AS_ACTIVE_ROOT_20260524/Documents/Documents - SFMacBook Pro M5/LEGAL_AUTOMATION/watermelon-vscode/.vscode-test/vscode-darwin-arm64-1.109.5/Visual Studio Code.app/Contents/Resources/app/extensions/objective-c/package.json	4.0K	CITATIONS_SOURCES	Possible citation/source registry material
/Users/sethadmin/ZZ_ARCHIVE_HOLD_iCloudDriveArchive_DO_NOT_USE_AS_ACTIVE_ROOT_20260524/Documents/Documents - SFMacBook Pro M5/LEGAL_AUTOMATION/watermelon-vscode/.vscode-test/vscode-darwin-arm64-1.109.5/Visual Studio Code.app/Contents/Resources/app/extensions/objective-c/syntaxes/objective-c.tmLanguage.json	108K	CITATIONS_SOURCES	Possible citation/source registry material
/Users/sethadmin/ZZ_ARCHIVE_HOLD_iCloudDriveArchive_DO_NOT_USE_AS_ACTIVE_ROOT_20260524/Documents/Documents - SFMacBook Pro M5/LEGAL_AUTOMATION/watermelon-vscode/.vscode-test/vscode-darwin-arm64-1.109.5/Visual Studio Code.app/Contents/Resources/app/extensions/objective-c/syntaxes/objective-c++.tmLanguage.json	172K	CITATIONS_SOURCES	Possible citation/source registry material
/Users/sethadmin/ZZ_ARCHIVE_HOLD_iCloudDriveArchive_DO_NOT_USE_AS_ACTIVE_ROOT_20260524/Documents/Documents - SFMacBook Pro M5/LEGAL_AUTOMATION/watermelon-vscode/.vscode-test/vscode-darwin-arm64-1.109.5/Visual Studio Code.app/Contents/Resources/app/extensions/objective-c/language-configuration.json	4.0K	CITATIONS_SOURCES	Possible citation/source registry material
/Users/sethadmin/ZZ_ARCHIVE_HOLD_iCloudDriveArchive_DO_NOT_USE_AS_ACTIVE_ROOT_20260524/Documents/Documents - SFMacBook Pro M5/LEGAL_AUTOMATION/watermelon-vscode/.vscode-test/vscode-darwin-arm64-1.109.5/Visual Studio Code.app/Contents/Resources/app/extensions/objective-c/package.nls.json	4.0K	CITATIONS_SOURCES	Possible citation/source registry material
/Users/sethadmin/ZZ_ARCHIVE_HOLD_iCloudDriveArchive_DO_NOT_USE_AS_ACTIVE_ROOT_20260524/Documents/Documents - SFMacBook Pro M5/LEGAL_AUTOMATION/watermelon-vscode/.vscode-test/vscode-darwin-arm64-1.109.5/Visual Studio Code.app/Contents/Resources/app/extensions/npm/dist/npmMain.js	328K	CITATIONS_SOURCES	Possible citation/source registry material
/Users/sethadmin/ZZ_ARCHIVE_HOLD_iCloudDriveArchive_DO_NOT_USE_AS_ACTIVE_ROOT_20260524/Documents/Documents - SFMacBook Pro M5/LEGAL_AUTOMATION/watermelon-vscode/.vscode-test/vscode-darwin-arm64-1.109.5/Visual Studio Code.app/Contents/Resources/app/extensions/npm/dist/npmMain.js.LICENSE.txt	4.0K	CITATIONS_SOURCES	Possible citation/source registry material
/Users/sethadmin/ZZ_ARCHIVE_HOLD_iCloudDriveArchive_DO_NOT_USE_AS_ACTIVE_ROOT_20260524/Documents/Documents - SFMacBook Pro M5/LEGAL_AUTOMATION/watermelon-vscode/.vscode-test/vscode-darwin-arm64-1.109.5/Visual Studio Code.app/Contents/Resources/app/extensions/npm/images/code.svg	4.0K	CITATIONS_SOURCES	Possible citation/source registry material
/Users/sethadmin/ZZ_ARCHIVE_HOLD_iCloudDriveArchive_DO_NOT_USE_AS_ACTIVE_ROOT_20260524/Documents/Documents - SFMacBook Pro M5/LEGAL_AUTOMATION/watermelon-vscode/.vscode-test/vscode-darwin-arm64-1.109.5/Visual Studio Code.app/Contents/Resources/app/extensions/npm/images/npm_icon.png	4.0K	CITATIONS_SOURCES	Possible citation/source registry material
/Users/sethadmin/ZZ_ARCHIVE_HOLD_iCloudDriveArchive_DO_NOT_USE_AS_ACTIVE_ROOT_20260524/Documents/Documents - SFMacBook Pro M5/LEGAL_AUTOMATION/watermelon-vscode/.vscode-test/vscode-darwin-arm64-1.109.5/Visual Studio Code.app/Contents/Resources/app/extensions/npm/README.md	4.0K	CITATIONS_SOURCES	Possible citation/source registry material
/Users/sethadmin/ZZ_ARCHIVE_HOLD_iCloudDriveArchive_DO_NOT_USE_AS_ACTIVE_ROOT_20260524/Documents/Documents - SFMacBook Pro M5/LEGAL_AUTOMATION/watermelon-vscode/.vscode-test/vscode-darwin-arm64-1.109.5/Visual Studio Code.app/Contents/Resources/app/extensions/npm/package.json	8.0K	CITATIONS_SOURCES	Possible citation/source registry material
/Users/sethadmin/ZZ_ARCHIVE_HOLD_iCloudDriveArchive_DO_NOT_USE_AS_ACTIVE_ROOT_20260524/Documents/Documents - SFMacBook Pro M5/LEGAL_AUTOMATION/watermelon-vscode/.vscode-test/vscode-darwin-arm64-1.109.5/Visual Studio Code.app/Contents/Resources/app/extensions/npm/package.nls.json	4.0K	CITATIONS_SOURCES	Possible citation/source registry material
/Users/sethadmin/ZZ_ARCHIVE_HOLD_iCloudDriveArchive_DO_NOT_USE_AS_ACTIVE_ROOT_20260524/Documents/Documents - SFMacBook Pro M5/LEGAL_AUTOMATION/watermelon-vscode/.vscode-test/vscode-darwin-arm64-1.109.5/Visual Studio Code.app/Contents/Resources/app/extensions/ruby/package.json	4.0K	CITATIONS_SOURCES	Possible citation/source registry material
/Users/sethadmin/ZZ_ARCHIVE_HOLD_iCloudDriveArchive_DO_NOT_USE_AS_ACTIVE_ROOT_20260524/Documents/Documents - SFMacBook Pro M5/LEGAL_AUTOMATION/watermelon-vscode/.vscode-test/vscode-darwin-arm64-1.109.5/Visual Studio Code.app/Contents/Resources/app/extensions/ruby/syntaxes/ruby.tmLanguage.json	52K	CITATIONS_SOURCES	Possible citation/source registry material
/Users/sethadmin/ZZ_ARCHIVE_HOLD_iCloudDriveArchive_DO_NOT_USE_AS_ACTIVE_ROOT_20260524/Documents/Documents - SFMacBook Pro M5/LEGAL_AUTOMATION/watermelon-vscode/.vscode-test/vscode-darwin-arm64-1.109.5/Visual Studio Code.app/Contents/Resources/app/extensions/ruby/language-configuration.json	4.0K	CITATIONS_SOURCES	Possible citation/source registry material
/Users/sethadmin/ZZ_ARCHIVE_HOLD_iCloudDriveArchive_DO_NOT_USE_AS_ACTIVE_ROOT_20260524/Documents/Documents - SFMacBook Pro M5/LEGAL_AUTOMATION/watermelon-vscode/.vscode-test/vscode-darwin-arm64-1.109.5/Visual Studio Code.app/Contents/Resources/app/extensions/ruby/package.nls.json	4.0K	CITATIONS_SOURCES	Possible citation/source registry material
/Users/sethadmin/ZZ_ARCHIVE_HOLD_iCloudDriveArchive_DO_NOT_USE_AS_ACTIVE_ROOT_20260524/Documents/Documents - SFMacBook Pro M5/LEGAL_AUTOMATION/watermelon-vscode/.vscode-test/vscode-darwin-arm64-1.109.5/Visual Studio Code.app/Contents/Resources/app/extensions/git/dist/askpass-empty.sh	4.0K	CITATIONS_SOURCES	Possible citation/source registry material
/Users/sethadmin/ZZ_ARCHIVE_HOLD_iCloudDriveArchive_DO_NOT_USE_AS_ACTIVE_ROOT_20260524/Documents/Documents - SFMacBook Pro M5/LEGAL_AUTOMATION/watermelon-vscode/.vscode-test/vscode-darwin-arm64-1.109.5/Visual Studio Code.app/Contents/Resources/app/extensions/git/dist/git-editor-empty.sh	4.0K	CITATIONS_SOURCES	Possible citation/source registry material
/Users/sethadmin/ZZ_ARCHIVE_HOLD_iCloudDriveArchive_DO_NOT_USE_AS_ACTIVE_ROOT_20260524/Documents/Documents - SFMacBook Pro M5/LEGAL_AUTOMATION/watermelon-vscode/.vscode-test/vscode-darwin-arm64-1.109.5/Visual Studio Code.app/Contents/Resources/app/extensions/git/dist/git-editor.sh	4.0K	CITATIONS_SOURCES	Possible citation/source registry material
/Users/sethadmin/ZZ_ARCHIVE_HOLD_iCloudDriveArchive_DO_NOT_USE_AS_ACTIVE_ROOT_20260524/Documents/Documents - SFMacBook Pro M5/LEGAL_AUTOMATION/watermelon-vscode/.vscode-test/vscode-darwin-arm64-1.109.5/Visual Studio Code.app/Contents/Resources/app/extensions/git/dist/ssh-askpass.sh	4.0K	CITATIONS_SOURCES	Possible citation/source registry material
/Users/sethadmin/ZZ_ARCHIVE_HOLD_iCloudDriveArchive_DO_NOT_USE_AS_ACTIVE_ROOT_20260524/Documents/Documents - SFMacBook Pro M5/LEGAL_AUTOMATION/watermelon-vscode/.vscode-test/vscode-darwin-arm64-1.109.5/Visual Studio Code.app/Contents/Resources/app/extensions/git/dist/ssh-askpass-empty.sh	4.0K	CITATIONS_SOURCES	Possible citation/source registry material
/Users/sethadmin/ZZ_ARCHIVE_HOLD_iCloudDriveArchive_DO_NOT_USE_AS_ACTIVE_ROOT_20260524/Documents/Documents - SFMacBook Pro M5/LEGAL_AUTOMATION/watermelon-vscode/.vscode-test/vscode-darwin-arm64-1.109.5/Visual Studio Code.app/Contents/Resources/app/extensions/git/dist/main.js	808K	CITATIONS_SOURCES	Possible citation/source registry material
/Users/sethadmin/ZZ_ARCHIVE_HOLD_iCloudDriveArchive_DO_NOT_USE_AS_ACTIVE_ROOT_20260524/Documents/Documents - SFMacBook Pro M5/LEGAL_AUTOMATION/watermelon-vscode/.vscode-test/vscode-darwin-arm64-1.109.5/Visual Studio Code.app/Contents/Resources/app/extensions/git/dist/askpass-main.js	4.0K	CITATIONS_SOURCES	Possible citation/source registry material
/Users/sethadmin/ZZ_ARCHIVE_HOLD_iCloudDriveArchive_DO_NOT_USE_AS_ACTIVE_ROOT_20260524/Documents/Documents - SFMacBook Pro M5/LEGAL_AUTOMATION/watermelon-vscode/.vscode-test/vscode-darwin-arm64-1.109.5/Visual Studio Code.app/Contents/Resources/app/extensions/git/dist/askpass.sh	4.0K	CITATIONS_SOURCES	Possible citation/source registry material
/Users/sethadmin/ZZ_ARCHIVE_HOLD_iCloudDriveArchive_DO_NOT_USE_AS_ACTIVE_ROOT_20260524/Documents/Documents - SFMacBook Pro M5/LEGAL_AUTOMATION/watermelon-vscode/.vscode-test/vscode-darwin-arm64-1.109.5/Visual Studio Code.app/Contents/Resources/app/extensions/git/dist/main.js.LICENSE.txt	4.0K	CITATIONS_SOURCES	Possible citation/source registry material
/Users/sethadmin/ZZ_ARCHIVE_HOLD_iCloudDriveArchive_DO_NOT_USE_AS_ACTIVE_ROOT_20260524/Documents/Documents - SFMacBook Pro M5/LEGAL_AUTOMATION/watermelon-vscode/.vscode-test/vscode-darwin-arm64-1.109.5/Visual Studio Code.app/Contents/Resources/app/extensions/git/dist/git-editor-main.js	4.0K	CITATIONS_SOURCES	Possible citation/source registry material
/Users/sethadmin/ZZ_ARCHIVE_HOLD_iCloudDriveArchive_DO_NOT_USE_AS_ACTIVE_ROOT_20260524/Documents/Documents - SFMacBook Pro M5/LEGAL_AUTOMATION/watermelon-vscode/.vscode-test/vscode-darwin-arm64-1.109.5/Visual Studio Code.app/Contents/Resources/app/extensions/git/resources/icons/git.png	4.0K	CITATIONS_SOURCES	Possible citation/source registry material
/Users/sethadmin/ZZ_ARCHIVE_HOLD_iCloudDriveArchive_DO_NOT_USE_AS_ACTIVE_ROOT_20260524/Documents/Documents - SFMacBook Pro M5/LEGAL_AUTOMATION/watermelon-vscode/.vscode-test/vscode-darwin-arm64-1.109.5/Visual Studio Code.app/Contents/Resources/app/extensions/git/resources/icons/light/status-renamed.svg	4.0K	CITATIONS_SOURCES	Possible citation/source registry material
/Users/sethadmin/ZZ_ARCHIVE_HOLD_iCloudDriveArchive_DO_NOT_USE_AS_ACTIVE_ROOT_20260524/Documents/Documents - SFMacBook Pro M5/LEGAL_AUTOMATION/watermelon-vscode/.vscode-test/vscode-darwin-arm64-1.109.5/Visual Studio Code.app/Contents/Resources/app/extensions/git/resources/icons/light/status-modified.svg	4.0K	CITATIONS_SOURCES	Possible citation/source registry material
/Users/sethadmin/ZZ_ARCHIVE_HOLD_iCloudDriveArchive_DO_NOT_USE_AS_ACTIVE_ROOT_20260524/Documents/Documents - SFMacBook Pro M5/LEGAL_AUTOMATION/watermelon-vscode/.vscode-test/vscode-darwin-arm64-1.109.5/Visual Studio Code.app/Contents/Resources/app/extensions/git/resources/icons/light/status-untracked.svg	4.0K	CITATIONS_SOURCES	Possible citation/source registry material
/Users/sethadmin/ZZ_ARCHIVE_HOLD_iCloudDriveArchive_DO_NOT_USE_AS_ACTIVE_ROOT_20260524/Documents/Documents - SFMacBook Pro M5/LEGAL_AUTOMATION/watermelon-vscode/.vscode-test/vscode-darwin-arm64-1.109.5/Visual Studio Code.app/Contents/Resources/app/extensions/git/resources/icons/light/status-conflict.svg	4.0K	CITATIONS_SOURCES	Possible citation/source registry material
/Users/sethadmin/ZZ_ARCHIVE_HOLD_iCloudDriveArchive_DO_NOT_USE_AS_ACTIVE_ROOT_20260524/Documents/Documents - SFMacBook Pro M5/LEGAL_AUTOMATION/watermelon-vscode/.vscode-test/vscode-darwin-arm64-1.109.5/Visual Studio Code.app/Contents/Resources/app/extensions/git/resources/icons/light/status-ignored.svg	4.0K	CITATIONS_SOURCES	Possible citation/source registry material
/Users/sethadmin/ZZ_ARCHIVE_HOLD_iCloudDriveArchive_DO_NOT_USE_AS_ACTIVE_ROOT_20260524/Documents/Documents - SFMacBook Pro M5/LEGAL_AUTOMATION/watermelon-vscode/.vscode-test/vscode-darwin-arm64-1.109.5/Visual Studio Code.app/Contents/Resources/app/extensions/git/resources/icons/light/status-added.svg	4.0K	CITATIONS_SOURCES	Possible citation/source registry material
/Users/sethadmin/ZZ_ARCHIVE_HOLD_iCloudDriveArchive_DO_NOT_USE_AS_ACTIVE_ROOT_20260524/Documents/Documents - SFMacBook Pro M5/LEGAL_AUTOMATION/watermelon-vscode/.vscode-test/vscode-darwin-arm64-1.109.5/Visual Studio Code.app/Contents/Resources/app/extensions/git/resources/icons/light/status-deleted.svg	4.0K	CITATIONS_SOURCES	Possible citation/source registry material
/Users/sethadmin/ZZ_ARCHIVE_HOLD_iCloudDriveArchive_DO_NOT_USE_AS_ACTIVE_ROOT_20260524/Documents/Documents - SFMacBook Pro M5/LEGAL_AUTOMATION/watermelon-vscode/.vscode-test/vscode-darwin-arm64-1.109.5/Visual Studio Code.app/Contents/Resources/app/extensions/git/resources/icons/light/status-copied.svg	4.0K	CITATIONS_SOURCES	Possible citation/source registry material
/Users/sethadmin/ZZ_ARCHIVE_HOLD_iCloudDriveArchive_DO_NOT_USE_AS_ACTIVE_ROOT_20260524/Documents/Documents - SFMacBook Pro M5/LEGAL_AUTOMATION/watermelon-vscode/.vscode-test/vscode-darwin-arm64-1.109.5/Visual Studio Code.app/Contents/Resources/app/extensions/git/resources/icons/light/status-type-changed.svg	4.0K	CITATIONS_SOURCES	Possible citation/source registry material
/Users/sethadmin/ZZ_ARCHIVE_HOLD_iCloudDriveArchive_DO_NOT_USE_AS_ACTIVE_ROOT_20260524/Documents/Documents - SFMacBook Pro M5/LEGAL_AUTOMATION/watermelon-vscode/.vscode-test/vscode-darwin-arm64-1.109.5/Visual Studio Code.app/Contents/Resources/app/extensions/git/resources/icons/dark/status-renamed.svg	4.0K	CITATIONS_SOURCES	Possible citation/source registry material
/Users/sethadmin/ZZ_ARCHIVE_HOLD_iCloudDriveArchive_DO_NOT_USE_AS_ACTIVE_ROOT_20260524/Documents/Documents - SFMacBook Pro M5/LEGAL_AUTOMATION/watermelon-vscode/.vscode-test/vscode-darwin-arm64-1.109.5/Visual Studio Code.app/Contents/Resources/app/extensions/git/resources/icons/dark/status-modified.svg	4.0K	CITATIONS_SOURCES	Possible citation/source registry material
/Users/sethadmin/ZZ_ARCHIVE_HOLD_iCloudDriveArchive_DO_NOT_USE_AS_ACTIVE_ROOT_20260524/Documents/Documents - SFMacBook Pro M5/LEGAL_AUTOMATION/watermelon-vscode/.vscode-test/vscode-darwin-arm64-1.109.5/Visual Studio Code.app/Contents/Resources/app/extensions/git/resources/icons/dark/status-untracked.svg	4.0K	CITATIONS_SOURCES	Possible citation/source registry material
/Users/sethadmin/ZZ_ARCHIVE_HOLD_iCloudDriveArchive_DO_NOT_USE_AS_ACTIVE_ROOT_20260524/Documents/Documents - SFMacBook Pro M5/LEGAL_AUTOMATION/watermelon-vscode/.vscode-test/vscode-darwin-arm64-1.109.5/Visual Studio Code.app/Contents/Resources/app/extensions/git/resources/icons/dark/status-conflict.svg	4.0K	CITATIONS_SOURCES	Possible citation/source registry material
/Users/sethadmin/ZZ_ARCHIVE_HOLD_iCloudDriveArchive_DO_NOT_USE_AS_ACTIVE_ROOT_20260524/Documents/Documents - SFMacBook Pro M5/LEGAL_AUTOMATION/watermelon-vscode/.vscode-test/vscode-darwin-arm64-1.109.5/Visual Studio Code.app/Contents/Resources/app/extensions/git/resources/icons/dark/status-ignored.svg	4.0K	CITATIONS_SOURCES	Possible citation/source registry material
/Users/sethadmin/ZZ_ARCHIVE_HOLD_iCloudDriveArchive_DO_NOT_USE_AS_ACTIVE_ROOT_20260524/Documents/Documents - SFMacBook Pro M5/LEGAL_AUTOMATION/watermelon-vscode/.vscode-test/vscode-darwin-arm64-1.109.5/Visual Studio Code.app/Contents/Resources/app/extensions/git/resources/icons/dark/status-added.svg	4.0K	CITATIONS_SOURCES	Possible citation/source registry material
/Users/sethadmin/ZZ_ARCHIVE_HOLD_iCloudDriveArchive_DO_NOT_USE_AS_ACTIVE_ROOT_20260524/Documents/Documents - SFMacBook Pro M5/LEGAL_AUTOMATION/watermelon-vscode/.vscode-test/vscode-darwin-arm64-1.109.5/Visual Studio Code.app/Contents/Resources/app/extensions/git/resources/icons/dark/status-deleted.svg	4.0K	CITATIONS_SOURCES	Possible citation/source registry material
/Users/sethadmin/ZZ_ARCHIVE_HOLD_iCloudDriveArchive_DO_NOT_USE_AS_ACTIVE_ROOT_20260524/Documents/Documents - SFMacBook Pro M5/LEGAL_AUTOMATION/watermelon-vscode/.vscode-test/vscode-darwin-arm64-1.109.5/Visual Studio Code.app/Contents/Resources/app/extensions/git/resources/icons/dark/status-copied.svg	4.0K	CITATIONS_SOURCES	Possible citation/source registry material
/Users/sethadmin/ZZ_ARCHIVE_HOLD_iCloudDriveArchive_DO_NOT_USE_AS_ACTIVE_ROOT_20260524/Documents/Documents - SFMacBook Pro M5/LEGAL_AUTOMATION/watermelon-vscode/.vscode-test/vscode-darwin-arm64-1.109.5/Visual Studio Code.app/Contents/Resources/app/extensions/git/resources/icons/dark/status-type-changed.svg	4.0K	CITATIONS_SOURCES	Possible citation/source registry material
/Users/sethadmin/ZZ_ARCHIVE_HOLD_iCloudDriveArchive_DO_NOT_USE_AS_ACTIVE_ROOT_20260524/Documents/Documents - SFMacBook Pro M5/LEGAL_AUTOMATION/watermelon-vscode/.vscode-test/vscode-darwin-arm64-1.109.5/Visual Studio Code.app/Contents/Resources/app/extensions/git/resources/emojis.json	40K	CITATIONS_SOURCES	Possible citation/source registry material
/Users/sethadmin/ZZ_ARCHIVE_HOLD_iCloudDriveArchive_DO_NOT_USE_AS_ACTIVE_ROOT_20260524/Documents/Documents - SFMacBook Pro M5/LEGAL_AUTOMATION/watermelon-vscode/.vscode-test/vscode-darwin-arm64-1.109.5/Visual Studio Code.app/Contents/Resources/app/extensions/git/README.md	4.0K	CITATIONS_SOURCES	Possible citation/source registry material
/Users/sethadmin/ZZ_ARCHIVE_HOLD_iCloudDriveArchive_DO_NOT_USE_AS_ACTIVE_ROOT_20260524/Documents/Documents - SFMacBook Pro M5/LEGAL_AUTOMATION/watermelon-vscode/.vscode-test/vscode-darwin-arm64-1.109.5/Visual Studio Code.app/Contents/Resources/app/extensions/git/package.json	88K	CITATIONS_SOURCES	Possible citation/source registry material
/Users/sethadmin/ZZ_ARCHIVE_HOLD_iCloudDriveArchive_DO_NOT_USE_AS_ACTIVE_ROOT_20260524/Documents/Documents - SFMacBook Pro M5/LEGAL_AUTOMATION/watermelon-vscode/.vscode-test/vscode-darwin-arm64-1.109.5/Visual Studio Code.app/Contents/Resources/app/extensions/git/package.nls.json	40K	CITATIONS_SOURCES	Possible citation/source registry material
/Users/sethadmin/ZZ_ARCHIVE_HOLD_iCloudDriveArchive_DO_NOT_USE_AS_ACTIVE_ROOT_20260524/Documents/Documents - SFMacBook Pro M5/LEGAL_AUTOMATION/watermelon-vscode/.vscode-test/vscode-darwin-arm64-1.109.5/Visual Studio Code.app/Contents/Resources/app/extensions/search-result/dist/extension.js	8.0K	CITATIONS_SOURCES	Possible citation/source registry material
/Users/sethadmin/ZZ_ARCHIVE_HOLD_iCloudDriveArchive_DO_NOT_USE_AS_ACTIVE_ROOT_20260524/Documents/Documents - SFMacBook Pro M5/LEGAL_AUTOMATION/watermelon-vscode/.vscode-test/vscode-darwin-arm64-1.109.5/Visual Studio Code.app/Contents/Resources/app/extensions/search-result/dist/media/refresh-dark.svg	4.0K	CITATIONS_SOURCES	Possible citation/source registry material
/Users/sethadmin/ZZ_ARCHIVE_HOLD_iCloudDriveArchive_DO_NOT_USE_AS_ACTIVE_ROOT_20260524/Documents/Documents - SFMacBook Pro M5/LEGAL_AUTOMATION/watermelon-vscode/.vscode-test/vscode-darwin-arm64-1.109.5/Visual Studio Code.app/Contents/Resources/app/extensions/search-result/dist/media/refresh-light.svg	4.0K	CITATIONS_SOURCES	Possible citation/source registry material
/Users/sethadmin/ZZ_ARCHIVE_HOLD_iCloudDriveArchive_DO_NOT_USE_AS_ACTIVE_ROOT_20260524/Documents/Documents - SFMacBook Pro M5/LEGAL_AUTOMATION/watermelon-vscode/.vscode-test/vscode-darwin-arm64-1.109.5/Visual Studio Code.app/Contents/Resources/app/extensions/search-result/images/icon.png	4.0K	CITATIONS_SOURCES	Possible citation/source registry material
/Users/sethadmin/ZZ_ARCHIVE_HOLD_iCloudDriveArchive_DO_NOT_USE_AS_ACTIVE_ROOT_20260524/Documents/Documents - SFMacBook Pro M5/LEGAL_AUTOMATION/watermelon-vscode/.vscode-test/vscode-darwin-arm64-1.109.5/Visual Studio Code.app/Contents/Resources/app/extensions/search-result/README.md	4.0K	CITATIONS_SOURCES	Possible citation/source registry material
/Users/sethadmin/ZZ_ARCHIVE_HOLD_iCloudDriveArchive_DO_NOT_USE_AS_ACTIVE_ROOT_20260524/Documents/Documents - SFMacBook Pro M5/LEGAL_AUTOMATION/watermelon-vscode/.vscode-test/vscode-darwin-arm64-1.109.5/Visual Studio Code.app/Contents/Resources/app/extensions/search-result/package.json	4.0K	CITATIONS_SOURCES	Possible citation/source registry material
/Users/sethadmin/ZZ_ARCHIVE_HOLD_iCloudDriveArchive_DO_NOT_USE_AS_ACTIVE_ROOT_20260524/Documents/Documents - SFMacBook Pro M5/LEGAL_AUTOMATION/watermelon-vscode/.vscode-test/vscode-darwin-arm64-1.109.5/Visual Studio Code.app/Contents/Resources/app/extensions/search-result/syntaxes/searchResult.tmLanguage.json	76K	CITATIONS_SOURCES	Possible citation/source registry material
/Users/sethadmin/ZZ_ARCHIVE_HOLD_iCloudDriveArchive_DO_NOT_USE_AS_ACTIVE_ROOT_20260524/Documents/Documents - SFMacBook Pro M5/LEGAL_AUTOMATION/watermelon-vscode/.vscode-test/vscode-darwin-arm64-1.109.5/Visual Studio Code.app/Contents/Resources/app/extensions/search-result/package.nls.json	4.0K	CITATIONS_SOURCES	Possible citation/source registry material
/Users/sethadmin/ZZ_ARCHIVE_HOLD_iCloudDriveArchive_DO_NOT_USE_AS_ACTIVE_ROOT_20260524/Documents/Documents - SFMacBook Pro M5/LEGAL_AUTOMATION/watermelon-vscode/.vscode-test/vscode-darwin-arm64-1.109.5/Visual Studio Code.app/Contents/Resources/app/extensions/sql/package.json	4.0K	CITATIONS_SOURCES	Possible citation/source registry material
/Users/sethadmin/ZZ_ARCHIVE_HOLD_iCloudDriveArchive_DO_NOT_USE_AS_ACTIVE_ROOT_20260524/Documents/Documents - SFMacBook Pro M5/LEGAL_AUTOMATION/watermelon-vscode/.vscode-test/vscode-darwin-arm64-1.109.5/Visual Studio Code.app/Contents/Resources/app/extensions/sql/syntaxes/sql.tmLanguage.json	24K	CITATIONS_SOURCES	Possible citation/source registry material
/Users/sethadmin/ZZ_ARCHIVE_HOLD_iCloudDriveArchive_DO_NOT_USE_AS_ACTIVE_ROOT_20260524/Documents/Documents - SFMacBook Pro M5/LEGAL_AUTOMATION/watermelon-vscode/.vscode-test/vscode-darwin-arm64-1.109.5/Visual Studio Code.app/Contents/Resources/app/extensions/sql/language-configuration.json	4.0K	CITATIONS_SOURCES	Possible citation/source registry material
/Users/sethadmin/ZZ_ARCHIVE_HOLD_iCloudDriveArchive_DO_NOT_USE_AS_ACTIVE_ROOT_20260524/Documents/Documents - SFMacBook Pro M5/LEGAL_AUTOMATION/watermelon-vscode/.vscode-test/vscode-darwin-arm64-1.109.5/Visual Studio Code.app/Contents/Resources/app/extensions/sql/package.nls.json	4.0K	CITATIONS_SOURCES	Possible citation/source registry material
/Users/sethadmin/ZZ_ARCHIVE_HOLD_iCloudDriveArchive_DO_NOT_USE_AS_ACTIVE_ROOT_20260524/Documents/Documents - SFMacBook Pro M5/LEGAL_AUTOMATION/watermelon-vscode/.vscode-test/vscode-darwin-arm64-1.109.5/Visual Studio Code.app/Contents/Resources/app/package.json	12K	CITATIONS_SOURCES	Possible citation/source registry material
/Users/sethadmin/ZZ_ARCHIVE_HOLD_iCloudDriveArchive_DO_NOT_USE_AS_ACTIVE_ROOT_20260524/Documents/Documents - SFMacBook Pro M5/LEGAL_AUTOMATION/watermelon-vscode/.vscode-test/vscode-darwin-arm64-1.109.5/Visual Studio Code.app/Contents/Resources/app/product.json	60K	CITATIONS_SOURCES	Possible citation/source registry material
/Users/sethadmin/ZZ_ARCHIVE_HOLD_iCloudDriveArchive_DO_NOT_USE_AS_ACTIVE_ROOT_20260524/Documents/Documents - SFMacBook Pro M5/LEGAL_AUTOMATION/watermelon-vscode/.vscode-test/vscode-darwin-arm64-1.109.5/Visual Studio Code.app/Contents/Resources/app/LICENSE.rtf	164K	CITATIONS_SOURCES	Possible citation/source registry material
/Users/sethadmin/ZZ_ARCHIVE_HOLD_iCloudDriveArchive_DO_NOT_USE_AS_ACTIVE_ROOT_20260524/Documents/Documents - SFMacBook Pro M5/LEGAL_AUTOMATION/watermelon-vscode/.vscode-test/vscode-darwin-arm64-1.109.5/Visual Studio Code.app/Contents/Resources/app/telemetry-extensions.json	48K	CITATIONS_SOURCES	Possible citation/source registry material
/Users/sethadmin/ZZ_ARCHIVE_HOLD_iCloudDriveArchive_DO_NOT_USE_AS_ACTIVE_ROOT_20260524/Documents/Documents - SFMacBook Pro M5/LEGAL_AUTOMATION/watermelon-vscode/.vscode-test/vscode-darwin-arm64-1.109.5/Visual Studio Code.app/Contents/Resources/react.icns	80K	CITATIONS_SOURCES	Possible citation/source registry material
/Users/sethadmin/ZZ_ARCHIVE_HOLD_iCloudDriveArchive_DO_NOT_USE_AS_ACTIVE_ROOT_20260524/Documents/Documents - SFMacBook Pro M5/LEGAL_AUTOMATION/watermelon-vscode/.vscode-test/vscode-darwin-arm64-1.109.5/Visual Studio Code.app/Contents/Resources/yaml.icns	68K	CITATIONS_SOURCES	Possible citation/source registry material
/Users/sethadmin/ZZ_ARCHIVE_HOLD_iCloudDriveArchive_DO_NOT_USE_AS_ACTIVE_ROOT_20260524/Documents/Documents - SFMacBook Pro M5/LEGAL_AUTOMATION/watermelon-vscode/.vscode-test/vscode-darwin-arm64-1.109.5/Visual Studio Code.app/Contents/Resources/typescript.icns	68K	CITATIONS_SOURCES	Possible citation/source registry material
/Users/sethadmin/ZZ_ARCHIVE_HOLD_iCloudDriveArchive_DO_NOT_USE_AS_ACTIVE_ROOT_20260524/Documents/Documents - SFMacBook Pro M5/LEGAL_AUTOMATION/watermelon-vscode/.vscode-test/vscode-darwin-arm64-1.109.5/Visual Studio Code.app/Contents/Resources/python.icns	68K	CITATIONS_SOURCES	Possible citation/source registry material
/Users/sethadmin/ZZ_ARCHIVE_HOLD_iCloudDriveArchive_DO_NOT_USE_AS_ACTIVE_ROOT_20260524/Documents/Documents - SFMacBook Pro M5/LEGAL_AUTOMATION/watermelon-vscode/.vscode-test/vscode-darwin-arm64-1.109.5/Visual Studio Code.app/Contents/Resources/powershell.icns	68K	CITATIONS_SOURCES	Possible citation/source registry material
/Users/sethadmin/ZZ_ARCHIVE_HOLD_iCloudDriveArchive_DO_NOT_USE_AS_ACTIVE_ROOT_20260524/Documents/Documents - SFMacBook Pro M5/LEGAL_AUTOMATION/watermelon-vscode/.vscode-test/vscode-darwin-arm64-1.109.5/Visual Studio Code.app/Contents/Resources/sass.icns	72K	CITATIONS_SOURCES	Possible citation/source registry material
/Users/sethadmin/ZZ_ARCHIVE_HOLD_iCloudDriveArchive_DO_NOT_USE_AS_ACTIVE_ROOT_20260524/Documents/Documents - SFMacBook Pro M5/LEGAL_AUTOMATION/watermelon-vscode/.vscode-test/vscode-darwin-arm64-1.109.5/Visual Studio Code.app/Contents/Resources/vue.icns	72K	CITATIONS_SOURCES	Possible citation/source registry material
/Users/sethadmin/ZZ_ARCHIVE_HOLD_iCloudDriveArchive_DO_NOT_USE_AS_ACTIVE_ROOT_20260524/Documents/Documents - SFMacBook Pro M5/LEGAL_AUTOMATION/watermelon-vscode/.vscode-test/vscode-darwin-arm64-1.109.5/Visual Studio Code.app/Contents/Resources/html.icns	68K	CITATIONS_SOURCES	Possible citation/source registry material
/Users/sethadmin/ZZ_ARCHIVE_HOLD_iCloudDriveArchive_DO_NOT_USE_AS_ACTIVE_ROOT_20260524/Documents/Documents - SFMacBook Pro M5/LEGAL_AUTOMATION/watermelon-vscode/.vscode-test/vscode-darwin-arm64-1.109.5/Visual Studio Code.app/Contents/Resources/c.icns	68K	CITATIONS_SOURCES	Possible citation/source registry material
/Users/sethadmin/ZZ_ARCHIVE_HOLD_iCloudDriveArchive_DO_NOT_USE_AS_ACTIVE_ROOT_20260524/Documents/Documents - SFMacBook Pro M5/LEGAL_AUTOMATION/watermelon-vscode/.vscode-test/vscode-darwin-arm64-1.109.5/Visual Studio Code.app/Contents/Resources/less.icns	72K	CITATIONS_SOURCES	Possible citation/source registry material
/Users/sethadmin/ZZ_ARCHIVE_HOLD_iCloudDriveArchive_DO_NOT_USE_AS_ACTIVE_ROOT_20260524/Documents/Documents - SFMacBook Pro M5/LEGAL_AUTOMATION/watermelon-vscode/.vscode-test/vscode-darwin-arm64-1.109.5/Visual Studio Code.app/Contents/Resources/bat.icns	64K	CITATIONS_SOURCES	Possible citation/source registry material
/Users/sethadmin/ZZ_ARCHIVE_HOLD_iCloudDriveArchive_DO_NOT_USE_AS_ACTIVE_ROOT_20260524/Documents/Documents - SFMacBook Pro M5/LEGAL_AUTOMATION/watermelon-vscode/.vscode-test/vscode-darwin-arm64-1.109.5/Visual Studio Code.app/Contents/Resources/default.icns	64K	CITATIONS_SOURCES	Possible citation/source registry material
/Users/sethadmin/ZZ_ARCHIVE_HOLD_iCloudDriveArchive_DO_NOT_USE_AS_ACTIVE_ROOT_20260524/Documents/Documents - SFMacBook Pro M5/LEGAL_AUTOMATION/watermelon-vscode/.vscode-test/vscode-darwin-arm64-1.109.5/Visual Studio Code.app/Contents/Resources/Credits.rtf	4.0K	CITATIONS_SOURCES	Possible citation/source registry material
/Users/sethadmin/ZZ_ARCHIVE_HOLD_iCloudDriveArchive_DO_NOT_USE_AS_ACTIVE_ROOT_20260524/Documents/Documents - SFMacBook Pro M5/LEGAL_AUTOMATION/watermelon-vscode/.vscode-test/vscode-darwin-arm64-1.109.5/Visual Studio Code.app/Contents/Resources/xml.icns	72K	CITATIONS_SOURCES	Possible citation/source registry material
/Users/sethadmin/ZZ_ARCHIVE_HOLD_iCloudDriveArchive_DO_NOT_USE_AS_ACTIVE_ROOT_20260524/Documents/Documents - SFMacBook Pro M5/LEGAL_AUTOMATION/watermelon-vscode/.vscode-test/vscode-darwin-arm64-1.109.5/Visual Studio Code.app/Contents/Resources/Code.icns	364K	CITATIONS_SOURCES	Possible citation/source registry material
/Users/sethadmin/ZZ_ARCHIVE_HOLD_iCloudDriveArchive_DO_NOT_USE_AS_ACTIVE_ROOT_20260524/Documents/Documents - SFMacBook Pro M5/LEGAL_AUTOMATION/watermelon-vscode/.vscode-test/vscode-darwin-arm64-1.109.5/Visual Studio Code.app/Contents/Resources/LICENSES.chromium.html	14M	CITATIONS_SOURCES	Possible citation/source registry material
/Users/sethadmin/ZZ_ARCHIVE_HOLD_iCloudDriveArchive_DO_NOT_USE_AS_ACTIVE_ROOT_20260524/Documents/Documents - SFMacBook Pro M5/LEGAL_AUTOMATION/watermelon-vscode/.vscode-test/vscode-darwin-arm64-1.109.5/Visual Studio Code.app/Contents/Resources/cpp.icns	72K	CITATIONS_SOURCES	Possible citation/source registry material
/Users/sethadmin/ZZ_ARCHIVE_HOLD_iCloudDriveArchive_DO_NOT_USE_AS_ACTIVE_ROOT_20260524/Documents/Documents - SFMacBook Pro M5/LEGAL_AUTOMATION/watermelon-vscode/.vscode-test/vscode-darwin-arm64-1.109.5/Visual Studio Code.app/Contents/Resources/jade.icns	72K	CITATIONS_SOURCES	Possible citation/source registry material
/Users/sethadmin/ZZ_ARCHIVE_HOLD_iCloudDriveArchive_DO_NOT_USE_AS_ACTIVE_ROOT_20260524/Documents/Documents - SFMacBook Pro M5/LEGAL_AUTOMATION/watermelon-vscode/.vscode-test/vscode-darwin-arm64-1.109.5/Visual Studio Code.app/Contents/Resources/java.icns	76K	CITATIONS_SOURCES	Possible citation/source registry material
/Users/sethadmin/ZZ_ARCHIVE_HOLD_iCloudDriveArchive_DO_NOT_USE_AS_ACTIVE_ROOT_20260524/Documents/Documents - SFMacBook Pro M5/LEGAL_AUTOMATION/watermelon-vscode/.vscode-test/vscode-darwin-arm64-1.109.5/Visual Studio Code.app/Contents/Resources/csharp.icns	72K	CITATIONS_SOURCES	Possible citation/source registry material
/Users/sethadmin/ZZ_ARCHIVE_HOLD_iCloudDriveArchive_DO_NOT_USE_AS_ACTIVE_ROOT_20260524/Documents/Documents - SFMacBook Pro M5/LEGAL_AUTOMATION/watermelon-vscode/.vscode-test/vscode-darwin-arm64-1.109.5/Visual Studio Code.app/Contents/Resources/bower.icns	76K	CITATIONS_SOURCES	Possible citation/source registry material
/Users/sethadmin/ZZ_ARCHIVE_HOLD_iCloudDriveArchive_DO_NOT_USE_AS_ACTIVE_ROOT_20260524/Documents/Documents - SFMacBook Pro M5/LEGAL_AUTOMATION/watermelon-vscode/.vscode-test/vscode-darwin-arm64-1.109.5/Visual Studio Code.app/Contents/Resources/go.icns	68K	CITATIONS_SOURCES	Possible citation/source registry material
/Users/sethadmin/ZZ_ARCHIVE_HOLD_iCloudDriveArchive_DO_NOT_USE_AS_ACTIVE_ROOT_20260524/Documents/Documents - SFMacBook Pro M5/LEGAL_AUTOMATION/watermelon-vscode/.vscode-test/vscode-darwin-arm64-1.109.5/Visual Studio Code.app/Contents/Resources/config.icns	72K	CITATIONS_SOURCES	Possible citation/source registry material
/Users/sethadmin/ZZ_ARCHIVE_HOLD_iCloudDriveArchive_DO_NOT_USE_AS_ACTIVE_ROOT_20260524/Documents/Documents - SFMacBook Pro M5/LEGAL_AUTOMATION/watermelon-vscode/.vscode-test/vscode-darwin-arm64-1.109.5/Visual Studio Code.app/Contents/Resources/ruby.icns	64K	CITATIONS_SOURCES	Possible citation/source registry material
/Users/sethadmin/ZZ_ARCHIVE_HOLD_iCloudDriveArchive_DO_NOT_USE_AS_ACTIVE_ROOT_20260524/Documents/Documents - SFMacBook Pro M5/LEGAL_AUTOMATION/watermelon-vscode/.vscode-test/vscode-darwin-arm64-1.109.5/Visual Studio Code.app/Contents/Resources/markdown.icns	68K	CITATIONS_SOURCES	Possible citation/source registry material
/Users/sethadmin/ZZ_ARCHIVE_HOLD_iCloudDriveArchive_DO_NOT_USE_AS_ACTIVE_ROOT_20260524/Documents/Documents - SFMacBook Pro M5/LEGAL_AUTOMATION/watermelon-vscode/.vscode-test/vscode-darwin-arm64-1.109.5/Visual Studio Code.app/Contents/Frameworks/Electron Framework.framework/Versions/A/_CodeSignature/CodeResources	84K	CITATIONS_SOURCES	Possible citation/source registry material
/Users/sethadmin/ZZ_ARCHIVE_HOLD_iCloudDriveArchive_DO_NOT_USE_AS_ACTIVE_ROOT_20260524/Documents/Documents - SFMacBook Pro M5/LEGAL_AUTOMATION/watermelon-vscode/.vscode-test/vscode-darwin-arm64-1.109.5/Visual Studio Code.app/Contents/Frameworks/Electron Framework.framework/Versions/A/Resources/id_FEMININE.lproj/locale.pak	4.0K	CITATIONS_SOURCES	Possible citation/source registry material
/Users/sethadmin/ZZ_ARCHIVE_HOLD_iCloudDriveArchive_DO_NOT_USE_AS_ACTIVE_ROOT_20260524/Documents/Documents - SFMacBook Pro M5/LEGAL_AUTOMATION/watermelon-vscode/.vscode-test/vscode-darwin-arm64-1.109.5/Visual Studio Code.app/Contents/Frameworks/Electron Framework.framework/Versions/A/Resources/de.lproj/locale.pak	632K	CITATIONS_SOURCES	Possible citation/source registry material
/Users/sethadmin/ZZ_ARCHIVE_HOLD_iCloudDriveArchive_DO_NOT_USE_AS_ACTIVE_ROOT_20260524/Documents/Documents - SFMacBook Pro M5/LEGAL_AUTOMATION/watermelon-vscode/.vscode-test/vscode-darwin-arm64-1.109.5/Visual Studio Code.app/Contents/Frameworks/Electron Framework.framework/Versions/A/Resources/sw_MASCULINE.lproj/locale.pak	4.0K	CITATIONS_SOURCES	Possible citation/source registry material
/Users/sethadmin/ZZ_ARCHIVE_HOLD_iCloudDriveArchive_DO_NOT_USE_AS_ACTIVE_ROOT_20260524/Documents/Documents - SFMacBook Pro M5/LEGAL_AUTOMATION/watermelon-vscode/.vscode-test/vscode-darwin-arm64-1.109.5/Visual Studio Code.app/Contents/Frameworks/Electron Framework.framework/Versions/A/Resources/sw_NEUTER.lproj/locale.pak	4.0K	CITATIONS_SOURCES	Possible citation/source registry material
/Users/sethadmin/ZZ_ARCHIVE_HOLD_iCloudDriveArchive_DO_NOT_USE_AS_ACTIVE_ROOT_20260524/Documents/Documents - SFMacBook Pro M5/LEGAL_AUTOMATION/watermelon-vscode/.vscode-test/vscode-darwin-arm64-1.109.5/Visual Studio Code.app/Contents/Frameworks/Electron Framework.framework/Versions/A/Resources/ur.lproj/locale.pak	920K	CITATIONS_SOURCES	Possible citation/source registry material
/Users/sethadmin/ZZ_ARCHIVE_HOLD_iCloudDriveArchive_DO_NOT_USE_AS_ACTIVE_ROOT_20260524/Documents/Documents - SFMacBook Pro M5/LEGAL_AUTOMATION/watermelon-vscode/.vscode-test/vscode-darwin-arm64-1.109.5/Visual Studio Code.app/Contents/Frameworks/Electron Framework.framework/Versions/A/Resources/he.lproj/locale.pak	816K	CITATIONS_SOURCES	Possible citation/source registry material
/Users/sethadmin/ZZ_ARCHIVE_HOLD_iCloudDriveArchive_DO_NOT_USE_AS_ACTIVE_ROOT_20260524/Documents/Documents - SFMacBook Pro M5/LEGAL_AUTOMATION/watermelon-vscode/.vscode-test/vscode-darwin-arm64-1.109.5/Visual Studio Code.app/Contents/Frameworks/Electron Framework.framework/Versions/A/Resources/he_NEUTER.lproj/locale.pak	4.0K	CITATIONS_SOURCES	Possible citation/source registry material
/Users/sethadmin/ZZ_ARCHIVE_HOLD_iCloudDriveArchive_DO_NOT_USE_AS_ACTIVE_ROOT_20260524/Documents/Documents - SFMacBook Pro M5/LEGAL_AUTOMATION/watermelon-vscode/.vscode-test/vscode-darwin-arm64-1.109.5/Visual Studio Code.app/Contents/Frameworks/Electron Framework.framework/Versions/A/Resources/ru_NEUTER.lproj/locale.pak	4.0K	CITATIONS_SOURCES	Possible citation/source registry material
/Users/sethadmin/ZZ_ARCHIVE_HOLD_iCloudDriveArchive_DO_NOT_USE_AS_ACTIVE_ROOT_20260524/Documents/Documents - SFMacBook Pro M5/LEGAL_AUTOMATION/watermelon-vscode/.vscode-test/vscode-darwin-arm64-1.109.5/Visual Studio Code.app/Contents/Frameworks/Electron Framework.framework/Versions/A/Resources/sk_FEMININE.lproj/locale.pak	4.0K	CITATIONS_SOURCES	Possible citation/source registry material
/Users/sethadmin/ZZ_ARCHIVE_HOLD_iCloudDriveArchive_DO_NOT_USE_AS_ACTIVE_ROOT_20260524/Documents/Documents - SFMacBook Pro M5/LEGAL_AUTOMATION/watermelon-vscode/.vscode-test/vscode-darwin-arm64-1.109.5/Visual Studio Code.app/Contents/Frameworks/Electron Framework.framework/Versions/A/Resources/ar.lproj/locale.pak	1.0M	CITATIONS_SOURCES	Possible citation/source registry material
/Users/sethadmin/ZZ_ARCHIVE_HOLD_iCloudDriveArchive_DO_NOT_USE_AS_ACTIVE_ROOT_20260524/Documents/Documents - SFMacBook Pro M5/LEGAL_AUTOMATION/watermelon-vscode/.vscode-test/vscode-darwin-arm64-1.109.5/Visual Studio Code.app/Contents/Frameworks/Electron Framework.framework/Versions/A/Resources/es_MASCULINE.lproj/locale.pak	4.0K	CITATIONS_SOURCES	Possible citation/source registry material
/Users/sethadmin/ZZ_ARCHIVE_HOLD_iCloudDriveArchive_DO_NOT_USE_AS_ACTIVE_ROOT_20260524/Documents/Documents - SFMacBook Pro M5/LEGAL_AUTOMATION/watermelon-vscode/.vscode-test/vscode-darwin-arm64-1.109.5/Visual Studio Code.app/Contents/Frameworks/Electron Framework.framework/Versions/A/Resources/el.lproj/locale.pak	1.1M	CITATIONS_SOURCES	Possible citation/source registry material
/Users/sethadmin/ZZ_ARCHIVE_HOLD_iCloudDriveArchive_DO_NOT_USE_AS_ACTIVE_ROOT_20260524/Documents/Documents - SFMacBook Pro M5/LEGAL_AUTOMATION/watermelon-vscode/.vscode-test/vscode-darwin-arm64-1.109.5/Visual Studio Code.app/Contents/Frameworks/Electron Framework.framework/Versions/A/Resources/ja.lproj/locale.pak	744K	CITATIONS_SOURCES	Possible citation/source registry material
/Users/sethadmin/ZZ_ARCHIVE_HOLD_iCloudDriveArchive_DO_NOT_USE_AS_ACTIVE_ROOT_20260524/Documents/Documents - SFMacBook Pro M5/LEGAL_AUTOMATION/watermelon-vscode/.vscode-test/vscode-darwin-arm64-1.109.5/Visual Studio Code.app/Contents/Frameworks/Electron Framework.framework/Versions/A/Resources/th_MASCULINE.lproj/locale.pak	4.0K	CITATIONS_SOURCES	Possible citation/source registry material
/Users/sethadmin/ZZ_ARCHIVE_HOLD_iCloudDriveArchive_DO_NOT_USE_AS_ACTIVE_ROOT_20260524/Documents/Documents - SFMacBook Pro M5/LEGAL_AUTOMATION/watermelon-vscode/.vscode-test/vscode-darwin-arm64-1.109.5/Visual Studio Code.app/Contents/Frameworks/Electron Framework.framework/Versions/A/Resources/es_FEMININE.lproj/locale.pak	4.0K	CITATIONS_SOURCES	Possible citation/source registry material
/Users/sethadmin/ZZ_ARCHIVE_HOLD_iCloudDriveArchive_DO_NOT_USE_AS_ACTIVE_ROOT_20260524/Documents/Documents - SFMacBook Pro M5/LEGAL_AUTOMATION/watermelon-vscode/.vscode-test/vscode-darwin-arm64-1.109.5/Visual Studio Code.app/Contents/Frameworks/Electron Framework.framework/Versions/A/Resources/uk_NEUTER.lproj/locale.pak	4.0K	CITATIONS_SOURCES	Possible citation/source registry material
/Users/sethadmin/ZZ_ARCHIVE_HOLD_iCloudDriveArchive_DO_NOT_USE_AS_ACTIVE_ROOT_20260524/Documents/Documents - SFMacBook Pro M5/LEGAL_AUTOMATION/watermelon-vscode/.vscode-test/vscode-darwin-arm64-1.109.5/Visual Studio Code.app/Contents/Frameworks/Electron Framework.framework/Versions/A/Resources/fa.lproj/locale.pak	932K	CITATIONS_SOURCES	Possible citation/source registry material
/Users/sethadmin/ZZ_ARCHIVE_HOLD_iCloudDriveArchive_DO_NOT_USE_AS_ACTIVE_ROOT_20260524/Documents/Documents - SFMacBook Pro M5/LEGAL_AUTOMATION/watermelon-vscode/.vscode-test/vscode-darwin-arm64-1.109.5/Visual Studio Code.app/Contents/Frameworks/Electron Framework.framework/Versions/A/Resources/hi_FEMININE.lproj/locale.pak	4.0K	CITATIONS_SOURCES	Possible citation/source registry material
/Users/sethadmin/ZZ_ARCHIVE_HOLD_iCloudDriveArchive_DO_NOT_USE_AS_ACTIVE_ROOT_20260524/Documents/Documents - SFMacBook Pro M5/LEGAL_AUTOMATION/watermelon-vscode/.vscode-test/vscode-darwin-arm64-1.109.5/Visual Studio Code.app/Contents/Frameworks/Electron Framework.framework/Versions/A/Resources/mr.lproj/locale.pak	1.3M	CITATIONS_SOURCES	Possible citation/source registry material
/Users/sethadmin/ZZ_ARCHIVE_HOLD_iCloudDriveArchive_DO_NOT_USE_AS_ACTIVE_ROOT_20260524/Documents/Documents - SFMacBook Pro M5/LEGAL_AUTOMATION/watermelon-vscode/.vscode-test/vscode-darwin-arm64-1.109.5/Visual Studio Code.app/Contents/Frameworks/Electron Framework.framework/Versions/A/Resources/am_FEMININE.lproj/locale.pak	4.0K	CITATIONS_SOURCES	Possible citation/source registry material
/Users/sethadmin/ZZ_ARCHIVE_HOLD_iCloudDriveArchive_DO_NOT_USE_AS_ACTIVE_ROOT_20260524/Documents/Documents - SFMacBook Pro M5/LEGAL_AUTOMATION/watermelon-vscode/.vscode-test/vscode-darwin-arm64-1.109.5/Visual Studio Code.app/Contents/Frameworks/Electron Framework.framework/Versions/A/Resources/te_FEMININE.lproj/locale.pak	4.0K	CITATIONS_SOURCES	Possible citation/source registry material
/Users/sethadmin/ZZ_ARCHIVE_HOLD_iCloudDriveArchive_DO_NOT_USE_AS_ACTIVE_ROOT_20260524/Documents/Documents - SFMacBook Pro M5/LEGAL_AUTOMATION/watermelon-vscode/.vscode-test/vscode-darwin-arm64-1.109.5/Visual Studio Code.app/Contents/Frameworks/Electron Framework.framework/Versions/A/Resources/gu_NEUTER.lproj/locale.pak	4.0K	CITATIONS_SOURCES	Possible citation/source registry material
/Users/sethadmin/ZZ_ARCHIVE_HOLD_iCloudDriveArchive_DO_NOT_USE_AS_ACTIVE_ROOT_20260524/Documents/Documents - SFMacBook Pro M5/LEGAL_AUTOMATION/watermelon-vscode/.vscode-test/vscode-darwin-arm64-1.109.5/Visual Studio Code.app/Contents/Frameworks/Electron Framework.framework/Versions/A/Resources/ja_NEUTER.lproj/locale.pak	4.0K	CITATIONS_SOURCES	Possible citation/source registry material
/Users/sethadmin/ZZ_ARCHIVE_HOLD_iCloudDriveArchive_DO_NOT_USE_AS_ACTIVE_ROOT_20260524/Documents/Documents - SFMacBook Pro M5/LEGAL_AUTOMATION/watermelon-vscode/.vscode-test/vscode-darwin-arm64-1.109.5/Visual Studio Code.app/Contents/Frameworks/Electron Framework.framework/Versions/A/Resources/en_NEUTER.lproj/locale.pak	4.0K	CITATIONS_SOURCES	Possible citation/source registry material
/Users/sethadmin/ZZ_ARCHIVE_HOLD_iCloudDriveArchive_DO_NOT_USE_AS_ACTIVE_ROOT_20260524/Documents/Documents - SFMacBook Pro M5/LEGAL_AUTOMATION/watermelon-vscode/.vscode-test/vscode-darwin-arm64-1.109.5/Visual Studio Code.app/Contents/Frameworks/Electron Framework.framework/Versions/A/Resources/ja_MASCULINE.lproj/locale.pak	4.0K	CITATIONS_SOURCES	Possible citation/source registry material
/Users/sethadmin/ZZ_ARCHIVE_HOLD_iCloudDriveArchive_DO_NOT_USE_AS_ACTIVE_ROOT_20260524/Documents/Documents - SFMacBook Pro M5/LEGAL_AUTOMATION/watermelon-vscode/.vscode-test/vscode-darwin-arm64-1.109.5/Visual Studio Code.app/Contents/Frameworks/Electron Framework.framework/Versions/A/Resources/mr_FEMININE.lproj/locale.pak	4.0K	CITATIONS_SOURCES	Possible citation/source registry material
/Users/sethadmin/ZZ_ARCHIVE_HOLD_iCloudDriveArchive_DO_NOT_USE_AS_ACTIVE_ROOT_20260524/Documents/Documents - SFMacBook Pro M5/LEGAL_AUTOMATION/watermelon-vscode/.vscode-test/vscode-darwin-arm64-1.109.5/Visual Studio Code.app/Contents/Frameworks/Electron Framework.framework/Versions/A/Resources/en.lproj/locale.pak	516K	CITATIONS_SOURCES	Possible citation/source registry material
/Users/sethadmin/ZZ_ARCHIVE_HOLD_iCloudDriveArchive_DO_NOT_USE_AS_ACTIVE_ROOT_20260524/Documents/Documents - SFMacBook Pro M5/LEGAL_AUTOMATION/watermelon-vscode/.vscode-test/vscode-darwin-arm64-1.109.5/Visual Studio Code.app/Contents/Frameworks/Electron Framework.framework/Versions/A/Resources/nb_FEMININE.lproj/locale.pak	4.0K	CITATIONS_SOURCES	Possible citation/source registry material
/Users/sethadmin/ZZ_ARCHIVE_HOLD_iCloudDriveArchive_DO_NOT_USE_AS_ACTIVE_ROOT_20260524/Documents/Documents - SFMacBook Pro M5/LEGAL_AUTOMATION/watermelon-vscode/.vscode-test/vscode-darwin-arm64-1.109.5/Visual Studio Code.app/Contents/Frameworks/Electron Framework.framework/Versions/A/Resources/et_FEMININE.lproj/locale.pak	4.0K	CITATIONS_SOURCES	Possible citation/source registry material
/Users/sethadmin/ZZ_ARCHIVE_HOLD_iCloudDriveArchive_DO_NOT_USE_AS_ACTIVE_ROOT_20260524/Documents/Documents - SFMacBook Pro M5/LEGAL_AUTOMATION/watermelon-vscode/.vscode-test/vscode-darwin-arm64-1.109.5/Visual Studio Code.app/Contents/Frameworks/Electron Framework.framework/Versions/A/Resources/sl_FEMININE.lproj/locale.pak	4.0K	CITATIONS_SOURCES	Possible citation/source registry material
/Users/sethadmin/ZZ_ARCHIVE_HOLD_iCloudDriveArchive_DO_NOT_USE_AS_ACTIVE_ROOT_20260524/Documents/Documents - SFMacBook Pro M5/LEGAL_AUTOMATION/watermelon-vscode/.vscode-test/vscode-darwin-arm64-1.109.5/Visual Studio Code.app/Contents/Frameworks/Electron Framework.framework/Versions/A/Resources/he_MASCULINE.lproj/locale.pak	4.0K	CITATIONS_SOURCES	Possible citation/source registry material
/Users/sethadmin/ZZ_ARCHIVE_HOLD_iCloudDriveArchive_DO_NOT_USE_AS_ACTIVE_ROOT_20260524/Documents/Documents - SFMacBook Pro M5/LEGAL_AUTOMATION/watermelon-vscode/.vscode-test/vscode-darwin-arm64-1.109.5/Visual Studio Code.app/Contents/Frameworks/Electron Framework.framework/Versions/A/Resources/chrome_200_percent.pak	184K	CITATIONS_SOURCES	Possible citation/source registry material
/Users/sethadmin/ZZ_ARCHIVE_HOLD_iCloudDriveArchive_DO_NOT_USE_AS_ACTIVE_ROOT_20260524/Documents/Documents - SFMacBook Pro M5/LEGAL_AUTOMATION/watermelon-vscode/.vscode-test/vscode-darwin-arm64-1.109.5/Visual Studio Code.app/Contents/Frameworks/Electron Framework.framework/Versions/A/Resources/uk.lproj/locale.pak	1.0M	CITATIONS_SOURCES	Possible citation/source registry material
/Users/sethadmin/ZZ_ARCHIVE_HOLD_iCloudDriveArchive_DO_NOT_USE_AS_ACTIVE_ROOT_20260524/Documents/Documents - SFMacBook Pro M5/LEGAL_AUTOMATION/watermelon-vscode/.vscode-test/vscode-darwin-arm64-1.109.5/Visual Studio Code.app/Contents/Frameworks/Electron Framework.framework/Versions/A/Resources/tr_MASCULINE.lproj/locale.pak	4.0K	CITATIONS_SOURCES	Possible citation/source registry material
/Users/sethadmin/ZZ_ARCHIVE_HOLD_iCloudDriveArchive_DO_NOT_USE_AS_ACTIVE_ROOT_20260524/Documents/Documents - SFMacBook Pro M5/LEGAL_AUTOMATION/watermelon-vscode/.vscode-test/vscode-darwin-arm64-1.109.5/Visual Studio Code.app/Contents/Frameworks/Electron Framework.framework/Versions/A/Resources/es_419.lproj/locale.pak	620K	CITATIONS_SOURCES	Possible citation/source registry material
/Users/sethadmin/ZZ_ARCHIVE_HOLD_iCloudDriveArchive_DO_NOT_USE_AS_ACTIVE_ROOT_20260524/Documents/Documents - SFMacBook Pro M5/LEGAL_AUTOMATION/watermelon-vscode/.vscode-test/vscode-darwin-arm64-1.109.5/Visual Studio Code.app/Contents/Frameworks/Electron Framework.framework/Versions/A/Resources/en_MASCULINE.lproj/locale.pak	4.0K	CITATIONS_SOURCES	Possible citation/source registry material
/Users/sethadmin/ZZ_ARCHIVE_HOLD_iCloudDriveArchive_DO_NOT_USE_AS_ACTIVE_ROOT_20260524/Documents/Documents - SFMacBook Pro M5/LEGAL_AUTOMATION/watermelon-vscode/.vscode-test/vscode-darwin-arm64-1.109.5/Visual Studio Code.app/Contents/Frameworks/Electron Framework.framework/Versions/A/Resources/gu.lproj/locale.pak	1.3M	CITATIONS_SOURCES	Possible citation/source registry material
/Users/sethadmin/ZZ_ARCHIVE_HOLD_iCloudDriveArchive_DO_NOT_USE_AS_ACTIVE_ROOT_20260524/Documents/Documents - SFMacBook Pro M5/LEGAL_AUTOMATION/watermelon-vscode/.vscode-test/vscode-darwin-arm64-1.109.5/Visual Studio Code.app/Contents/Frameworks/Electron Framework.framework/Versions/A/Resources/ko_MASCULINE.lproj/locale.pak	4.0K	CITATIONS_SOURCES	Possible citation/source registry material
/Users/sethadmin/ZZ_ARCHIVE_HOLD_iCloudDriveArchive_DO_NOT_USE_AS_ACTIVE_ROOT_20260524/Documents/Documents - SFMacBook Pro M5/LEGAL_AUTOMATION/watermelon-vscode/.vscode-test/vscode-darwin-arm64-1.109.5/Visual Studio Code.app/Contents/Frameworks/Electron Framework.framework/Versions/A/Resources/zh_CN.lproj/locale.pak	524K	CITATIONS_SOURCES	Possible citation/source registry material
/Users/sethadmin/ZZ_ARCHIVE_HOLD_iCloudDriveArchive_DO_NOT_USE_AS_ACTIVE_ROOT_20260524/Documents/Documents - SFMacBook Pro M5/LEGAL_AUTOMATION/watermelon-vscode/.vscode-test/vscode-darwin-arm64-1.109.5/Visual Studio Code.app/Contents/Frameworks/Electron Framework.framework/Versions/A/Resources/fi_NEUTER.lproj/locale.pak	4.0K	CITATIONS_SOURCES	Possible citation/source registry material
/Users/sethadmin/ZZ_ARCHIVE_HOLD_iCloudDriveArchive_DO_NOT_USE_AS_ACTIVE_ROOT_20260524/Documents/Documents - SFMacBook Pro M5/LEGAL_AUTOMATION/watermelon-vscode/.vscode-test/vscode-darwin-arm64-1.109.5/Visual Studio Code.app/Contents/Frameworks/Electron Framework.framework/Versions/A/Resources/kn.lproj/locale.pak	1.5M	CITATIONS_SOURCES	Possible citation/source registry material
/Users/sethadmin/ZZ_ARCHIVE_HOLD_iCloudDriveArchive_DO_NOT_USE_AS_ACTIVE_ROOT_20260524/Documents/Documents - SFMacBook Pro M5/LEGAL_AUTOMATION/watermelon-vscode/.vscode-test/vscode-darwin-arm64-1.109.5/Visual Studio Code.app/Contents/Frameworks/Electron Framework.framework/Versions/A/Resources/sv_NEUTER.lproj/locale.pak	4.0K	CITATIONS_SOURCES	Possible citation/source registry material
/Users/sethadmin/ZZ_ARCHIVE_HOLD_iCloudDriveArchive_DO_NOT_USE_AS_ACTIVE_ROOT_20260524/Documents/Documents - SFMacBook Pro M5/LEGAL_AUTOMATION/watermelon-vscode/.vscode-test/vscode-darwin-arm64-1.109.5/Visual Studio Code.app/Contents/Frameworks/Electron Framework.framework/Versions/A/Resources/bn_NEUTER.lproj/locale.pak	4.0K	CITATIONS_SOURCES	Possible citation/source registry material
/Users/sethadmin/ZZ_ARCHIVE_HOLD_iCloudDriveArchive_DO_NOT_USE_AS_ACTIVE_ROOT_20260524/Documents/Documents - SFMacBook Pro M5/LEGAL_AUTOMATION/watermelon-vscode/.vscode-test/vscode-darwin-arm64-1.109.5/Visual Studio Code.app/Contents/Frameworks/Electron Framework.framework/Versions/A/Resources/nb.lproj/locale.pak	564K	CITATIONS_SOURCES	Possible citation/source registry material
/Users/sethadmin/ZZ_ARCHIVE_HOLD_iCloudDriveArchive_DO_NOT_USE_AS_ACTIVE_ROOT_20260524/Documents/Documents - SFMacBook Pro M5/LEGAL_AUTOMATION/watermelon-vscode/.vscode-test/vscode-darwin-arm64-1.109.5/Visual Studio Code.app/Contents/Frameworks/Electron Framework.framework/Versions/A/Resources/fil_NEUTER.lproj/locale.pak	4.0K	CITATIONS_SOURCES	Possible citation/source registry material
/Users/sethadmin/ZZ_ARCHIVE_HOLD_iCloudDriveArchive_DO_NOT_USE_AS_ACTIVE_ROOT_20260524/Documents/Documents - SFMacBook Pro M5/LEGAL_AUTOMATION/watermelon-vscode/.vscode-test/vscode-darwin-arm64-1.109.5/Visual Studio Code.app/Contents/Frameworks/Electron Framework.framework/Versions/A/Resources/ml_MASCULINE.lproj/locale.pak	4.0K	CITATIONS_SOURCES	Possible citation/source registry material
/Users/sethadmin/ZZ_ARCHIVE_HOLD_iCloudDriveArchive_DO_NOT_USE_AS_ACTIVE_ROOT_20260524/Documents/Documents - SFMacBook Pro M5/LEGAL_AUTOMATION/watermelon-vscode/.vscode-test/vscode-darwin-arm64-1.109.5/Visual Studio Code.app/Contents/Frameworks/Electron Framework.framework/Versions/A/Resources/lv_FEMININE.lproj/locale.pak	4.0K	CITATIONS_SOURCES	Possible citation/source registry material
/Users/sethadmin/ZZ_ARCHIVE_HOLD_iCloudDriveArchive_DO_NOT_USE_AS_ACTIVE_ROOT_20260524/Documents/Documents - SFMacBook Pro M5/LEGAL_AUTOMATION/watermelon-vscode/.vscode-test/vscode-darwin-arm64-1.109.5/Visual Studio Code.app/Contents/Frameworks/Electron Framework.framework/Versions/A/Resources/ms_FEMININE.lproj/locale.pak	4.0K	CITATIONS_SOURCES	Possible citation/source registry material
/Users/sethadmin/ZZ_ARCHIVE_HOLD_iCloudDriveArchive_DO_NOT_USE_AS_ACTIVE_ROOT_20260524/Documents/Documents - SFMacBook Pro M5/LEGAL_AUTOMATION/watermelon-vscode/.vscode-test/vscode-darwin-arm64-1.109.5/Visual Studio Code.app/Contents/Frameworks/Electron Framework.framework/Versions/A/Resources/chrome_100_percent.pak	116K	CITATIONS_SOURCES	Possible citation/source registry material
/Users/sethadmin/ZZ_ARCHIVE_HOLD_iCloudDriveArchive_DO_NOT_USE_AS_ACTIVE_ROOT_20260524/Documents/Documents - SFMacBook Pro M5/LEGAL_AUTOMATION/watermelon-vscode/.vscode-test/vscode-darwin-arm64-1.109.5/Visual Studio Code.app/Contents/Frameworks/Electron Framework.framework/Versions/A/Resources/th_NEUTER.lproj/locale.pak	4.0K	CITATIONS_SOURCES	Possible citation/source registry material
/Users/sethadmin/ZZ_ARCHIVE_HOLD_iCloudDriveArchive_DO_NOT_USE_AS_ACTIVE_ROOT_20260524/Documents/Documents - SFMacBook Pro M5/LEGAL_AUTOMATION/watermelon-vscode/.vscode-test/vscode-darwin-arm64-1.109.5/Visual Studio Code.app/Contents/Frameworks/Electron Framework.framework/Versions/A/Resources/nl_FEMININE.lproj/locale.pak	4.0K	CITATIONS_SOURCES	Possible citation/source registry material
/Users/sethadmin/ZZ_ARCHIVE_HOLD_iCloudDriveArchive_DO_NOT_USE_AS_ACTIVE_ROOT_20260524/Documents/Documents - SFMacBook Pro M5/LEGAL_AUTOMATION/watermelon-vscode/.vscode-test/vscode-darwin-arm64-1.109.5/Visual Studio Code.app/Contents/Frameworks/Electron Framework.framework/Versions/A/Resources/id_MASCULINE.lproj/locale.pak	4.0K	CITATIONS_SOURCES	Possible citation/source registry material
/Users/sethadmin/ZZ_ARCHIVE_HOLD_iCloudDriveArchive_DO_NOT_USE_AS_ACTIVE_ROOT_20260524/Documents/Documents - SFMacBook Pro M5/LEGAL_AUTOMATION/watermelon-vscode/.vscode-test/vscode-darwin-arm64-1.109.5/Visual Studio Code.app/Contents/Frameworks/Electron Framework.framework/Versions/A/Resources/am.lproj/locale.pak	908K	CITATIONS_SOURCES	Possible citation/source registry material
/Users/sethadmin/ZZ_ARCHIVE_HOLD_iCloudDriveArchive_DO_NOT_USE_AS_ACTIVE_ROOT_20260524/Documents/Documents - SFMacBook Pro M5/LEGAL_AUTOMATION/watermelon-vscode/.vscode-test/vscode-darwin-arm64-1.109.5/Visual Studio Code.app/Contents/Frameworks/Electron Framework.framework/Versions/A/Resources/es.lproj/locale.pak	620K	CITATIONS_SOURCES	Possible citation/source registry material
/Users/sethadmin/ZZ_ARCHIVE_HOLD_iCloudDriveArchive_DO_NOT_USE_AS_ACTIVE_ROOT_20260524/Documents/Documents - SFMacBook Pro M5/LEGAL_AUTOMATION/watermelon-vscode/.vscode-test/vscode-darwin-arm64-1.109.5/Visual Studio Code.app/Contents/Frameworks/Electron Framework.framework/Versions/A/Resources/ro_FEMININE.lproj/locale.pak	4.0K	CITATIONS_SOURCES	Possible citation/source registry material
/Users/sethadmin/ZZ_ARCHIVE_HOLD_iCloudDriveArchive_DO_NOT_USE_AS_ACTIVE_ROOT_20260524/Documents/Documents - SFMacBook Pro M5/LEGAL_AUTOMATION/watermelon-vscode/.vscode-test/vscode-darwin-arm64-1.109.5/Visual Studio Code.app/Contents/Frameworks/Electron Framework.framework/Versions/A/Resources/ur_NEUTER.lproj/locale.pak	4.0K	CITATIONS_SOURCES	Possible citation/source registry material
/Users/sethadmin/ZZ_ARCHIVE_HOLD_iCloudDriveArchive_DO_NOT_USE_AS_ACTIVE_ROOT_20260524/Documents/Documents - SFMacBook Pro M5/LEGAL_AUTOMATION/watermelon-vscode/.vscode-test/vscode-darwin-arm64-1.109.5/Visual Studio Code.app/Contents/Frameworks/Electron Framework.framework/Versions/A/Resources/cs_NEUTER.lproj/locale.pak	4.0K	CITATIONS_SOURCES	Possible citation/source registry material
/Users/sethadmin/ZZ_ARCHIVE_HOLD_iCloudDriveArchive_DO_NOT_USE_AS_ACTIVE_ROOT_20260524/Documents/Documents - SFMacBook Pro M5/LEGAL_AUTOMATION/watermelon-vscode/.vscode-test/vscode-darwin-arm64-1.109.5/Visual Studio Code.app/Contents/Frameworks/Electron Framework.framework/Versions/A/Resources/sw.lproj/locale.pak	604K	CITATIONS_SOURCES	Possible citation/source registry material
/Users/sethadmin/ZZ_ARCHIVE_HOLD_iCloudDriveArchive_DO_NOT_USE_AS_ACTIVE_ROOT_20260524/Documents/Documents - SFMacBook Pro M5/LEGAL_AUTOMATION/watermelon-vscode/.vscode-test/vscode-darwin-arm64-1.109.5/Visual Studio Code.app/Contents/Frameworks/Electron Framework.framework/Versions/A/Resources/et_MASCULINE.lproj/locale.pak	4.0K	CITATIONS_SOURCES	Possible citation/source registry material
/Users/sethadmin/ZZ_ARCHIVE_HOLD_iCloudDriveArchive_DO_NOT_USE_AS_ACTIVE_ROOT_20260524/Documents/Documents - SFMacBook Pro M5/LEGAL_AUTOMATION/watermelon-vscode/.vscode-test/vscode-darwin-arm64-1.109.5/Visual Studio Code.app/Contents/Frameworks/Electron Framework.framework/Versions/A/Resources/sl.lproj/locale.pak	636K	CITATIONS_SOURCES	Possible citation/source registry material
/Users/sethadmin/ZZ_ARCHIVE_HOLD_iCloudDriveArchive_DO_NOT_USE_AS_ACTIVE_ROOT_20260524/Documents/Documents - SFMacBook Pro M5/LEGAL_AUTOMATION/watermelon-vscode/.vscode-test/vscode-darwin-arm64-1.109.5/Visual Studio Code.app/Contents/Frameworks/Electron Framework.framework/Versions/A/Resources/pt_BR.lproj/locale.pak	612K	CITATIONS_SOURCES	Possible citation/source registry material
/Users/sethadmin/ZZ_ARCHIVE_HOLD_iCloudDriveArchive_DO_NOT_USE_AS_ACTIVE_ROOT_20260524/Documents/Documents - SFMacBook Pro M5/LEGAL_AUTOMATION/watermelon-vscode/.vscode-test/vscode-darwin-arm64-1.109.5/Visual Studio Code.app/Contents/Frameworks/Electron Framework.framework/Versions/A/Resources/pt_PT_MASCULINE.lproj/locale.pak	4.0K	CITATIONS_SOURCES	Possible citation/source registry material
/Users/sethadmin/ZZ_ARCHIVE_HOLD_iCloudDriveArchive_DO_NOT_USE_AS_ACTIVE_ROOT_20260524/Documents/Documents - SFMacBook Pro M5/LEGAL_AUTOMATION/watermelon-vscode/.vscode-test/vscode-darwin-arm64-1.109.5/Visual Studio Code.app/Contents/Frameworks/Electron Framework.framework/Versions/A/Resources/da.lproj/locale.pak	588K	CITATIONS_SOURCES	Possible citation/source registry material
/Users/sethadmin/ZZ_ARCHIVE_HOLD_iCloudDriveArchive_DO_NOT_USE_AS_ACTIVE_ROOT_20260524/Documents/Documents - SFMacBook Pro M5/LEGAL_AUTOMATION/watermelon-vscode/.vscode-test/vscode-darwin-arm64-1.109.5/Visual Studio Code.app/Contents/Frameworks/Electron Framework.framework/Versions/A/Resources/zh_CN_FEMININE.lproj/locale.pak	4.0K	CITATIONS_SOURCES	Possible citation/source registry material
/Users/sethadmin/ZZ_ARCHIVE_HOLD_iCloudDriveArchive_DO_NOT_USE_AS_ACTIVE_ROOT_20260524/Documents/Documents - SFMacBook Pro M5/LEGAL_AUTOMATION/watermelon-vscode/.vscode-test/vscode-darwin-arm64-1.109.5/Visual Studio Code.app/Contents/Frameworks/Electron Framework.framework/Versions/A/Resources/af_MASCULINE.lproj/locale.pak	4.0K	CITATIONS_SOURCES	Possible citation/source registry material
/Users/sethadmin/ZZ_ARCHIVE_HOLD_iCloudDriveArchive_DO_NOT_USE_AS_ACTIVE_ROOT_20260524/Documents/Documents - SFMacBook Pro M5/LEGAL_AUTOMATION/watermelon-vscode/.vscode-test/vscode-darwin-arm64-1.109.5/Visual Studio Code.app/Contents/Frameworks/Electron Framework.framework/Versions/A/Resources/kn_MASCULINE.lproj/locale.pak	4.0K	CITATIONS_SOURCES	Possible citation/source registry material
/Users/sethadmin/ZZ_ARCHIVE_HOLD_iCloudDriveArchive_DO_NOT_USE_AS_ACTIVE_ROOT_20260524/Documents/Documents - SFMacBook Pro M5/LEGAL_AUTOMATION/watermelon-vscode/.vscode-test/vscode-darwin-arm64-1.109.5/Visual Studio Code.app/Contents/Frameworks/Electron Framework.framework/Versions/A/Resources/fil_FEMININE.lproj/locale.pak	4.0K	CITATIONS_SOURCES	Possible citation/source registry material
/Users/sethadmin/ZZ_ARCHIVE_HOLD_iCloudDriveArchive_DO_NOT_USE_AS_ACTIVE_ROOT_20260524/Documents/Documents - SFMacBook Pro M5/LEGAL_AUTOMATION/watermelon-vscode/.vscode-test/vscode-darwin-arm64-1.109.5/Visual Studio Code.app/Contents/Frameworks/Electron Framework.framework/Versions/A/Resources/zh_TW_NEUTER.lproj/locale.pak	4.0K	CITATIONS_SOURCES	Possible citation/source registry material
/Users/sethadmin/ZZ_ARCHIVE_HOLD_iCloudDriveArchive_DO_NOT_USE_AS_ACTIVE_ROOT_20260524/Documents/Documents - SFMacBook Pro M5/LEGAL_AUTOMATION/watermelon-vscode/.vscode-test/vscode-darwin-arm64-1.109.5/Visual Studio Code.app/Contents/Frameworks/Electron Framework.framework/Versions/A/Resources/et.lproj/locale.pak	564K	CITATIONS_SOURCES	Possible citation/source registry material
/Users/sethadmin/ZZ_ARCHIVE_HOLD_iCloudDriveArchive_DO_NOT_USE_AS_ACTIVE_ROOT_20260524/Documents/Documents - SFMacBook Pro M5/LEGAL_AUTOMATION/watermelon-vscode/.vscode-test/vscode-darwin-arm64-1.109.5/Visual Studio Code.app/Contents/Frameworks/Electron Framework.framework/Versions/A/Resources/ms_NEUTER.lproj/locale.pak	4.0K	CITATIONS_SOURCES	Possible citation/source registry material
/Users/sethadmin/ZZ_ARCHIVE_HOLD_iCloudDriveArchive_DO_NOT_USE_AS_ACTIVE_ROOT_20260524/Documents/Documents - SFMacBook Pro M5/LEGAL_AUTOMATION/watermelon-vscode/.vscode-test/vscode-darwin-arm64-1.109.5/Visual Studio Code.app/Contents/Frameworks/Electron Framework.framework/Versions/A/Resources/it.lproj/locale.pak	612K	CITATIONS_SOURCES	Possible citation/source registry material
/Users/sethadmin/ZZ_ARCHIVE_HOLD_iCloudDriveArchive_DO_NOT_USE_AS_ACTIVE_ROOT_20260524/Documents/Documents - SFMacBook Pro M5/LEGAL_AUTOMATION/watermelon-vscode/.vscode-test/vscode-darwin-arm64-1.109.5/Visual Studio Code.app/Contents/Frameworks/Electron Framework.framework/Versions/A/Resources/bg.lproj/locale.pak	1.0M	CITATIONS_SOURCES	Possible citation/source registry material
/Users/sethadmin/ZZ_ARCHIVE_HOLD_iCloudDriveArchive_DO_NOT_USE_AS_ACTIVE_ROOT_20260524/Documents/Documents - SFMacBook Pro M5/LEGAL_AUTOMATION/watermelon-vscode/.vscode-test/vscode-darwin-arm64-1.109.5/Visual Studio Code.app/Contents/Frameworks/Electron Framework.framework/Versions/A/Resources/sk.lproj/locale.pak	664K	CITATIONS_SOURCES	Possible citation/source registry material
/Users/sethadmin/ZZ_ARCHIVE_HOLD_iCloudDriveArchive_DO_NOT_USE_AS_ACTIVE_ROOT_20260524/Documents/Documents - SFMacBook Pro M5/LEGAL_AUTOMATION/watermelon-vscode/.vscode-test/vscode-darwin-arm64-1.109.5/Visual Studio Code.app/Contents/Frameworks/Electron Framework.framework/Versions/A/Resources/lv_NEUTER.lproj/locale.pak	4.0K	CITATIONS_SOURCES	Possible citation/source registry material
/Users/sethadmin/ZZ_ARCHIVE_HOLD_iCloudDriveArchive_DO_NOT_USE_AS_ACTIVE_ROOT_20260524/Documents/Documents - SFMacBook Pro M5/LEGAL_AUTOMATION/watermelon-vscode/.vscode-test/vscode-darwin-arm64-1.109.5/Visual Studio Code.app/Contents/Frameworks/Electron Framework.framework/Versions/A/Resources/it_NEUTER.lproj/locale.pak	4.0K	CITATIONS_SOURCES	Possible citation/source registry material
/Users/sethadmin/ZZ_ARCHIVE_HOLD_iCloudDriveArchive_DO_NOT_USE_AS_ACTIVE_ROOT_20260524/Documents/Documents - SFMacBook Pro M5/LEGAL_AUTOMATION/watermelon-vscode/.vscode-test/vscode-darwin-arm64-1.109.5/Visual Studio Code.app/Contents/Frameworks/Electron Framework.framework/Versions/A/Resources/ta_MASCULINE.lproj/locale.pak	4.0K	CITATIONS_SOURCES	Possible citation/source registry material
/Users/sethadmin/ZZ_ARCHIVE_HOLD_iCloudDriveArchive_DO_NOT_USE_AS_ACTIVE_ROOT_20260524/Documents/Documents - SFMacBook Pro M5/LEGAL_AUTOMATION/watermelon-vscode/.vscode-test/vscode-darwin-arm64-1.109.5/Visual Studio Code.app/Contents/Frameworks/Electron Framework.framework/Versions/A/Resources/pt_PT.lproj/locale.pak	616K	CITATIONS_SOURCES	Possible citation/source registry material
/Users/sethadmin/ZZ_ARCHIVE_HOLD_iCloudDriveArchive_DO_NOT_USE_AS_ACTIVE_ROOT_20260524/Documents/Documents - SFMacBook Pro M5/LEGAL_AUTOMATION/watermelon-vscode/.vscode-test/vscode-darwin-arm64-1.109.5/Visual Studio Code.app/Contents/Frameworks/Electron Framework.framework/Versions/A/Resources/ta_FEMININE.lproj/locale.pak	4.0K	CITATIONS_SOURCES	Possible citation/source registry material
/Users/sethadmin/ZZ_ARCHIVE_HOLD_iCloudDriveArchive_DO_NOT_USE_AS_ACTIVE_ROOT_20260524/Documents/Documents - SFMacBook Pro M5/LEGAL_AUTOMATION/watermelon-vscode/.vscode-test/vscode-darwin-arm64-1.109.5/Visual Studio Code.app/Contents/Frameworks/Electron Framework.framework/Versions/A/Resources/sk_MASCULINE.lproj/locale.pak	4.0K	CITATIONS_SOURCES	Possible citation/source registry material
/Users/sethadmin/ZZ_ARCHIVE_HOLD_iCloudDriveArchive_DO_NOT_USE_AS_ACTIVE_ROOT_20260524/Documents/Documents - SFMacBook Pro M5/LEGAL_AUTOMATION/watermelon-vscode/.vscode-test/vscode-darwin-arm64-1.109.5/Visual Studio Code.app/Contents/Frameworks/Electron Framework.framework/Versions/A/Resources/ko_NEUTER.lproj/locale.pak	4.0K	CITATIONS_SOURCES	Possible citation/source registry material
/Users/sethadmin/ZZ_ARCHIVE_HOLD_iCloudDriveArchive_DO_NOT_USE_AS_ACTIVE_ROOT_20260524/Documents/Documents - SFMacBook Pro M5/LEGAL_AUTOMATION/watermelon-vscode/.vscode-test/vscode-darwin-arm64-1.109.5/Visual Studio Code.app/Contents/Frameworks/Electron Framework.framework/Versions/A/Resources/icudtl.dat	10M	CITATIONS_SOURCES	Possible citation/source registry material
/Users/sethadmin/ZZ_ARCHIVE_HOLD_iCloudDriveArchive_DO_NOT_USE_AS_ACTIVE_ROOT_20260524/Documents/Documents - SFMacBook Pro M5/LEGAL_AUTOMATION/watermelon-vscode/.vscode-test/vscode-darwin-arm64-1.109.5/Visual Studio Code.app/Contents/Frameworks/Electron Framework.framework/Versions/A/Resources/cs_FEMININE.lproj/locale.pak	4.0K	CITATIONS_SOURCES	Possible citation/source registry material
/Users/sethadmin/ZZ_ARCHIVE_HOLD_iCloudDriveArchive_DO_NOT_USE_AS_ACTIVE_ROOT_20260524/Documents/Documents - SFMacBook Pro M5/LEGAL_AUTOMATION/watermelon-vscode/.vscode-test/vscode-darwin-arm64-1.109.5/Visual Studio Code.app/Contents/Frameworks/Electron Framework.framework/Versions/A/Resources/ur_MASCULINE.lproj/locale.pak	4.0K	CITATIONS_SOURCES	Possible citation/source registry material
/Users/sethadmin/ZZ_ARCHIVE_HOLD_iCloudDriveArchive_DO_NOT_USE_AS_ACTIVE_ROOT_20260524/Documents/Documents - SFMacBook Pro M5/LEGAL_AUTOMATION/watermelon-vscode/.vscode-test/vscode-darwin-arm64-1.109.5/Visual Studio Code.app/Contents/Frameworks/Electron Framework.framework/Versions/A/Resources/uk_FEMININE.lproj/locale.pak	4.0K	CITATIONS_SOURCES	Possible citation/source registry material
/Users/sethadmin/ZZ_ARCHIVE_HOLD_iCloudDriveArchive_DO_NOT_USE_AS_ACTIVE_ROOT_20260524/Documents/Documents - SFMacBook Pro M5/LEGAL_AUTOMATION/watermelon-vscode/.vscode-test/vscode-darwin-arm64-1.109.5/Visual Studio Code.app/Contents/Frameworks/Electron Framework.framework/Versions/A/Resources/af_FEMININE.lproj/locale.pak	4.0K	CITATIONS_SOURCES	Possible citation/source registry material
/Users/sethadmin/ZZ_ARCHIVE_HOLD_iCloudDriveArchive_DO_NOT_USE_AS_ACTIVE_ROOT_20260524/Documents/Documents - SFMacBook Pro M5/LEGAL_AUTOMATION/watermelon-vscode/.vscode-test/vscode-darwin-arm64-1.109.5/Visual Studio Code.app/Contents/Frameworks/Electron Framework.framework/Versions/A/Resources/ar_MASCULINE.lproj/locale.pak	4.0K	CITATIONS_SOURCES	Possible citation/source registry material
/Users/sethadmin/ZZ_ARCHIVE_HOLD_iCloudDriveArchive_DO_NOT_USE_AS_ACTIVE_ROOT_20260524/Documents/Documents - SFMacBook Pro M5/LEGAL_AUTOMATION/watermelon-vscode/.vscode-test/vscode-darwin-arm64-1.109.5/Visual Studio Code.app/Contents/Frameworks/Electron Framework.framework/Versions/A/Resources/ml_NEUTER.lproj/locale.pak	4.0K	CITATIONS_SOURCES	Possible citation/source registry material
/Users/sethadmin/ZZ_ARCHIVE_HOLD_iCloudDriveArchive_DO_NOT_USE_AS_ACTIVE_ROOT_20260524/Documents/Documents - SFMacBook Pro M5/LEGAL_AUTOMATION/watermelon-vscode/.vscode-test/vscode-darwin-arm64-1.109.5/Visual Studio Code.app/Contents/Frameworks/Electron Framework.framework/Versions/A/Resources/hi_NEUTER.lproj/locale.pak	4.0K	CITATIONS_SOURCES	Possible citation/source registry material
/Users/sethadmin/ZZ_ARCHIVE_HOLD_iCloudDriveArchive_DO_NOT_USE_AS_ACTIVE_ROOT_20260524/Documents/Documents - SFMacBook Pro M5/LEGAL_AUTOMATION/watermelon-vscode/.vscode-test/vscode-darwin-arm64-1.109.5/Visual Studio Code.app/Contents/Frameworks/Electron Framework.framework/Versions/A/Resources/te_NEUTER.lproj/locale.pak	4.0K	CITATIONS_SOURCES	Possible citation/source registry material
/Users/sethadmin/ZZ_ARCHIVE_HOLD_iCloudDriveArchive_DO_NOT_USE_AS_ACTIVE_ROOT_20260524/Documents/Documents - SFMacBook Pro M5/LEGAL_AUTOMATION/watermelon-vscode/.vscode-test/vscode-darwin-arm64-1.109.5/Visual Studio Code.app/Contents/Frameworks/Electron Framework.framework/Versions/A/Resources/lt_FEMININE.lproj/locale.pak	4.0K	CITATIONS_SOURCES	Possible citation/source registry material
/Users/sethadmin/ZZ_ARCHIVE_HOLD_iCloudDriveArchive_DO_NOT_USE_AS_ACTIVE_ROOT_20260524/Documents/Documents - SFMacBook Pro M5/LEGAL_AUTOMATION/watermelon-vscode/.vscode-test/vscode-darwin-arm64-1.109.5/Visual Studio Code.app/Contents/Frameworks/Electron Framework.framework/Versions/A/Resources/sr.lproj/locale.pak	980K	CITATIONS_SOURCES	Possible citation/source registry material
/Users/sethadmin/ZZ_ARCHIVE_HOLD_iCloudDriveArchive_DO_NOT_USE_AS_ACTIVE_ROOT_20260524/Documents/Documents - SFMacBook Pro M5/LEGAL_AUTOMATION/watermelon-vscode/.vscode-test/vscode-darwin-arm64-1.109.5/Visual Studio Code.app/Contents/Frameworks/Electron Framework.framework/Versions/A/Resources/ms.lproj/locale.pak	588K	CITATIONS_SOURCES	Possible citation/source registry material
/Users/sethadmin/ZZ_ARCHIVE_HOLD_iCloudDriveArchive_DO_NOT_USE_AS_ACTIVE_ROOT_20260524/Documents/Documents - SFMacBook Pro M5/LEGAL_AUTOMATION/watermelon-vscode/.vscode-test/vscode-darwin-arm64-1.109.5/Visual Studio Code.app/Contents/Frameworks/Electron Framework.framework/Versions/A/Resources/ca_NEUTER.lproj/locale.pak	4.0K	CITATIONS_SOURCES	Possible citation/source registry material
/Users/sethadmin/ZZ_ARCHIVE_HOLD_iCloudDriveArchive_DO_NOT_USE_AS_ACTIVE_ROOT_20260524/Documents/Documents - SFMacBook Pro M5/LEGAL_AUTOMATION/watermelon-vscode/.vscode-test/vscode-darwin-arm64-1.109.5/Visual Studio Code.app/Contents/Frameworks/Electron Framework.framework/Versions/A/Resources/ta.lproj/locale.pak	1.5M	CITATIONS_SOURCES	Possible citation/source registry material
/Users/sethadmin/ZZ_ARCHIVE_HOLD_iCloudDriveArchive_DO_NOT_USE_AS_ACTIVE_ROOT_20260524/Documents/Documents - SFMacBook Pro M5/LEGAL_AUTOMATION/watermelon-vscode/.vscode-test/vscode-darwin-arm64-1.109.5/Visual Studio Code.app/Contents/Frameworks/Electron Framework.framework/Versions/A/Resources/he_FEMININE.lproj/locale.pak	4.0K	CITATIONS_SOURCES	Possible citation/source registry material
/Users/sethadmin/ZZ_ARCHIVE_HOLD_iCloudDriveArchive_DO_NOT_USE_AS_ACTIVE_ROOT_20260524/Documents/Documents - SFMacBook Pro M5/LEGAL_AUTOMATION/watermelon-vscode/.vscode-test/vscode-darwin-arm64-1.109.5/Visual Studio Code.app/Contents/Frameworks/Electron Framework.framework/Versions/A/Resources/es_419_NEUTER.lproj/locale.pak	4.0K	CITATIONS_SOURCES	Possible citation/source registry material
/Users/sethadmin/ZZ_ARCHIVE_HOLD_iCloudDriveArchive_DO_NOT_USE_AS_ACTIVE_ROOT_20260524/Documents/Documents - SFMacBook Pro M5/LEGAL_AUTOMATION/watermelon-vscode/.vscode-test/vscode-darwin-arm64-1.109.5/Visual Studio Code.app/Contents/Frameworks/Electron Framework.framework/Versions/A/Resources/zh_TW_FEMININE.lproj/locale.pak	4.0K	CITATIONS_SOURCES	Possible citation/source registry material
/Users/sethadmin/ZZ_ARCHIVE_HOLD_iCloudDriveArchive_DO_NOT_USE_AS_ACTIVE_ROOT_20260524/Documents/Documents - SFMacBook Pro M5/LEGAL_AUTOMATION/watermelon-vscode/.vscode-test/vscode-darwin-arm64-1.109.5/Visual Studio Code.app/Contents/Frameworks/Electron Framework.framework/Versions/A/Resources/ml.lproj/locale.pak	1.5M	CITATIONS_SOURCES	Possible citation/source registry material
/Users/sethadmin/ZZ_ARCHIVE_HOLD_iCloudDriveArchive_DO_NOT_USE_AS_ACTIVE_ROOT_20260524/Documents/Documents - SFMacBook Pro M5/LEGAL_AUTOMATION/watermelon-vscode/.vscode-test/vscode-darwin-arm64-1.109.5/Visual Studio Code.app/Contents/Frameworks/Electron Framework.framework/Versions/A/Resources/sv.lproj/locale.pak	568K	CITATIONS_SOURCES	Possible citation/source registry material
/Users/sethadmin/ZZ_ARCHIVE_HOLD_iCloudDriveArchive_DO_NOT_USE_AS_ACTIVE_ROOT_20260524/Documents/Documents - SFMacBook Pro M5/LEGAL_AUTOMATION/watermelon-vscode/.vscode-test/vscode-darwin-arm64-1.109.5/Visual Studio Code.app/Contents/Frameworks/Electron Framework.framework/Versions/A/Resources/da_NEUTER.lproj/locale.pak	4.0K	CITATIONS_SOURCES	Possible citation/source registry material
/Users/sethadmin/ZZ_ARCHIVE_HOLD_iCloudDriveArchive_DO_NOT_USE_AS_ACTIVE_ROOT_20260524/Documents/Documents - SFMacBook Pro M5/LEGAL_AUTOMATION/watermelon-vscode/.vscode-test/vscode-darwin-arm64-1.109.5/Visual Studio Code.app/Contents/Frameworks/Electron Framework.framework/Versions/A/Resources/kn_NEUTER.lproj/locale.pak	4.0K	CITATIONS_SOURCES	Possible citation/source registry material
/Users/sethadmin/ZZ_ARCHIVE_HOLD_iCloudDriveArchive_DO_NOT_USE_AS_ACTIVE_ROOT_20260524/Documents/Documents - SFMacBook Pro M5/LEGAL_AUTOMATION/watermelon-vscode/.vscode-test/vscode-darwin-arm64-1.109.5/Visual Studio Code.app/Contents/Frameworks/Electron Framework.framework/Versions/A/Resources/sv_MASCULINE.lproj/locale.pak	4.0K	CITATIONS_SOURCES	Possible citation/source registry material
/Users/sethadmin/ZZ_ARCHIVE_HOLD_iCloudDriveArchive_DO_NOT_USE_AS_ACTIVE_ROOT_20260524/Documents/Documents - SFMacBook Pro M5/LEGAL_AUTOMATION/watermelon-vscode/.vscode-test/vscode-darwin-arm64-1.109.5/Visual Studio Code.app/Contents/Frameworks/Electron Framework.framework/Versions/A/Resources/nl_NEUTER.lproj/locale.pak	4.0K	CITATIONS_SOURCES	Possible citation/source registry material
/Users/sethadmin/ZZ_ARCHIVE_HOLD_iCloudDriveArchive_DO_NOT_USE_AS_ACTIVE_ROOT_20260524/Documents/Documents - SFMacBook Pro M5/LEGAL_AUTOMATION/watermelon-vscode/.vscode-test/vscode-darwin-arm64-1.109.5/Visual Studio Code.app/Contents/Frameworks/Electron Framework.framework/Versions/A/Resources/te.lproj/locale.pak	1.4M	CITATIONS_SOURCES	Possible citation/source registry material
/Users/sethadmin/ZZ_ARCHIVE_HOLD_iCloudDriveArchive_DO_NOT_USE_AS_ACTIVE_ROOT_20260524/Documents/Documents - SFMacBook Pro M5/LEGAL_AUTOMATION/watermelon-vscode/.vscode-test/vscode-darwin-arm64-1.109.5/Visual Studio Code.app/Contents/Frameworks/Electron Framework.framework/Versions/A/Resources/mr_NEUTER.lproj/locale.pak	4.0K	CITATIONS_SOURCES	Possible citation/source registry material
/Users/sethadmin/ZZ_ARCHIVE_HOLD_iCloudDriveArchive_DO_NOT_USE_AS_ACTIVE_ROOT_20260524/Documents/Documents - SFMacBook Pro M5/LEGAL_AUTOMATION/watermelon-vscode/.vscode-test/vscode-darwin-arm64-1.109.5/Visual Studio Code.app/Contents/Frameworks/Electron Framework.framework/Versions/A/Resources/cs.lproj/locale.pak	656K	CITATIONS_SOURCES	Possible citation/source registry material
/Users/sethadmin/ZZ_ARCHIVE_HOLD_iCloudDriveArchive_DO_NOT_USE_AS_ACTIVE_ROOT_20260524/Documents/Documents - SFMacBook Pro M5/LEGAL_AUTOMATION/watermelon-vscode/.vscode-test/vscode-darwin-arm64-1.109.5/Visual Studio Code.app/Contents/Frameworks/Electron Framework.framework/Versions/A/Resources/en_GB_MASCULINE.lproj/locale.pak	4.0K	CITATIONS_SOURCES	Possible citation/source registry material
/Users/sethadmin/ZZ_ARCHIVE_HOLD_iCloudDriveArchive_DO_NOT_USE_AS_ACTIVE_ROOT_20260524/Documents/Documents - SFMacBook Pro M5/LEGAL_AUTOMATION/watermelon-vscode/.vscode-test/vscode-darwin-arm64-1.109.5/Visual Studio Code.app/Contents/Frameworks/Electron Framework.framework/Versions/A/Resources/pt_PT_FEMININE.lproj/locale.pak	4.0K	CITATIONS_SOURCES	Possible citation/source registry material
/Users/sethadmin/ZZ_ARCHIVE_HOLD_iCloudDriveArchive_DO_NOT_USE_AS_ACTIVE_ROOT_20260524/Documents/Documents - SFMacBook Pro M5/LEGAL_AUTOMATION/watermelon-vscode/.vscode-test/vscode-darwin-arm64-1.109.5/Visual Studio Code.app/Contents/Frameworks/Electron Framework.framework/Versions/A/Resources/fi_FEMININE.lproj/locale.pak	4.0K	CITATIONS_SOURCES	Possible citation/source registry material
/Users/sethadmin/ZZ_ARCHIVE_HOLD_iCloudDriveArchive_DO_NOT_USE_AS_ACTIVE_ROOT_20260524/Documents/Documents - SFMacBook Pro M5/LEGAL_AUTOMATION/watermelon-vscode/.vscode-test/vscode-darwin-arm64-1.109.5/Visual Studio Code.app/Contents/Frameworks/Electron Framework.framework/Versions/A/Resources/ko.lproj/locale.pak	628K	CITATIONS_SOURCES	Possible citation/source registry material
/Users/sethadmin/ZZ_ARCHIVE_HOLD_iCloudDriveArchive_DO_NOT_USE_AS_ACTIVE_ROOT_20260524/Documents/Documents - SFMacBook Pro M5/LEGAL_AUTOMATION/watermelon-vscode/.vscode-test/vscode-darwin-arm64-1.109.5/Visual Studio Code.app/Contents/Frameworks/Electron Framework.framework/Versions/A/Resources/sl_MASCULINE.lproj/locale.pak	4.0K	CITATIONS_SOURCES	Possible citation/source registry material
/Users/sethadmin/ZZ_ARCHIVE_HOLD_iCloudDriveArchive_DO_NOT_USE_AS_ACTIVE_ROOT_20260524/Documents/Documents - SFMacBook Pro M5/LEGAL_AUTOMATION/watermelon-vscode/.vscode-test/vscode-darwin-arm64-1.109.5/Visual Studio Code.app/Contents/Frameworks/Electron Framework.framework/Versions/A/Resources/lv_MASCULINE.lproj/locale.pak	4.0K	CITATIONS_SOURCES	Possible citation/source registry material
/Users/sethadmin/ZZ_ARCHIVE_HOLD_iCloudDriveArchive_DO_NOT_USE_AS_ACTIVE_ROOT_20260524/Documents/Documents - SFMacBook Pro M5/LEGAL_AUTOMATION/watermelon-vscode/.vscode-test/vscode-darwin-arm64-1.109.5/Visual Studio Code.app/Contents/Frameworks/Electron Framework.framework/Versions/A/Resources/fil.lproj/locale.pak	656K	CITATIONS_SOURCES	Possible citation/source registry material
/Users/sethadmin/ZZ_ARCHIVE_HOLD_iCloudDriveArchive_DO_NOT_USE_AS_ACTIVE_ROOT_20260524/Documents/Documents - SFMacBook Pro M5/LEGAL_AUTOMATION/watermelon-vscode/.vscode-test/vscode-darwin-arm64-1.109.5/Visual Studio Code.app/Contents/Frameworks/Electron Framework.framework/Versions/A/Resources/da_MASCULINE.lproj/locale.pak	4.0K	CITATIONS_SOURCES	Possible citation/source registry material
/Users/sethadmin/ZZ_ARCHIVE_HOLD_iCloudDriveArchive_DO_NOT_USE_AS_ACTIVE_ROOT_20260524/Documents/Documents - SFMacBook Pro M5/LEGAL_AUTOMATION/watermelon-vscode/.vscode-test/vscode-darwin-arm64-1.109.5/Visual Studio Code.app/Contents/Frameworks/Electron Framework.framework/Versions/A/Resources/pt_BR_FEMININE.lproj/locale.pak	4.0K	CITATIONS_SOURCES	Possible citation/source registry material
/Users/sethadmin/ZZ_ARCHIVE_HOLD_iCloudDriveArchive_DO_NOT_USE_AS_ACTIVE_ROOT_20260524/Documents/Documents - SFMacBook Pro M5/LEGAL_AUTOMATION/watermelon-vscode/.vscode-test/vscode-darwin-arm64-1.109.5/Visual Studio Code.app/Contents/Frameworks/Electron Framework.framework/Versions/A/Resources/th_FEMININE.lproj/locale.pak	4.0K	CITATIONS_SOURCES	Possible citation/source registry material
/Users/sethadmin/ZZ_ARCHIVE_HOLD_iCloudDriveArchive_DO_NOT_USE_AS_ACTIVE_ROOT_20260524/Documents/Documents - SFMacBook Pro M5/LEGAL_AUTOMATION/watermelon-vscode/.vscode-test/vscode-darwin-arm64-1.109.5/Visual Studio Code.app/Contents/Frameworks/Electron Framework.framework/Versions/A/Resources/fa_FEMININE.lproj/locale.pak	4.0K	CITATIONS_SOURCES	Possible citation/source registry material
/Users/sethadmin/ZZ_ARCHIVE_HOLD_iCloudDriveArchive_DO_NOT_USE_AS_ACTIVE_ROOT_20260524/Documents/Documents - SFMacBook Pro M5/LEGAL_AUTOMATION/watermelon-vscode/.vscode-test/vscode-darwin-arm64-1.109.5/Visual Studio Code.app/Contents/Frameworks/Electron Framework.framework/Versions/A/Resources/nb_MASCULINE.lproj/locale.pak	4.0K	CITATIONS_SOURCES	Possible citation/source registry material
/Users/sethadmin/ZZ_ARCHIVE_HOLD_iCloudDriveArchive_DO_NOT_USE_AS_ACTIVE_ROOT_20260524/Documents/Documents - SFMacBook Pro M5/LEGAL_AUTOMATION/watermelon-vscode/.vscode-test/vscode-darwin-arm64-1.109.5/Visual Studio Code.app/Contents/Frameworks/Electron Framework.framework/Versions/A/Resources/MainMenu.nib	4.0K	CITATIONS_SOURCES	Possible citation/source registry material
/Users/sethadmin/ZZ_ARCHIVE_HOLD_iCloudDriveArchive_DO_NOT_USE_AS_ACTIVE_ROOT_20260524/Documents/Documents - SFMacBook Pro M5/LEGAL_AUTOMATION/watermelon-vscode/.vscode-test/vscode-darwin-arm64-1.109.5/Visual Studio Code.app/Contents/Frameworks/Electron Framework.framework/Versions/A/Resources/af_NEUTER.lproj/locale.pak	4.0K	CITATIONS_SOURCES	Possible citation/source registry material
/Users/sethadmin/ZZ_ARCHIVE_HOLD_iCloudDriveArchive_DO_NOT_USE_AS_ACTIVE_ROOT_20260524/Documents/Documents - SFMacBook Pro M5/LEGAL_AUTOMATION/watermelon-vscode/.vscode-test/vscode-darwin-arm64-1.109.5/Visual Studio Code.app/Contents/Frameworks/Electron Framework.framework/Versions/A/Resources/ru_MASCULINE.lproj/locale.pak	4.0K	CITATIONS_SOURCES	Possible citation/source registry material
/Users/sethadmin/ZZ_ARCHIVE_HOLD_iCloudDriveArchive_DO_NOT_USE_AS_ACTIVE_ROOT_20260524/Documents/Documents - SFMacBook Pro M5/LEGAL_AUTOMATION/watermelon-vscode/.vscode-test/vscode-darwin-arm64-1.109.5/Visual Studio Code.app/Contents/Frameworks/Electron Framework.framework/Versions/A/Resources/bg_MASCULINE.lproj/locale.pak	4.0K	CITATIONS_SOURCES	Possible citation/source registry material
/Users/sethadmin/ZZ_ARCHIVE_HOLD_iCloudDriveArchive_DO_NOT_USE_AS_ACTIVE_ROOT_20260524/Documents/Documents - SFMacBook Pro M5/LEGAL_AUTOMATION/watermelon-vscode/.vscode-test/vscode-darwin-arm64-1.109.5/Visual Studio Code.app/Contents/Frameworks/Electron Framework.framework/Versions/A/Resources/vi_FEMININE.lproj/locale.pak	4.0K	CITATIONS_SOURCES	Possible citation/source registry material
/Users/sethadmin/ZZ_ARCHIVE_HOLD_iCloudDriveArchive_DO_NOT_USE_AS_ACTIVE_ROOT_20260524/Documents/Documents - SFMacBook Pro M5/LEGAL_AUTOMATION/watermelon-vscode/.vscode-test/vscode-darwin-arm64-1.109.5/Visual Studio Code.app/Contents/Frameworks/Electron Framework.framework/Versions/A/Resources/ca_FEMININE.lproj/locale.pak	4.0K	CITATIONS_SOURCES	Possible citation/source registry material
/Users/sethadmin/ZZ_ARCHIVE_HOLD_iCloudDriveArchive_DO_NOT_USE_AS_ACTIVE_ROOT_20260524/Documents/Documents - SFMacBook Pro M5/LEGAL_AUTOMATION/watermelon-vscode/.vscode-test/vscode-darwin-arm64-1.109.5/Visual Studio Code.app/Contents/Frameworks/Electron Framework.framework/Versions/A/Resources/hu.lproj/locale.pak	676K	CITATIONS_SOURCES	Possible citation/source registry material
/Users/sethadmin/ZZ_ARCHIVE_HOLD_iCloudDriveArchive_DO_NOT_USE_AS_ACTIVE_ROOT_20260524/Documents/Documents - SFMacBook Pro M5/LEGAL_AUTOMATION/watermelon-vscode/.vscode-test/vscode-darwin-arm64-1.109.5/Visual Studio Code.app/Contents/Frameworks/Electron Framework.framework/Versions/A/Resources/v8_context_snapshot.arm64.bin	760K	CITATIONS_SOURCES	Possible citation/source registry material
/Users/sethadmin/ZZ_ARCHIVE_HOLD_iCloudDriveArchive_DO_NOT_USE_AS_ACTIVE_ROOT_20260524/Documents/Documents - SFMacBook Pro M5/LEGAL_AUTOMATION/watermelon-vscode/.vscode-test/vscode-darwin-arm64-1.109.5/Visual Studio Code.app/Contents/Frameworks/Electron Framework.framework/Versions/A/Resources/ko_FEMININE.lproj/locale.pak	4.0K	CITATIONS_SOURCES	Possible citation/source registry material
/Users/sethadmin/ZZ_ARCHIVE_HOLD_iCloudDriveArchive_DO_NOT_USE_AS_ACTIVE_ROOT_20260524/Documents/Documents - SFMacBook Pro M5/LEGAL_AUTOMATION/watermelon-vscode/.vscode-test/vscode-darwin-arm64-1.109.5/Visual Studio Code.app/Contents/Frameworks/Electron Framework.framework/Versions/A/Resources/hr_NEUTER.lproj/locale.pak	4.0K	CITATIONS_SOURCES	Possible citation/source registry material
/Users/sethadmin/ZZ_ARCHIVE_HOLD_iCloudDriveArchive_DO_NOT_USE_AS_ACTIVE_ROOT_20260524/Documents/Documents - SFMacBook Pro M5/LEGAL_AUTOMATION/watermelon-vscode/.vscode-test/vscode-darwin-arm64-1.109.5/Visual Studio Code.app/Contents/Frameworks/Electron Framework.framework/Versions/A/Resources/hu_NEUTER.lproj/locale.pak	4.0K	CITATIONS_SOURCES	Possible citation/source registry material
/Users/sethadmin/ZZ_ARCHIVE_HOLD_iCloudDriveArchive_DO_NOT_USE_AS_ACTIVE_ROOT_20260524/Documents/Documents - SFMacBook Pro M5/LEGAL_AUTOMATION/watermelon-vscode/.vscode-test/vscode-darwin-arm64-1.109.5/Visual Studio Code.app/Contents/Frameworks/Electron Framework.framework/Versions/A/Resources/zh_TW_MASCULINE.lproj/locale.pak	4.0K	CITATIONS_SOURCES	Possible citation/source registry material
/Users/sethadmin/ZZ_ARCHIVE_HOLD_iCloudDriveArchive_DO_NOT_USE_AS_ACTIVE_ROOT_20260524/Documents/Documents - SFMacBook Pro M5/LEGAL_AUTOMATION/watermelon-vscode/.vscode-test/vscode-darwin-arm64-1.109.5/Visual Studio Code.app/Contents/Frameworks/Electron Framework.framework/Versions/A/Resources/pt_PT_NEUTER.lproj/locale.pak	4.0K	CITATIONS_SOURCES	Possible citation/source registry material
/Users/sethadmin/ZZ_ARCHIVE_HOLD_iCloudDriveArchive_DO_NOT_USE_AS_ACTIVE_ROOT_20260524/Documents/Documents - SFMacBook Pro M5/LEGAL_AUTOMATION/watermelon-vscode/.vscode-test/vscode-darwin-arm64-1.109.5/Visual Studio Code.app/Contents/Frameworks/Electron Framework.framework/Versions/A/Resources/ro_MASCULINE.lproj/locale.pak	4.0K	CITATIONS_SOURCES	Possible citation/source registry material
/Users/sethadmin/ZZ_ARCHIVE_HOLD_iCloudDriveArchive_DO_NOT_USE_AS_ACTIVE_ROOT_20260524/Documents/Documents - SFMacBook Pro M5/LEGAL_AUTOMATION/watermelon-vscode/.vscode-test/vscode-darwin-arm64-1.109.5/Visual Studio Code.app/Contents/Frameworks/Electron Framework.framework/Versions/A/Resources/sr_FEMININE.lproj/locale.pak	4.0K	CITATIONS_SOURCES	Possible citation/source registry material
/Users/sethadmin/ZZ_ARCHIVE_HOLD_iCloudDriveArchive_DO_NOT_USE_AS_ACTIVE_ROOT_20260524/Documents/Documents - SFMacBook Pro M5/LEGAL_AUTOMATION/watermelon-vscode/.vscode-test/vscode-darwin-arm64-1.109.5/Visual Studio Code.app/Contents/Frameworks/Electron Framework.framework/Versions/A/Resources/ta_NEUTER.lproj/locale.pak	4.0K	CITATIONS_SOURCES	Possible citation/source registry material
/Users/sethadmin/ZZ_ARCHIVE_HOLD_iCloudDriveArchive_DO_NOT_USE_AS_ACTIVE_ROOT_20260524/Documents/Documents - SFMacBook Pro M5/LEGAL_AUTOMATION/watermelon-vscode/.vscode-test/vscode-darwin-arm64-1.109.5/Visual Studio Code.app/Contents/Frameworks/Electron Framework.framework/Versions/A/Resources/tr.lproj/locale.pak	616K	CITATIONS_SOURCES	Possible citation/source registry material
/Users/sethadmin/ZZ_ARCHIVE_HOLD_iCloudDriveArchive_DO_NOT_USE_AS_ACTIVE_ROOT_20260524/Documents/Documents - SFMacBook Pro M5/LEGAL_AUTOMATION/watermelon-vscode/.vscode-test/vscode-darwin-arm64-1.109.5/Visual Studio Code.app/Contents/Frameworks/Electron Framework.framework/Versions/A/Resources/pt_BR_NEUTER.lproj/locale.pak	4.0K	CITATIONS_SOURCES	Possible citation/source registry material
/Users/sethadmin/ZZ_ARCHIVE_HOLD_iCloudDriveArchive_DO_NOT_USE_AS_ACTIVE_ROOT_20260524/Documents/Documents - SFMacBook Pro M5/LEGAL_AUTOMATION/watermelon-vscode/.vscode-test/vscode-darwin-arm64-1.109.5/Visual Studio Code.app/Contents/Frameworks/Electron Framework.framework/Versions/A/Resources/pl.lproj/locale.pak	656K	CITATIONS_SOURCES	Possible citation/source registry material
/Users/sethadmin/ZZ_ARCHIVE_HOLD_iCloudDriveArchive_DO_NOT_USE_AS_ACTIVE_ROOT_20260524/Documents/Documents - SFMacBook Pro M5/LEGAL_AUTOMATION/watermelon-vscode/.vscode-test/vscode-darwin-arm64-1.109.5/Visual Studio Code.app/Contents/Frameworks/Electron Framework.framework/Versions/A/Resources/bg_NEUTER.lproj/locale.pak	4.0K	CITATIONS_SOURCES	Possible citation/source registry material
/Users/sethadmin/ZZ_ARCHIVE_HOLD_iCloudDriveArchive_DO_NOT_USE_AS_ACTIVE_ROOT_20260524/Documents/Documents - SFMacBook Pro M5/LEGAL_AUTOMATION/watermelon-vscode/.vscode-test/vscode-darwin-arm64-1.109.5/Visual Studio Code.app/Contents/Frameworks/Electron Framework.framework/Versions/A/Resources/zh_TW.lproj/locale.pak	516K	CITATIONS_SOURCES	Possible citation/source registry material
/Users/sethadmin/ZZ_ARCHIVE_HOLD_iCloudDriveArchive_DO_NOT_USE_AS_ACTIVE_ROOT_20260524/Documents/Documents - SFMacBook Pro M5/LEGAL_AUTOMATION/watermelon-vscode/.vscode-test/vscode-darwin-arm64-1.109.5/Visual Studio Code.app/Contents/Frameworks/Electron Framework.framework/Versions/A/Resources/ml_FEMININE.lproj/locale.pak	4.0K	CITATIONS_SOURCES	Possible citation/source registry material
/Users/sethadmin/ZZ_ARCHIVE_HOLD_iCloudDriveArchive_DO_NOT_USE_AS_ACTIVE_ROOT_20260524/Documents/Documents - SFMacBook Pro M5/LEGAL_AUTOMATION/watermelon-vscode/.vscode-test/vscode-darwin-arm64-1.109.5/Visual Studio Code.app/Contents/Frameworks/Electron Framework.framework/Versions/A/Resources/ca_MASCULINE.lproj/locale.pak	4.0K	CITATIONS_SOURCES	Possible citation/source registry material
/Users/sethadmin/ZZ_ARCHIVE_HOLD_iCloudDriveArchive_DO_NOT_USE_AS_ACTIVE_ROOT_20260524/Documents/Documents - SFMacBook Pro M5/LEGAL_AUTOMATION/watermelon-vscode/.vscode-test/vscode-darwin-arm64-1.109.5/Visual Studio Code.app/Contents/Frameworks/Electron Framework.framework/Versions/A/Resources/fr_FEMININE.lproj/locale.pak	4.0K	CITATIONS_SOURCES	Possible citation/source registry material
/Users/sethadmin/ZZ_ARCHIVE_HOLD_iCloudDriveArchive_DO_NOT_USE_AS_ACTIVE_ROOT_20260524/Documents/Documents - SFMacBook Pro M5/LEGAL_AUTOMATION/watermelon-vscode/.vscode-test/vscode-darwin-arm64-1.109.5/Visual Studio Code.app/Contents/Frameworks/Electron Framework.framework/Versions/A/Resources/pl_MASCULINE.lproj/locale.pak	4.0K	CITATIONS_SOURCES	Possible citation/source registry material
/Users/sethadmin/ZZ_ARCHIVE_HOLD_iCloudDriveArchive_DO_NOT_USE_AS_ACTIVE_ROOT_20260524/Documents/Documents - SFMacBook Pro M5/LEGAL_AUTOMATION/watermelon-vscode/.vscode-test/vscode-darwin-arm64-1.109.5/Visual Studio Code.app/Contents/Frameworks/Electron Framework.framework/Versions/A/Resources/ar_FEMININE.lproj/locale.pak	4.0K	CITATIONS_SOURCES	Possible citation/source registry material
/Users/sethadmin/ZZ_ARCHIVE_HOLD_iCloudDriveArchive_DO_NOT_USE_AS_ACTIVE_ROOT_20260524/Documents/Documents - SFMacBook Pro M5/LEGAL_AUTOMATION/watermelon-vscode/.vscode-test/vscode-darwin-arm64-1.109.5/Visual Studio Code.app/Contents/Frameworks/Electron Framework.framework/Versions/A/Resources/en_GB.lproj/locale.pak	512K	CITATIONS_SOURCES	Possible citation/source registry material
/Users/sethadmin/ZZ_ARCHIVE_HOLD_iCloudDriveArchive_DO_NOT_USE_AS_ACTIVE_ROOT_20260524/Documents/Documents - SFMacBook Pro M5/LEGAL_AUTOMATION/watermelon-vscode/.vscode-test/vscode-darwin-arm64-1.109.5/Visual Studio Code.app/Contents/Frameworks/Electron Framework.framework/Versions/A/Resources/es_419_MASCULINE.lproj/locale.pak	4.0K	CITATIONS_SOURCES	Possible citation/source registry material
/Users/sethadmin/ZZ_ARCHIVE_HOLD_iCloudDriveArchive_DO_NOT_USE_AS_ACTIVE_ROOT_20260524/Documents/Documents - SFMacBook Pro M5/LEGAL_AUTOMATION/watermelon-vscode/.vscode-test/vscode-darwin-arm64-1.109.5/Visual Studio Code.app/Contents/Frameworks/Electron Framework.framework/Versions/A/Resources/resources.pak	5.8M	CITATIONS_SOURCES	Possible citation/source registry material
/Users/sethadmin/ZZ_ARCHIVE_HOLD_iCloudDriveArchive_DO_NOT_USE_AS_ACTIVE_ROOT_20260524/Documents/Documents - SFMacBook Pro M5/LEGAL_AUTOMATION/watermelon-vscode/.vscode-test/vscode-darwin-arm64-1.109.5/Visual Studio Code.app/Contents/Frameworks/Electron Framework.framework/Versions/A/Resources/en_GB_NEUTER.lproj/locale.pak	4.0K	CITATIONS_SOURCES	Possible citation/source registry material
/Users/sethadmin/ZZ_ARCHIVE_HOLD_iCloudDriveArchive_DO_NOT_USE_AS_ACTIVE_ROOT_20260524/Documents/Documents - SFMacBook Pro M5/LEGAL_AUTOMATION/watermelon-vscode/.vscode-test/vscode-darwin-arm64-1.109.5/Visual Studio Code.app/Contents/Frameworks/Electron Framework.framework/Versions/A/Resources/mr_MASCULINE.lproj/locale.pak	4.0K	CITATIONS_SOURCES	Possible citation/source registry material
/Users/sethadmin/ZZ_ARCHIVE_HOLD_iCloudDriveArchive_DO_NOT_USE_AS_ACTIVE_ROOT_20260524/Documents/Documents - SFMacBook Pro M5/LEGAL_AUTOMATION/watermelon-vscode/.vscode-test/vscode-darwin-arm64-1.109.5/Visual Studio Code.app/Contents/Frameworks/Electron Framework.framework/Versions/A/Resources/de_NEUTER.lproj/locale.pak	4.0K	CITATIONS_SOURCES	Possible citation/source registry material
/Users/sethadmin/ZZ_ARCHIVE_HOLD_iCloudDriveArchive_DO_NOT_USE_AS_ACTIVE_ROOT_20260524/Documents/Documents - SFMacBook Pro M5/LEGAL_AUTOMATION/watermelon-vscode/.vscode-test/vscode-darwin-arm64-1.109.5/Visual Studio Code.app/Contents/Frameworks/Electron Framework.framework/Versions/A/Resources/vi.lproj/locale.pak	728K	CITATIONS_SOURCES	Possible citation/source registry material
/Users/sethadmin/ZZ_ARCHIVE_HOLD_iCloudDriveArchive_DO_NOT_USE_AS_ACTIVE_ROOT_20260524/Documents/Documents - SFMacBook Pro M5/LEGAL_AUTOMATION/watermelon-vscode/.vscode-test/vscode-darwin-arm64-1.109.5/Visual Studio Code.app/Contents/Frameworks/Electron Framework.framework/Versions/A/Resources/tr_FEMININE.lproj/locale.pak	4.0K	CITATIONS_SOURCES	Possible citation/source registry material
/Users/sethadmin/ZZ_ARCHIVE_HOLD_iCloudDriveArchive_DO_NOT_USE_AS_ACTIVE_ROOT_20260524/Documents/Documents - SFMacBook Pro M5/LEGAL_AUTOMATION/watermelon-vscode/.vscode-test/vscode-darwin-arm64-1.109.5/Visual Studio Code.app/Contents/Frameworks/Electron Framework.framework/Versions/A/Resources/cs_MASCULINE.lproj/locale.pak	4.0K	CITATIONS_SOURCES	Possible citation/source registry material
/Users/sethadmin/ZZ_ARCHIVE_HOLD_iCloudDriveArchive_DO_NOT_USE_AS_ACTIVE_ROOT_20260524/Documents/Documents - SFMacBook Pro M5/LEGAL_AUTOMATION/watermelon-vscode/.vscode-test/vscode-darwin-arm64-1.109.5/Visual Studio Code.app/Contents/Frameworks/Electron Framework.framework/Versions/A/Resources/fil_MASCULINE.lproj/locale.pak	4.0K	CITATIONS_SOURCES	Possible citation/source registry material
/Users/sethadmin/ZZ_ARCHIVE_HOLD_iCloudDriveArchive_DO_NOT_USE_AS_ACTIVE_ROOT_20260524/Documents/Documents - SFMacBook Pro M5/LEGAL_AUTOMATION/watermelon-vscode/.vscode-test/vscode-darwin-arm64-1.109.5/Visual Studio Code.app/Contents/Frameworks/Electron Framework.framework/Versions/A/Resources/hi_MASCULINE.lproj/locale.pak	4.0K	CITATIONS_SOURCES	Possible citation/source registry material
/Users/sethadmin/ZZ_ARCHIVE_HOLD_iCloudDriveArchive_DO_NOT_USE_AS_ACTIVE_ROOT_20260524/Documents/Documents - SFMacBook Pro M5/LEGAL_AUTOMATION/watermelon-vscode/.vscode-test/vscode-darwin-arm64-1.109.5/Visual Studio Code.app/Contents/Frameworks/Electron Framework.framework/Versions/A/Resources/es_419_FEMININE.lproj/locale.pak	4.0K	CITATIONS_SOURCES	Possible citation/source registry material
/Users/sethadmin/ZZ_ARCHIVE_HOLD_iCloudDriveArchive_DO_NOT_USE_AS_ACTIVE_ROOT_20260524/Documents/Documents - SFMacBook Pro M5/LEGAL_AUTOMATION/watermelon-vscode/.vscode-test/vscode-darwin-arm64-1.109.5/Visual Studio Code.app/Contents/Frameworks/Electron Framework.framework/Versions/A/Resources/it_FEMININE.lproj/locale.pak	4.0K	CITATIONS_SOURCES	Possible citation/source registry material
/Users/sethadmin/ZZ_ARCHIVE_HOLD_iCloudDriveArchive_DO_NOT_USE_AS_ACTIVE_ROOT_20260524/Documents/Documents - SFMacBook Pro M5/LEGAL_AUTOMATION/watermelon-vscode/.vscode-test/vscode-darwin-arm64-1.109.5/Visual Studio Code.app/Contents/Frameworks/Electron Framework.framework/Versions/A/Resources/lt_NEUTER.lproj/locale.pak	4.0K	CITATIONS_SOURCES	Possible citation/source registry material
/Users/sethadmin/ZZ_ARCHIVE_HOLD_iCloudDriveArchive_DO_NOT_USE_AS_ACTIVE_ROOT_20260524/Documents/Documents - SFMacBook Pro M5/LEGAL_AUTOMATION/watermelon-vscode/.vscode-test/vscode-darwin-arm64-1.109.5/Visual Studio Code.app/Contents/Frameworks/Electron Framework.framework/Versions/A/Resources/lv.lproj/locale.pak	684K	CITATIONS_SOURCES	Possible citation/source registry material
/Users/sethadmin/ZZ_ARCHIVE_HOLD_iCloudDriveArchive_DO_NOT_USE_AS_ACTIVE_ROOT_20260524/Documents/Documents - SFMacBook Pro M5/LEGAL_AUTOMATION/watermelon-vscode/.vscode-test/vscode-darwin-arm64-1.109.5/Visual Studio Code.app/Contents/Frameworks/Electron Framework.framework/Versions/A/Resources/kn_FEMININE.lproj/locale.pak	4.0K	CITATIONS_SOURCES	Possible citation/source registry material
/Users/sethadmin/ZZ_ARCHIVE_HOLD_iCloudDriveArchive_DO_NOT_USE_AS_ACTIVE_ROOT_20260524/Documents/Documents - SFMacBook Pro M5/LEGAL_AUTOMATION/watermelon-vscode/.vscode-test/vscode-darwin-arm64-1.109.5/Visual Studio Code.app/Contents/Frameworks/Electron Framework.framework/Versions/A/Resources/lt.lproj/locale.pak	684K	CITATIONS_SOURCES	Possible citation/source registry material
/Users/sethadmin/ZZ_ARCHIVE_HOLD_iCloudDriveArchive_DO_NOT_USE_AS_ACTIVE_ROOT_20260524/Documents/Documents - SFMacBook Pro M5/LEGAL_AUTOMATION/watermelon-vscode/.vscode-test/vscode-darwin-arm64-1.109.5/Visual Studio Code.app/Contents/Frameworks/Electron Framework.framework/Versions/A/Resources/ru.lproj/locale.pak	1.0M	CITATIONS_SOURCES	Possible citation/source registry material
/Users/sethadmin/ZZ_ARCHIVE_HOLD_iCloudDriveArchive_DO_NOT_USE_AS_ACTIVE_ROOT_20260524/Documents/Documents - SFMacBook Pro M5/LEGAL_AUTOMATION/watermelon-vscode/.vscode-test/vscode-darwin-arm64-1.109.5/Visual Studio Code.app/Contents/Frameworks/Electron Framework.framework/Versions/A/Resources/am_MASCULINE.lproj/locale.pak	4.0K	CITATIONS_SOURCES	Possible citation/source registry material
/Users/sethadmin/ZZ_ARCHIVE_HOLD_iCloudDriveArchive_DO_NOT_USE_AS_ACTIVE_ROOT_20260524/Documents/Documents - SFMacBook Pro M5/LEGAL_AUTOMATION/watermelon-vscode/.vscode-test/vscode-darwin-arm64-1.109.5/Visual Studio Code.app/Contents/Frameworks/Electron Framework.framework/Versions/A/Resources/da_FEMININE.lproj/locale.pak	4.0K	CITATIONS_SOURCES	Possible citation/source registry material
/Users/sethadmin/ZZ_ARCHIVE_HOLD_iCloudDriveArchive_DO_NOT_USE_AS_ACTIVE_ROOT_20260524/Documents/Documents - SFMacBook Pro M5/LEGAL_AUTOMATION/watermelon-vscode/.vscode-test/vscode-darwin-arm64-1.109.5/Visual Studio Code.app/Contents/Frameworks/Electron Framework.framework/Versions/A/Resources/pl_FEMININE.lproj/locale.pak	4.0K	CITATIONS_SOURCES	Possible citation/source registry material
/Users/sethadmin/ZZ_ARCHIVE_HOLD_iCloudDriveArchive_DO_NOT_USE_AS_ACTIVE_ROOT_20260524/Documents/Documents - SFMacBook Pro M5/LEGAL_AUTOMATION/watermelon-vscode/.vscode-test/vscode-darwin-arm64-1.109.5/Visual Studio Code.app/Contents/Frameworks/Electron Framework.framework/Versions/A/Resources/fa_NEUTER.lproj/locale.pak	4.0K	CITATIONS_SOURCES	Possible citation/source registry material
/Users/sethadmin/ZZ_ARCHIVE_HOLD_iCloudDriveArchive_DO_NOT_USE_AS_ACTIVE_ROOT_20260524/Documents/Documents - SFMacBook Pro M5/LEGAL_AUTOMATION/watermelon-vscode/.vscode-test/vscode-darwin-arm64-1.109.5/Visual Studio Code.app/Contents/Frameworks/Electron Framework.framework/Versions/A/Resources/el_FEMININE.lproj/locale.pak	4.0K	CITATIONS_SOURCES	Possible citation/source registry material
/Users/sethadmin/ZZ_ARCHIVE_HOLD_iCloudDriveArchive_DO_NOT_USE_AS_ACTIVE_ROOT_20260524/Documents/Documents - SFMacBook Pro M5/LEGAL_AUTOMATION/watermelon-vscode/.vscode-test/vscode-darwin-arm64-1.109.5/Visual Studio Code.app/Contents/Frameworks/Electron Framework.framework/Versions/A/Resources/zh_CN_NEUTER.lproj/locale.pak	4.0K	CITATIONS_SOURCES	Possible citation/source registry material
/Users/sethadmin/ZZ_ARCHIVE_HOLD_iCloudDriveArchive_DO_NOT_USE_AS_ACTIVE_ROOT_20260524/Documents/Documents - SFMacBook Pro M5/LEGAL_AUTOMATION/watermelon-vscode/.vscode-test/vscode-darwin-arm64-1.109.5/Visual Studio Code.app/Contents/Frameworks/Electron Framework.framework/Versions/A/Resources/lt_MASCULINE.lproj/locale.pak	4.0K	CITATIONS_SOURCES	Possible citation/source registry material
/Users/sethadmin/ZZ_ARCHIVE_HOLD_iCloudDriveArchive_DO_NOT_USE_AS_ACTIVE_ROOT_20260524/Documents/Documents - SFMacBook Pro M5/LEGAL_AUTOMATION/watermelon-vscode/.vscode-test/vscode-darwin-arm64-1.109.5/Visual Studio Code.app/Contents/Frameworks/Electron Framework.framework/Versions/A/Resources/fr_MASCULINE.lproj/locale.pak	4.0K	CITATIONS_SOURCES	Possible citation/source registry material
/Users/sethadmin/ZZ_ARCHIVE_HOLD_iCloudDriveArchive_DO_NOT_USE_AS_ACTIVE_ROOT_20260524/Documents/Documents - SFMacBook Pro M5/LEGAL_AUTOMATION/watermelon-vscode/.vscode-test/vscode-darwin-arm64-1.109.5/Visual Studio Code.app/Contents/Frameworks/Electron Framework.framework/Versions/A/Resources/af.lproj/locale.pak	560K	CITATIONS_SOURCES	Possible citation/source registry material
/Users/sethadmin/ZZ_ARCHIVE_HOLD_iCloudDriveArchive_DO_NOT_USE_AS_ACTIVE_ROOT_20260524/Documents/Documents - SFMacBook Pro M5/LEGAL_AUTOMATION/watermelon-vscode/.vscode-test/vscode-darwin-arm64-1.109.5/Visual Studio Code.app/Contents/Frameworks/Electron Framework.framework/Versions/A/Resources/pt_BR_MASCULINE.lproj/locale.pak	4.0K	CITATIONS_SOURCES	Possible citation/source registry material
/Users/sethadmin/ZZ_ARCHIVE_HOLD_iCloudDriveArchive_DO_NOT_USE_AS_ACTIVE_ROOT_20260524/Documents/Documents - SFMacBook Pro M5/LEGAL_AUTOMATION/watermelon-vscode/.vscode-test/vscode-darwin-arm64-1.109.5/Visual Studio Code.app/Contents/Frameworks/Electron Framework.framework/Versions/A/Resources/id_NEUTER.lproj/locale.pak	4.0K	CITATIONS_SOURCES	Possible citation/source registry material
/Users/sethadmin/ZZ_ARCHIVE_HOLD_iCloudDriveArchive_DO_NOT_USE_AS_ACTIVE_ROOT_20260524/Documents/Documents - SFMacBook Pro M5/LEGAL_AUTOMATION/watermelon-vscode/.vscode-test/vscode-darwin-arm64-1.109.5/Visual Studio Code.app/Contents/Frameworks/Electron Framework.framework/Versions/A/Resources/ar_NEUTER.lproj/locale.pak	4.0K	CITATIONS_SOURCES	Possible citation/source registry material
/Users/sethadmin/ZZ_ARCHIVE_HOLD_iCloudDriveArchive_DO_NOT_USE_AS_ACTIVE_ROOT_20260524/Documents/Documents - SFMacBook Pro M5/LEGAL_AUTOMATION/watermelon-vscode/.vscode-test/vscode-darwin-arm64-1.109.5/Visual Studio Code.app/Contents/Frameworks/Electron Framework.framework/Versions/A/Resources/bg_FEMININE.lproj/locale.pak	4.0K	CITATIONS_SOURCES	Possible citation/source registry material
/Users/sethadmin/ZZ_ARCHIVE_HOLD_iCloudDriveArchive_DO_NOT_USE_AS_ACTIVE_ROOT_20260524/Documents/Documents - SFMacBook Pro M5/LEGAL_AUTOMATION/watermelon-vscode/.vscode-test/vscode-darwin-arm64-1.109.5/Visual Studio Code.app/Contents/Frameworks/Electron Framework.framework/Versions/A/Resources/en_GB_FEMININE.lproj/locale.pak	4.0K	CITATIONS_SOURCES	Possible citation/source registry material
/Users/sethadmin/ZZ_ARCHIVE_HOLD_iCloudDriveArchive_DO_NOT_USE_AS_ACTIVE_ROOT_20260524/Documents/Documents - SFMacBook Pro M5/LEGAL_AUTOMATION/watermelon-vscode/.vscode-test/vscode-darwin-arm64-1.109.5/Visual Studio Code.app/Contents/Frameworks/Electron Framework.framework/Versions/A/Resources/bn_MASCULINE.lproj/locale.pak	4.0K	CITATIONS_SOURCES	Possible citation/source registry material
/Users/sethadmin/ZZ_ARCHIVE_HOLD_iCloudDriveArchive_DO_NOT_USE_AS_ACTIVE_ROOT_20260524/Documents/Documents - SFMacBook Pro M5/LEGAL_AUTOMATION/watermelon-vscode/.vscode-test/vscode-darwin-arm64-1.109.5/Visual Studio Code.app/Contents/Frameworks/Electron Framework.framework/Versions/A/Resources/ur_FEMININE.lproj/locale.pak	4.0K	CITATIONS_SOURCES	Possible citation/source registry material
/Users/sethadmin/ZZ_ARCHIVE_HOLD_iCloudDriveArchive_DO_NOT_USE_AS_ACTIVE_ROOT_20260524/Documents/Documents - SFMacBook Pro M5/LEGAL_AUTOMATION/watermelon-vscode/.vscode-test/vscode-darwin-arm64-1.109.5/Visual Studio Code.app/Contents/Frameworks/Electron Framework.framework/Versions/A/Resources/ja_FEMININE.lproj/locale.pak	4.0K	CITATIONS_SOURCES	Possible citation/source registry material
/Users/sethadmin/ZZ_ARCHIVE_HOLD_iCloudDriveArchive_DO_NOT_USE_AS_ACTIVE_ROOT_20260524/Documents/Documents - SFMacBook Pro M5/LEGAL_AUTOMATION/watermelon-vscode/.vscode-test/vscode-darwin-arm64-1.109.5/Visual Studio Code.app/Contents/Frameworks/Electron Framework.framework/Versions/A/Resources/fr.lproj/locale.pak	672K	CITATIONS_SOURCES	Possible citation/source registry material
/Users/sethadmin/ZZ_ARCHIVE_HOLD_iCloudDriveArchive_DO_NOT_USE_AS_ACTIVE_ROOT_20260524/Documents/Documents - SFMacBook Pro M5/LEGAL_AUTOMATION/watermelon-vscode/.vscode-test/vscode-darwin-arm64-1.109.5/Visual Studio Code.app/Contents/Frameworks/Electron Framework.framework/Versions/A/Resources/it_MASCULINE.lproj/locale.pak	4.0K	CITATIONS_SOURCES	Possible citation/source registry material
/Users/sethadmin/ZZ_ARCHIVE_HOLD_iCloudDriveArchive_DO_NOT_USE_AS_ACTIVE_ROOT_20260524/Documents/Documents - SFMacBook Pro M5/LEGAL_AUTOMATION/watermelon-vscode/.vscode-test/vscode-darwin-arm64-1.109.5/Visual Studio Code.app/Contents/Frameworks/Electron Framework.framework/Versions/A/Resources/fi.lproj/locale.pak	580K	CITATIONS_SOURCES	Possible citation/source registry material
/Users/sethadmin/ZZ_ARCHIVE_HOLD_iCloudDriveArchive_DO_NOT_USE_AS_ACTIVE_ROOT_20260524/Documents/Documents - SFMacBook Pro M5/LEGAL_AUTOMATION/watermelon-vscode/.vscode-test/vscode-darwin-arm64-1.109.5/Visual Studio Code.app/Contents/Frameworks/Electron Framework.framework/Versions/A/Resources/id.lproj/locale.pak	560K	CITATIONS_SOURCES	Possible citation/source registry material
/Users/sethadmin/ZZ_ARCHIVE_HOLD_iCloudDriveArchive_DO_NOT_USE_AS_ACTIVE_ROOT_20260524/Documents/Documents - SFMacBook Pro M5/LEGAL_AUTOMATION/watermelon-vscode/.vscode-test/vscode-darwin-arm64-1.109.5/Visual Studio Code.app/Contents/Frameworks/Electron Framework.framework/Versions/A/Resources/gu_MASCULINE.lproj/locale.pak	4.0K	CITATIONS_SOURCES	Possible citation/source registry material
/Users/sethadmin/ZZ_ARCHIVE_HOLD_iCloudDriveArchive_DO_NOT_USE_AS_ACTIVE_ROOT_20260524/Documents/Documents - SFMacBook Pro M5/LEGAL_AUTOMATION/watermelon-vscode/.vscode-test/vscode-darwin-arm64-1.109.5/Visual Studio Code.app/Contents/Frameworks/Electron Framework.framework/Versions/A/Resources/nl.lproj/locale.pak	588K	CITATIONS_SOURCES	Possible citation/source registry material
/Users/sethadmin/ZZ_ARCHIVE_HOLD_iCloudDriveArchive_DO_NOT_USE_AS_ACTIVE_ROOT_20260524/Documents/Documents - SFMacBook Pro M5/LEGAL_AUTOMATION/watermelon-vscode/.vscode-test/vscode-darwin-arm64-1.109.5/Visual Studio Code.app/Contents/Frameworks/Electron Framework.framework/Versions/A/Resources/th.lproj/locale.pak	1.2M	CITATIONS_SOURCES	Possible citation/source registry material
/Users/sethadmin/ZZ_ARCHIVE_HOLD_iCloudDriveArchive_DO_NOT_USE_AS_ACTIVE_ROOT_20260524/Documents/Documents - SFMacBook Pro M5/LEGAL_AUTOMATION/watermelon-vscode/.vscode-test/vscode-darwin-arm64-1.109.5/Visual Studio Code.app/Contents/Frameworks/Electron Framework.framework/Versions/A/Resources/fi_MASCULINE.lproj/locale.pak	4.0K	CITATIONS_SOURCES	Possible citation/source registry material
/Users/sethadmin/ZZ_ARCHIVE_HOLD_iCloudDriveArchive_DO_NOT_USE_AS_ACTIVE_ROOT_20260524/Documents/Documents - SFMacBook Pro M5/LEGAL_AUTOMATION/watermelon-vscode/.vscode-test/vscode-darwin-arm64-1.109.5/Visual Studio Code.app/Contents/Frameworks/Electron Framework.framework/Versions/A/Resources/sv_FEMININE.lproj/locale.pak	4.0K	CITATIONS_SOURCES	Possible citation/source registry material
/Users/sethadmin/ZZ_ARCHIVE_HOLD_iCloudDriveArchive_DO_NOT_USE_AS_ACTIVE_ROOT_20260524/Documents/Documents - SFMacBook Pro M5/LEGAL_AUTOMATION/watermelon-vscode/.vscode-test/vscode-darwin-arm64-1.109.5/Visual Studio Code.app/Contents/Frameworks/Electron Framework.framework/Versions/A/Resources/ms_MASCULINE.lproj/locale.pak	4.0K	CITATIONS_SOURCES	Possible citation/source registry material
/Users/sethadmin/ZZ_ARCHIVE_HOLD_iCloudDriveArchive_DO_NOT_USE_AS_ACTIVE_ROOT_20260524/Documents/Documents - SFMacBook Pro M5/LEGAL_AUTOMATION/watermelon-vscode/.vscode-test/vscode-darwin-arm64-1.109.5/Visual Studio Code.app/Contents/Frameworks/Electron Framework.framework/Versions/A/Resources/en_FEMININE.lproj/locale.pak	4.0K	CITATIONS_SOURCES	Possible citation/source registry material
/Users/sethadmin/ZZ_ARCHIVE_HOLD_iCloudDriveArchive_DO_NOT_USE_AS_ACTIVE_ROOT_20260524/Documents/Documents - SFMacBook Pro M5/LEGAL_AUTOMATION/watermelon-vscode/.vscode-test/vscode-darwin-arm64-1.109.5/Visual Studio Code.app/Contents/Frameworks/Electron Framework.framework/Versions/A/Resources/nb_NEUTER.lproj/locale.pak	4.0K	CITATIONS_SOURCES	Possible citation/source registry material
/Users/sethadmin/ZZ_ARCHIVE_HOLD_iCloudDriveArchive_DO_NOT_USE_AS_ACTIVE_ROOT_20260524/Documents/Documents - SFMacBook Pro M5/LEGAL_AUTOMATION/watermelon-vscode/.vscode-test/vscode-darwin-arm64-1.109.5/Visual Studio Code.app/Contents/Frameworks/Electron Framework.framework/Versions/A/Resources/am_NEUTER.lproj/locale.pak	4.0K	CITATIONS_SOURCES	Possible citation/source registry material
/Users/sethadmin/ZZ_ARCHIVE_HOLD_iCloudDriveArchive_DO_NOT_USE_AS_ACTIVE_ROOT_20260524/Documents/Documents - SFMacBook Pro M5/LEGAL_AUTOMATION/watermelon-vscode/.vscode-test/vscode-darwin-arm64-1.109.5/Visual Studio Code.app/Contents/Frameworks/Electron Framework.framework/Versions/A/Resources/bn.lproj/locale.pak	1.3M	CITATIONS_SOURCES	Possible citation/source registry material
/Users/sethadmin/ZZ_ARCHIVE_HOLD_iCloudDriveArchive_DO_NOT_USE_AS_ACTIVE_ROOT_20260524/Documents/Documents - SFMacBook Pro M5/LEGAL_AUTOMATION/watermelon-vscode/.vscode-test/vscode-darwin-arm64-1.109.5/Visual Studio Code.app/Contents/Frameworks/Electron Framework.framework/Versions/A/Resources/te_MASCULINE.lproj/locale.pak	4.0K	CITATIONS_SOURCES	Possible citation/source registry material
/Users/sethadmin/ZZ_ARCHIVE_HOLD_iCloudDriveArchive_DO_NOT_USE_AS_ACTIVE_ROOT_20260524/Documents/Documents - SFMacBook Pro M5/LEGAL_AUTOMATION/watermelon-vscode/.vscode-test/vscode-darwin-arm64-1.109.5/Visual Studio Code.app/Contents/Frameworks/Electron Framework.framework/Versions/A/Resources/sl_NEUTER.lproj/locale.pak	4.0K	CITATIONS_SOURCES	Possible citation/source registry material
/Users/sethadmin/ZZ_ARCHIVE_HOLD_iCloudDriveArchive_DO_NOT_USE_AS_ACTIVE_ROOT_20260524/Documents/Documents - SFMacBook Pro M5/LEGAL_AUTOMATION/watermelon-vscode/.vscode-test/vscode-darwin-arm64-1.109.5/Visual Studio Code.app/Contents/Frameworks/Electron Framework.framework/Versions/A/Resources/vi_NEUTER.lproj/locale.pak	4.0K	CITATIONS_SOURCES	Possible citation/source registry material
/Users/sethadmin/ZZ_ARCHIVE_HOLD_iCloudDriveArchive_DO_NOT_USE_AS_ACTIVE_ROOT_20260524/Documents/Documents - SFMacBook Pro M5/LEGAL_AUTOMATION/watermelon-vscode/.vscode-test/vscode-darwin-arm64-1.109.5/Visual Studio Code.app/Contents/Frameworks/Electron Framework.framework/Versions/A/Resources/sk_NEUTER.lproj/locale.pak	4.0K	CITATIONS_SOURCES	Possible citation/source registry material
/Users/sethadmin/ZZ_ARCHIVE_HOLD_iCloudDriveArchive_DO_NOT_USE_AS_ACTIVE_ROOT_20260524/Documents/Documents - SFMacBook Pro M5/LEGAL_AUTOMATION/watermelon-vscode/.vscode-test/vscode-darwin-arm64-1.109.5/Visual Studio Code.app/Contents/Frameworks/Electron Framework.framework/Versions/A/Resources/tr_NEUTER.lproj/locale.pak	4.0K	CITATIONS_SOURCES	Possible citation/source registry material
/Users/sethadmin/ZZ_ARCHIVE_HOLD_iCloudDriveArchive_DO_NOT_USE_AS_ACTIVE_ROOT_20260524/Documents/Documents - SFMacBook Pro M5/LEGAL_AUTOMATION/watermelon-vscode/.vscode-test/vscode-darwin-arm64-1.109.5/Visual Studio Code.app/Contents/Frameworks/Electron Framework.framework/Versions/A/Resources/hr_MASCULINE.lproj/locale.pak	4.0K	CITATIONS_SOURCES	Possible citation/source registry material
/Users/sethadmin/ZZ_ARCHIVE_HOLD_iCloudDriveArchive_DO_NOT_USE_AS_ACTIVE_ROOT_20260524/Documents/Documents - SFMacBook Pro M5/LEGAL_AUTOMATION/watermelon-vscode/.vscode-test/vscode-darwin-arm64-1.109.5/Visual Studio Code.app/Contents/Frameworks/Electron Framework.framework/Versions/A/Resources/hr_FEMININE.lproj/locale.pak	4.0K	CITATIONS_SOURCES	Possible citation/source registry material
/Users/sethadmin/ZZ_ARCHIVE_HOLD_iCloudDriveArchive_DO_NOT_USE_AS_ACTIVE_ROOT_20260524/Documents/Documents - SFMacBook Pro M5/LEGAL_AUTOMATION/watermelon-vscode/.vscode-test/vscode-darwin-arm64-1.109.5/Visual Studio Code.app/Contents/Frameworks/Electron Framework.framework/Versions/A/Resources/hu_MASCULINE.lproj/locale.pak	4.0K	CITATIONS_SOURCES	Possible citation/source registry material
/Users/sethadmin/ZZ_ARCHIVE_HOLD_iCloudDriveArchive_DO_NOT_USE_AS_ACTIVE_ROOT_20260524/Documents/Documents - SFMacBook Pro M5/LEGAL_AUTOMATION/watermelon-vscode/.vscode-test/vscode-darwin-arm64-1.109.5/Visual Studio Code.app/Contents/Frameworks/Electron Framework.framework/Versions/A/Resources/sr_NEUTER.lproj/locale.pak	4.0K	CITATIONS_SOURCES	Possible citation/source registry material
/Users/sethadmin/ZZ_ARCHIVE_HOLD_iCloudDriveArchive_DO_NOT_USE_AS_ACTIVE_ROOT_20260524/Documents/Documents - SFMacBook Pro M5/LEGAL_AUTOMATION/watermelon-vscode/.vscode-test/vscode-darwin-arm64-1.109.5/Visual Studio Code.app/Contents/Frameworks/Electron Framework.framework/Versions/A/Resources/ru_FEMININE.lproj/locale.pak	4.0K	CITATIONS_SOURCES	Possible citation/source registry material
/Users/sethadmin/ZZ_ARCHIVE_HOLD_iCloudDriveArchive_DO_NOT_USE_AS_ACTIVE_ROOT_20260524/Documents/Documents - SFMacBook Pro M5/LEGAL_AUTOMATION/watermelon-vscode/.vscode-test/vscode-darwin-arm64-1.109.5/Visual Studio Code.app/Contents/Frameworks/Electron Framework.framework/Versions/A/Resources/es_NEUTER.lproj/locale.pak	4.0K	CITATIONS_SOURCES	Possible citation/source registry material
/Users/sethadmin/ZZ_ARCHIVE_HOLD_iCloudDriveArchive_DO_NOT_USE_AS_ACTIVE_ROOT_20260524/Documents/Documents - SFMacBook Pro M5/LEGAL_AUTOMATION/watermelon-vscode/.vscode-test/vscode-darwin-arm64-1.109.5/Visual Studio Code.app/Contents/Frameworks/Electron Framework.framework/Versions/A/Resources/ro.lproj/locale.pak	640K	CITATIONS_SOURCES	Possible citation/source registry material
/Users/sethadmin/ZZ_ARCHIVE_HOLD_iCloudDriveArchive_DO_NOT_USE_AS_ACTIVE_ROOT_20260524/Documents/Documents - SFMacBook Pro M5/LEGAL_AUTOMATION/watermelon-vscode/.vscode-test/vscode-darwin-arm64-1.109.5/Visual Studio Code.app/Contents/Frameworks/Electron Framework.framework/Versions/A/Resources/et_NEUTER.lproj/locale.pak	4.0K	CITATIONS_SOURCES	Possible citation/source registry material
/Users/sethadmin/ZZ_ARCHIVE_HOLD_iCloudDriveArchive_DO_NOT_USE_AS_ACTIVE_ROOT_20260524/Documents/Documents - SFMacBook Pro M5/LEGAL_AUTOMATION/watermelon-vscode/.vscode-test/vscode-darwin-arm64-1.109.5/Visual Studio Code.app/Contents/Frameworks/Electron Framework.framework/Versions/A/Resources/de_MASCULINE.lproj/locale.pak	4.0K	CITATIONS_SOURCES	Possible citation/source registry material
/Users/sethadmin/ZZ_ARCHIVE_HOLD_iCloudDriveArchive_DO_NOT_USE_AS_ACTIVE_ROOT_20260524/Documents/Documents - SFMacBook Pro M5/LEGAL_AUTOMATION/watermelon-vscode/.vscode-test/vscode-darwin-arm64-1.109.5/Visual Studio Code.app/Contents/Frameworks/Electron Framework.framework/Versions/A/Resources/uk_MASCULINE.lproj/locale.pak	4.0K	CITATIONS_SOURCES	Possible citation/source registry material
/Users/sethadmin/ZZ_ARCHIVE_HOLD_iCloudDriveArchive_DO_NOT_USE_AS_ACTIVE_ROOT_20260524/Documents/Documents - SFMacBook Pro M5/LEGAL_AUTOMATION/watermelon-vscode/.vscode-test/vscode-darwin-arm64-1.109.5/Visual Studio Code.app/Contents/Frameworks/Electron Framework.framework/Versions/A/Resources/fa_MASCULINE.lproj/locale.pak	4.0K	CITATIONS_SOURCES	Possible citation/source registry material
/Users/sethadmin/ZZ_ARCHIVE_HOLD_iCloudDriveArchive_DO_NOT_USE_AS_ACTIVE_ROOT_20260524/Documents/Documents - SFMacBook Pro M5/LEGAL_AUTOMATION/watermelon-vscode/.vscode-test/vscode-darwin-arm64-1.109.5/Visual Studio Code.app/Contents/Frameworks/Electron Framework.framework/Versions/A/Resources/el_MASCULINE.lproj/locale.pak	4.0K	CITATIONS_SOURCES	Possible citation/source registry material
/Users/sethadmin/ZZ_ARCHIVE_HOLD_iCloudDriveArchive_DO_NOT_USE_AS_ACTIVE_ROOT_20260524/Documents/Documents - SFMacBook Pro M5/LEGAL_AUTOMATION/watermelon-vscode/.vscode-test/vscode-darwin-arm64-1.109.5/Visual Studio Code.app/Contents/Frameworks/Electron Framework.framework/Versions/A/Resources/de_FEMININE.lproj/locale.pak	4.0K	CITATIONS_SOURCES	Possible citation/source registry material
/Users/sethadmin/ZZ_ARCHIVE_HOLD_iCloudDriveArchive_DO_NOT_USE_AS_ACTIVE_ROOT_20260524/Documents/Documents - SFMacBook Pro M5/LEGAL_AUTOMATION/watermelon-vscode/.vscode-test/vscode-darwin-arm64-1.109.5/Visual Studio Code.app/Contents/Frameworks/Electron Framework.framework/Versions/A/Resources/pl_NEUTER.lproj/locale.pak	4.0K	CITATIONS_SOURCES	Possible citation/source registry material
/Users/sethadmin/ZZ_ARCHIVE_HOLD_iCloudDriveArchive_DO_NOT_USE_AS_ACTIVE_ROOT_20260524/Documents/Documents - SFMacBook Pro M5/LEGAL_AUTOMATION/watermelon-vscode/.vscode-test/vscode-darwin-arm64-1.109.5/Visual Studio Code.app/Contents/Frameworks/Electron Framework.framework/Versions/A/Resources/gu_FEMININE.lproj/locale.pak	4.0K	CITATIONS_SOURCES	Possible citation/source registry material
/Users/sethadmin/ZZ_ARCHIVE_HOLD_iCloudDriveArchive_DO_NOT_USE_AS_ACTIVE_ROOT_20260524/Documents/Documents - SFMacBook Pro M5/LEGAL_AUTOMATION/watermelon-vscode/.vscode-test/vscode-darwin-arm64-1.109.5/Visual Studio Code.app/Contents/Frameworks/Electron Framework.framework/Versions/A/Resources/Info.plist	4.0K	CITATIONS_SOURCES	Possible citation/source registry material
/Users/sethadmin/ZZ_ARCHIVE_HOLD_iCloudDriveArchive_DO_NOT_USE_AS_ACTIVE_ROOT_20260524/Documents/Documents - SFMacBook Pro M5/LEGAL_AUTOMATION/watermelon-vscode/.vscode-test/vscode-darwin-arm64-1.109.5/Visual Studio Code.app/Contents/Frameworks/Electron Framework.framework/Versions/A/Resources/bn_FEMININE.lproj/locale.pak	4.0K	CITATIONS_SOURCES	Possible citation/source registry material
/Users/sethadmin/ZZ_ARCHIVE_HOLD_iCloudDriveArchive_DO_NOT_USE_AS_ACTIVE_ROOT_20260524/Documents/Documents - SFMacBook Pro M5/LEGAL_AUTOMATION/watermelon-vscode/.vscode-test/vscode-darwin-arm64-1.109.5/Visual Studio Code.app/Contents/Frameworks/Electron Framework.framework/Versions/A/Resources/hu_FEMININE.lproj/locale.pak	4.0K	CITATIONS_SOURCES	Possible citation/source registry material
/Users/sethadmin/ZZ_ARCHIVE_HOLD_iCloudDriveArchive_DO_NOT_USE_AS_ACTIVE_ROOT_20260524/Documents/Documents - SFMacBook Pro M5/LEGAL_AUTOMATION/watermelon-vscode/.vscode-test/vscode-darwin-arm64-1.109.5/Visual Studio Code.app/Contents/Frameworks/Electron Framework.framework/Versions/A/Resources/vi_MASCULINE.lproj/locale.pak	4.0K	CITATIONS_SOURCES	Possible citation/source registry material
/Users/sethadmin/ZZ_ARCHIVE_HOLD_iCloudDriveArchive_DO_NOT_USE_AS_ACTIVE_ROOT_20260524/Documents/Documents - SFMacBook Pro M5/LEGAL_AUTOMATION/watermelon-vscode/.vscode-test/vscode-darwin-arm64-1.109.5/Visual Studio Code.app/Contents/Frameworks/Electron Framework.framework/Versions/A/Resources/el_NEUTER.lproj/locale.pak	4.0K	CITATIONS_SOURCES	Possible citation/source registry material
/Users/sethadmin/ZZ_ARCHIVE_HOLD_iCloudDriveArchive_DO_NOT_USE_AS_ACTIVE_ROOT_20260524/Documents/Documents - SFMacBook Pro M5/LEGAL_AUTOMATION/watermelon-vscode/.vscode-test/vscode-darwin-arm64-1.109.5/Visual Studio Code.app/Contents/Frameworks/Electron Framework.framework/Versions/A/Resources/sr_MASCULINE.lproj/locale.pak	4.0K	CITATIONS_SOURCES	Possible citation/source registry material
/Users/sethadmin/ZZ_ARCHIVE_HOLD_iCloudDriveArchive_DO_NOT_USE_AS_ACTIVE_ROOT_20260524/Documents/Documents - SFMacBook Pro M5/LEGAL_AUTOMATION/watermelon-vscode/.vscode-test/vscode-darwin-arm64-1.109.5/Visual Studio Code.app/Contents/Frameworks/Electron Framework.framework/Versions/A/Resources/sw_FEMININE.lproj/locale.pak	4.0K	CITATIONS_SOURCES	Possible citation/source registry material
/Users/sethadmin/ZZ_ARCHIVE_HOLD_iCloudDriveArchive_DO_NOT_USE_AS_ACTIVE_ROOT_20260524/Documents/Documents - SFMacBook Pro M5/LEGAL_AUTOMATION/watermelon-vscode/.vscode-test/vscode-darwin-arm64-1.109.5/Visual Studio Code.app/Contents/Frameworks/Electron Framework.framework/Versions/A/Resources/hr.lproj/locale.pak	632K	CITATIONS_SOURCES	Possible citation/source registry material
/Users/sethadmin/ZZ_ARCHIVE_HOLD_iCloudDriveArchive_DO_NOT_USE_AS_ACTIVE_ROOT_20260524/Documents/Documents - SFMacBook Pro M5/LEGAL_AUTOMATION/watermelon-vscode/.vscode-test/vscode-darwin-arm64-1.109.5/Visual Studio Code.app/Contents/Frameworks/Electron Framework.framework/Versions/A/Resources/hi.lproj/locale.pak	1.4M	CITATIONS_SOURCES	Possible citation/source registry material
/Users/sethadmin/ZZ_ARCHIVE_HOLD_iCloudDriveArchive_DO_NOT_USE_AS_ACTIVE_ROOT_20260524/Documents/Documents - SFMacBook Pro M5/LEGAL_AUTOMATION/watermelon-vscode/.vscode-test/vscode-darwin-arm64-1.109.5/Visual Studio Code.app/Contents/Frameworks/Electron Framework.framework/Versions/A/Resources/ro_NEUTER.lproj/locale.pak	4.0K	CITATIONS_SOURCES	Possible citation/source registry material
/Users/sethadmin/ZZ_ARCHIVE_HOLD_iCloudDriveArchive_DO_NOT_USE_AS_ACTIVE_ROOT_20260524/Documents/Documents - SFMacBook Pro M5/LEGAL_AUTOMATION/watermelon-vscode/.vscode-test/vscode-darwin-arm64-1.109.5/Visual Studio Code.app/Contents/Frameworks/Electron Framework.framework/Versions/A/Resources/ca.lproj/locale.pak	632K	CITATIONS_SOURCES	Possible citation/source registry material
/Users/sethadmin/ZZ_ARCHIVE_HOLD_iCloudDriveArchive_DO_NOT_USE_AS_ACTIVE_ROOT_20260524/Documents/Documents - SFMacBook Pro M5/LEGAL_AUTOMATION/watermelon-vscode/.vscode-test/vscode-darwin-arm64-1.109.5/Visual Studio Code.app/Contents/Frameworks/Electron Framework.framework/Versions/A/Resources/fr_NEUTER.lproj/locale.pak	4.0K	CITATIONS_SOURCES	Possible citation/source registry material
/Users/sethadmin/ZZ_ARCHIVE_HOLD_iCloudDriveArchive_DO_NOT_USE_AS_ACTIVE_ROOT_20260524/Documents/Documents - SFMacBook Pro M5/LEGAL_AUTOMATION/watermelon-vscode/.vscode-test/vscode-darwin-arm64-1.109.5/Visual Studio Code.app/Contents/Frameworks/Electron Framework.framework/Versions/A/Resources/nl_MASCULINE.lproj/locale.pak	4.0K	CITATIONS_SOURCES	Possible citation/source registry material
/Users/sethadmin/ZZ_ARCHIVE_HOLD_iCloudDriveArchive_DO_NOT_USE_AS_ACTIVE_ROOT_20260524/Documents/Documents - SFMacBook Pro M5/LEGAL_AUTOMATION/watermelon-vscode/.vscode-test/vscode-darwin-arm64-1.109.5/Visual Studio Code.app/Contents/Frameworks/Electron Framework.framework/Versions/A/Resources/zh_CN_MASCULINE.lproj/locale.pak	4.0K	CITATIONS_SOURCES	Possible citation/source registry material
/Users/sethadmin/ZZ_ARCHIVE_HOLD_iCloudDriveArchive_DO_NOT_USE_AS_ACTIVE_ROOT_20260524/Documents/Documents - SFMacBook Pro M5/LEGAL_AUTOMATION/watermelon-vscode/.vscode-test/vscode-darwin-arm64-1.109.5/Visual Studio Code.app/Contents/Frameworks/ReactiveObjC.framework/Versions/A/_CodeSignature/CodeResources	4.0K	CITATIONS_SOURCES	Possible citation/source registry material
/Users/sethadmin/ZZ_ARCHIVE_HOLD_iCloudDriveArchive_DO_NOT_USE_AS_ACTIVE_ROOT_20260524/Documents/Documents - SFMacBook Pro M5/LEGAL_AUTOMATION/watermelon-vscode/.vscode-test/vscode-darwin-arm64-1.109.5/Visual Studio Code.app/Contents/Frameworks/ReactiveObjC.framework/Versions/A/Resources/Info.plist	4.0K	CITATIONS_SOURCES	Possible citation/source registry material
/Users/sethadmin/ZZ_ARCHIVE_HOLD_iCloudDriveArchive_DO_NOT_USE_AS_ACTIVE_ROOT_20260524/Documents/Documents - SFMacBook Pro M5/LEGAL_AUTOMATION/watermelon-vscode/.vscode-test/vscode-darwin-arm64-1.109.5/Visual Studio Code.app/Contents/Frameworks/Code Helper (Plugin).app/Contents/_CodeSignature/CodeResources	4.0K	CITATIONS_SOURCES	Possible citation/source registry material
/Users/sethadmin/ZZ_ARCHIVE_HOLD_iCloudDriveArchive_DO_NOT_USE_AS_ACTIVE_ROOT_20260524/Documents/Documents - SFMacBook Pro M5/LEGAL_AUTOMATION/watermelon-vscode/.vscode-test/vscode-darwin-arm64-1.109.5/Visual Studio Code.app/Contents/Frameworks/Squirrel.framework/Versions/A/_CodeSignature/CodeResources	4.0K	CITATIONS_SOURCES	Possible citation/source registry material
/Users/sethadmin/ZZ_ARCHIVE_HOLD_iCloudDriveArchive_DO_NOT_USE_AS_ACTIVE_ROOT_20260524/Documents/Documents - SFMacBook Pro M5/LEGAL_AUTOMATION/watermelon-vscode/.vscode-test/vscode-darwin-arm64-1.109.5/Visual Studio Code.app/Contents/Frameworks/Squirrel.framework/Versions/A/Resources/ShipIt	156K	CITATIONS_SOURCES	Possible citation/source registry material
/Users/sethadmin/ZZ_ARCHIVE_HOLD_iCloudDriveArchive_DO_NOT_USE_AS_ACTIVE_ROOT_20260524/Documents/Documents - SFMacBook Pro M5/LEGAL_AUTOMATION/watermelon-vscode/.vscode-test/vscode-darwin-arm64-1.109.5/Visual Studio Code.app/Contents/Frameworks/Squirrel.framework/Versions/A/Resources/Info.plist	4.0K	CITATIONS_SOURCES	Possible citation/source registry material
/Users/sethadmin/ZZ_ARCHIVE_HOLD_iCloudDriveArchive_DO_NOT_USE_AS_ACTIVE_ROOT_20260524/Documents/Documents - SFMacBook Pro M5/LEGAL_AUTOMATION/watermelon-vscode/.vscode-test/vscode-darwin-arm64-1.109.5/Visual Studio Code.app/Contents/Frameworks/Code Helper (GPU).app/Contents/_CodeSignature/CodeResources	4.0K	CITATIONS_SOURCES	Possible citation/source registry material
/Users/sethadmin/ZZ_ARCHIVE_HOLD_iCloudDriveArchive_DO_NOT_USE_AS_ACTIVE_ROOT_20260524/Documents/Documents - SFMacBook Pro M5/LEGAL_AUTOMATION/watermelon-vscode/.vscode-test/vscode-darwin-arm64-1.109.5/Visual Studio Code.app/Contents/Frameworks/Mantle.framework/Versions/A/_CodeSignature/CodeResources	4.0K	CITATIONS_SOURCES	Possible citation/source registry material
/Users/sethadmin/ZZ_ARCHIVE_HOLD_iCloudDriveArchive_DO_NOT_USE_AS_ACTIVE_ROOT_20260524/Documents/Documents - SFMacBook Pro M5/LEGAL_AUTOMATION/watermelon-vscode/.vscode-test/vscode-darwin-arm64-1.109.5/Visual Studio Code.app/Contents/Frameworks/Mantle.framework/Versions/A/Resources/Info.plist	4.0K	CITATIONS_SOURCES	Possible citation/source registry material
/Users/sethadmin/ZZ_ARCHIVE_HOLD_iCloudDriveArchive_DO_NOT_USE_AS_ACTIVE_ROOT_20260524/Documents/Documents - SFMacBook Pro M5/LEGAL_AUTOMATION/watermelon-vscode/.vscode-test/vscode-darwin-arm64-1.109.5/Visual Studio Code.app/Contents/Frameworks/Code Helper.app/Contents/_CodeSignature/CodeResources	4.0K	CITATIONS_SOURCES	Possible citation/source registry material
/Users/sethadmin/ZZ_ARCHIVE_HOLD_iCloudDriveArchive_DO_NOT_USE_AS_ACTIVE_ROOT_20260524/Documents/Documents - SFMacBook Pro M5/LEGAL_AUTOMATION/watermelon-vscode/.vscode-test/vscode-darwin-arm64-1.109.5/Visual Studio Code.app/Contents/Frameworks/Code Helper (Renderer).app/Contents/_CodeSignature/CodeResources	4.0K	CITATIONS_SOURCES	Possible citation/source registry material
/Users/sethadmin/ZZ_ARCHIVE_HOLD_iCloudDriveArchive_DO_NOT_USE_AS_ACTIVE_ROOT_20260524/Capstone Seminar /Booth_findingandevaluatingresources.pdf	2.0M	CITATIONS_SOURCES	Possible citation/source registry material
/Users/sethadmin/ZZ_ARCHIVE_HOLD_iCloudDriveArchive_DO_NOT_USE_AS_ACTIVE_ROOT_20260524/Downloads/CSCI 132 Practical UNIX & Programming [Class 7662 at Hunter College] - 332025 - 652 PM/2. Resources, computing facilities and required instructional materials.html	12K	CITATIONS_SOURCES	Possible citation/source registry material
/Users/sethadmin/ZZ_ARCHIVE_HOLD_iCloudDriveArchive_DO_NOT_USE_AS_ACTIVE_ROOT_20260524/Downloads/The NYC Human Resources Administration Updates to Services and Requirements .pdf	112K	CITATIONS_SOURCES	Possible citation/source registry material
