scenario,voucher_units,avg_monthly_subsidy,conversion_rate,avg_maintenance_cost,discount_rate,social_roi_factor,annual_spending,ten_year_spending,converted_units,net_savings_10yr,community_roi,fiscal_exposure,status,mu_roi,sigma_roi,risk_index,p_budget_surplus
Baseline Reform,25000,2200,0.25,1200,0.05,1.4,660000000.0,6600000000.0,6250.0,1567500000.0,2194500000.0,-1492500000.0,budget-neutral with surplus,2192626388.96,397992767.16,0.181514,1.0
Stress Costs,40000,2000,0.15,1500,0.04,1.3,960000000.0,9600000000.0,6000.0,1382400000.0,1797120000.0,-1292400000.0,budget-neutral with surplus,1797069112.63,324280236.42,0.18045,1.0
"High Conversion, Tight Maintenance",30000,2100,0.35,1300,0.05,1.45,756000000.0,7560000000.0,10500.0,2513700000.0,3644865000.0,-2377200000.0,budget-neutral with surplus,3641446401.49,661443783.19,0.181643,1.0
